date,value
2008-01-02,0.74735785
2008-01-03,0.57677513
2008-01-04,0.9783356
2008-01-07,1.1510324
2008-01-08,-0.4920946
2008-01-09,1.3472286
2008-01-10,0.8926352
2008-01-11,0.38970459
2008-01-14,0.47553244
2008-01-15,-0.58333516
2008-01-16,-3.0
2008-01-17,-2.3019693
2008-01-18,0.7768489
2008-01-21,-3.0
2008-01-22,-3.0
2008-01-23,3.0
2008-01-24,0.8988925
2008-01-25,0.8557927
2008-01-28,-3.0
2008-01-29,0.53437644
2008-01-30,-0.9968631
2008-01-31,-1.7417723
2008-02-01,-0.9689975
2008-02-04,3.0
2008-02-05,-0.5437836
2008-02-13,-1.9490594
2008-02-14,1.1529765
2008-02-15,-1.2567796
2008-02-18,1.7741476
2008-02-19,1.957383
2008-02-20,-2.0229995
2008-02-21,-0.6278161
2008-02-22,-3.0
2008-02-25,-3.0
2008-02-26,-0.11818727
2008-02-27,2.4174688
2008-02-28,-0.37458724
2008-02-29,0.97773015
2008-03-03,2.1807756
2008-03-04,-2.2591085
2008-03-05,-0.8437562
2008-03-06,1.0496624
2008-03-07,-1.2393091
2008-03-10,-3.0
2008-03-11,0.15856747
2008-03-12,-2.6737998
2008-03-13,-2.3232484
2008-03-14,-0.90644056
2008-03-17,-3.0
2008-03-18,-3.0
2008-03-19,2.9231086
2008-03-20,2.554449
2008-03-21,0.76725584
2008-03-24,-3.0
2008-03-25,1.0904143
2008-03-26,0.16174392
2008-03-27,-3.0
2008-03-28,3.0
2008-03-31,-2.9371953
2008-04-01,-3.0
2008-04-02,-0.90191495
2008-04-03,2.5457273
2008-04-07,3.0
2008-04-08,1.0138608
2008-04-09,-3.0
2008-04-10,1.5746475
2008-04-11,0.654221
2008-04-14,-3.0
2008-04-15,1.1493326
2008-04-16,-2.2548645
2008-04-17,-2.7733374
2008-04-18,-3.0
2008-04-21,-0.16905294
2008-04-22,0.74898326
2008-04-23,3.0
2008-04-24,3.0
2008-04-25,0.6400704
2008-04-28,-1.7664561
2008-04-29,1.1076458
2008-04-30,3.0
2008-05-05,2.1413622
2008-05-06,-1.0207715
2008-05-07,-3.0
2008-05-08,2.3845146
2008-05-09,-1.0814639
2008-05-12,0.5628582
2008-05-13,-1.2492527
2008-05-14,2.8368132
2008-05-15,-0.65515053
2008-05-16,-0.30450353
2008-05-19,-0.5335956
2008-05-20,-3.0
2008-05-21,1.7002712
2008-05-22,-1.7211838
2008-05-23,-0.90593594
2008-05-26,-2.8455245
2008-05-27,0.39076695
2008-05-28,2.4583802
2008-05-29,-2.3460996
2008-05-30,0.72372043
2008-06-02,0.3233285
2008-06-03,-0.32231927
2008-06-04,-1.6912891
2008-06-05,-0.90819347
2008-06-06,-0.6087521
2008-06-10,-3.0
2008-06-11,-1.8759745
2008-06-12,-1.6141088
2008-06-13,-3.0
2008-06-16,-0.8383222
2008-06-17,-3.0
2008-06-18,3.0
2008-06-19,-3.0
2008-06-20,2.4270089
2008-06-23,-1.9022201
2008-06-24,1.9452085
2008-06-25,3.0
2008-06-26,0.30683008
2008-06-27,-3.0
2008-06-30,-0.8002898
2008-07-01,-3.0
2008-07-02,0.0068947
2008-07-03,1.9797987
2008-07-04,-0.6399907
2008-07-07,3.0
2008-07-08,0.5553899
2008-07-09,3.0
2008-07-10,-1.2579746
2008-07-11,-0.6406441
2008-07-14,0.6407715
2008-07-15,-3.0
2008-07-16,-3.0
2008-07-17,-0.9278896
2008-07-18,3.0
2008-07-21,2.9912694
2008-07-22,-0.22749855
2008-07-23,-0.6916372
2008-07-24,2.8722427
2008-07-25,-1.1765821
2008-07-28,0.6220209
2008-07-29,-1.6964628
2008-07-30,-0.6860067
2008-07-31,-2.4805782
2008-08-01,1.0958749
2008-08-04,-2.1562352
2008-08-05,-2.2861614
2008-08-06,0.5792929
2008-08-07,-0.07535833
2008-08-08,-3.0
2008-08-11,-3.0
2008-08-12,-0.493465
2008-08-13,-0.0155316675
2008-08-14,-0.076680966
2008-08-15,0.11525516
2008-08-18,-3.0
2008-08-19,1.316569
2008-08-20,3.0
2008-08-21,-3.0
2008-08-22,-1.4583406
2008-08-25,-0.19669017
2008-08-26,-2.5965133
2008-08-27,-0.27289838
2008-08-28,0.3708265
2008-08-29,2.0935135
2008-09-01,-3.0
2008-09-02,-0.95135176
2008-09-03,-1.5725706
2008-09-04,0.17122015
2008-09-05,-2.715014
2008-09-08,-2.3573341
2008-09-09,0.49477175
2008-09-10,0.13353834
2008-09-11,-2.9887729
2008-09-12,0.21161099
2008-09-16,-3.0
2008-09-17,-3.0
2008-09-18,-1.5655324
2008-09-19,3.0
2008-09-22,3.0
2008-09-23,-3.0
2008-09-24,0.6108662
2008-09-25,3.0
2008-09-26,0.7722064
2008-10-06,-3.0
2008-10-07,-1.1332539
2008-10-08,-3.0
2008-10-09,-1.2495874
2008-10-10,-3.0
2008-10-13,3.0
2008-10-14,-2.3175116
2008-10-15,-0.96779174
2008-10-16,-3.0
2008-10-17,0.57047534
2008-10-20,3.0
2008-10-21,-0.75451815
2008-10-22,-2.3119502
2008-10-23,0.03643886
2008-10-24,-2.6174896
2008-10-27,-3.0
2008-10-28,2.7203789
2008-10-29,-2.5209901
2008-10-30,2.084834
2008-10-31,-1.8189791
2008-11-03,-0.57638204
2008-11-04,-1.4239521
2008-11-05,3.0
2008-11-06,-2.228518
2008-11-07,1.4808626
2008-11-10,3.0
2008-11-11,-1.038704
2008-11-12,0.98927784
2008-11-13,3.0
2008-11-14,3.0
2008-11-17,1.9633535
2008-11-18,-3.0
2008-11-19,3.0
2008-11-20,-0.98046565
2008-11-21,-0.5736306
2008-11-24,-3.0
2008-11-25,-0.19675392
2008-11-26,0.41263026
2008-11-27,1.2697616
2008-11-28,-1.9663123
2008-12-01,1.6350956
2008-12-02,0.1771906
2008-12-03,3.0
2008-12-04,1.3466337
2008-12-05,1.3249829
2008-12-08,3.0
2008-12-09,-2.3394334
2008-12-10,2.3911223
2008-12-11,-2.1622534
2008-12-12,-3.0
2008-12-15,0.63177335
2008-12-16,0.8416952
2008-12-17,0.2770522
2008-12-18,1.9106393
2008-12-19,0.27116674
2008-12-22,-1.5354412
2008-12-23,-3.0
2008-12-24,-1.5149058
2008-12-25,-0.80462426
2008-12-26,-0.44735342
2008-12-29,-0.38561982
2008-12-30,-1.058857
2008-12-31,-0.79814386
2009-01-05,3.0
2009-01-06,2.7975378
2009-01-07,-0.567267
2009-01-08,-2.027318
2009-01-09,1.3993267
2009-01-12,0.073483266
2009-01-13,-2.0992131
2009-01-14,3.0
2009-01-15,-0.051253438
2009-01-16,1.5766554
2009-01-19,0.9619541
2009-01-20,0.52910715
2009-01-21,-0.18752202
2009-01-22,0.9724502
2009-01-23,-0.55173004
2009-02-02,1.0345237
2009-02-03,2.2117434
2009-02-04,2.3955843
2009-02-05,-0.66965175
2009-02-06,3.0
2009-02-09,2.3313646
2009-02-10,1.132898
2009-02-11,0.13348521
2009-02-12,-0.52352446
2009-02-13,3.0
2009-02-16,2.3125398
2009-02-17,-2.8195498
2009-02-18,-3.0
2009-02-19,0.8493654
2009-02-20,1.7456127
2009-02-23,2.4806473
2009-02-24,-3.0
2009-02-25,0.05859964
2009-02-26,-3.0
2009-02-27,-2.056485
2009-03-02,0.9721952
2009-03-03,-0.96118385
2009-03-04,3.0
2009-03-05,0.7366068
2009-03-06,-0.74360245
2009-03-09,-3.0
2009-03-10,1.5134557
2009-03-11,-0.8457906
2009-03-12,-0.22222394
2009-03-13,-0.44776773
2009-03-16,1.4280634
2009-03-17,3.0
2009-03-18,0.35889623
2009-03-19,1.8724476
2009-03-20,-0.13635358
2009-03-23,2.1958292
2009-03-24,0.4181758
2009-03-25,-1.8683574
2009-03-26,2.8774695
2009-03-27,0.6535198
2009-03-30,-0.5494832
2009-03-31,0.8014425
2009-04-01,1.4024394
2009-04-02,0.9510543
2009-04-03,-0.23836115
2009-04-07,0.18912087
2009-04-08,-3.0
2009-04-09,1.343011
2009-04-10,2.7216325
2009-04-13,2.0596244
2009-04-14,0.6484205
2009-04-15,0.30245316
2009-04-16,-0.030542776
2009-04-17,-1.2420818
2009-04-20,1.8811588
2009-04-21,-1.0950091
2009-04-22,-3.0
2009-04-23,0.56345314
2009-04-24,-0.7448348
2009-04-27,-2.0986128
2009-04-28,0.15137532
2009-04-29,3.0
2009-04-30,0.56610906
2009-05-04,3.0
2009-05-05,0.38300112
2009-05-06,1.2062857
2009-05-07,0.03319867
2009-05-08,0.6787508
2009-05-11,-2.0761228
2009-05-12,2.0337346
2009-05-13,0.77871865
2009-05-14,-0.71235853
2009-05-15,0.0779133
2009-05-18,0.42637718
2009-05-19,0.90133595
2009-05-20,-0.88847613
2009-05-21,-2.0257564
2009-05-22,-0.33683637
2009-05-25,0.3570796
2009-05-26,-1.1011866
2009-05-27,1.2745634
2009-06-01,3.0
2009-06-02,0.1762876
2009-06-03,2.2762816
2009-06-04,0.40110368
2009-06-05,-0.47021005
2009-06-08,0.24370481
2009-06-09,0.33065876
2009-06-10,0.83972985
2009-06-11,-0.868031
2009-06-12,-1.6996922
2009-06-15,1.8025445
2009-06-16,-0.1837666
2009-06-17,1.451329
2009-06-18,1.3521367
2009-06-19,0.6235613
2009-06-22,0.039742794
2009-06-23,0.004121947
2009-06-24,1.0300512
2009-06-25,-0.114607126
2009-06-26,0.2657275
2009-06-29,1.4341083
2009-06-30,-0.4126568
2009-07-01,1.9758998
2009-07-02,1.1891711
2009-07-03,1.181299
2009-07-06,1.2410567
2009-07-07,-0.9390922
2009-07-08,0.27977183
2009-07-09,1.1362444
2009-07-10,0.018251302
2009-07-13,-1.012517
2009-07-14,2.4511774
2009-07-15,0.96007365
2009-07-16,0.1680437
2009-07-17,0.43825433
2009-07-20,1.7711836
2009-07-21,-1.3072202
2009-07-22,1.6546855
2009-07-23,1.0785478
2009-07-24,0.34596732
2009-07-27,1.8140179
2009-07-28,0.25584754
2009-07-29,-3.0
2009-07-30,1.8766758
2009-07-31,2.4125607
2009-08-03,1.2162611
2009-08-04,-0.044225942
2009-08-05,-1.1094306
2009-08-06,-1.8881279
2009-08-07,-2.6624432
2009-08-10,-0.2989952
2009-08-11,0.26318845
2009-08-12,-3.0
2009-08-13,1.1045649
2009-08-14,-2.5300574
2009-08-17,-3.0
2009-08-18,0.86565137
2009-08-19,-3.0
2009-08-20,3.0
2009-08-21,1.6444019
2009-08-24,0.6882058
2009-08-25,-3.0
2009-08-26,1.7582442
2009-08-27,-0.48624098
2009-08-28,-3.0
2009-08-31,-3.0
2009-09-01,0.388451
2009-09-02,1.4456029
2009-09-03,3.0
2009-09-04,0.70080537
2009-09-07,0.74946135
2009-09-08,1.8821573
2009-09-09,0.63847685
2009-09-10,-0.92683786
2009-09-11,2.084951
2009-09-14,1.4864506
2009-09-15,0.21586041
2009-09-16,-1.2326216
2009-09-17,1.6575645
2009-09-18,-3.0
2009-09-21,0.2139163
2009-09-22,-2.1890726
2009-09-23,-2.0539992
2009-09-24,0.5730144
2009-09-25,-0.6822566
2009-09-28,-2.5368407
2009-09-29,-0.045097075
2009-09-30,0.9406219
2009-10-09,3.0
2009-10-12,-0.37455007
2009-10-13,1.2913486
2009-10-14,0.7703154
2009-10-15,0.30370677
2009-10-16,0.02243699
2009-10-19,2.369652
2009-10-20,1.2616451
2009-10-21,-0.25309604
2009-10-22,-0.61535466
2009-10-23,1.7209448
2009-10-26,-0.008615719
2009-10-27,-2.6319427
2009-10-28,0.35826942
2009-10-29,-2.2366874
2009-10-30,0.8801207
2009-11-02,3.0
2009-11-03,1.085145
2009-11-04,0.44455412
2009-11-05,0.23472789
2009-11-06,0.44673195
2009-11-09,0.2922758
2009-11-10,0.16924417
2009-11-11,-0.24045397
2009-11-12,0.075692974
2009-11-13,0.4425144
2009-11-16,2.6774807
2009-11-17,0.028428687
2009-11-18,0.011664685
2009-11-19,0.26530254
2009-11-20,-0.31389478
2009-11-23,0.8122573
2009-11-24,-2.8893573
2009-11-25,2.0138686
2009-11-26,-3.0
2009-11-27,-2.6743999
2009-11-30,3.0
2009-12-01,1.2132229
2009-12-02,0.8790477
2009-12-03,-0.19425206
2009-12-04,1.271387
2009-12-07,0.58543336
2009-12-08,-1.1229066
2009-12-09,-1.7444494
2009-12-10,0.53622496
2009-12-11,-0.08962048
2009-12-14,0.90620154
2009-12-15,-0.759899
2009-12-16,-0.5968962
2009-12-17,-2.0508704
2009-12-18,-2.2985272
2009-12-21,0.09401864
2009-12-22,-2.4240289
2009-12-23,0.7996684
2009-12-24,2.699015
2009-12-25,-0.39807597
2009-12-28,1.3616555
2009-12-29,0.5370323
2009-12-30,1.4451461
2009-12-31,0.38697433
2010-01-04,-1.0426507
2010-01-05,0.69183904
2010-01-06,-0.5922643
2010-01-07,-1.8025497
2010-01-08,0.18828161
2010-01-11,0.01483051
2010-01-12,1.3185768
2010-01-13,-2.9026368
2010-01-14,1.2135309
2010-01-15,0.31721994
2010-01-18,0.4248155
2010-01-19,0.13866952
2010-01-20,-2.906674
2010-01-21,0.33684167
2010-01-22,-1.1423317
2010-01-25,-1.0452535
2010-01-26,-2.3163111
2010-01-27,-1.2499273
2010-01-28,0.18862157
2010-01-29,-0.10150826
2010-02-01,-1.4653096
2010-02-02,-0.21863317
2010-02-03,2.3598466
2010-02-04,-0.36300224
2010-02-05,-1.853803
2010-02-08,-0.09371056
2010-02-09,0.48039806
2010-02-10,1.2293175
2010-02-11,0.13940255
2010-02-12,0.8201506
2010-02-22,-0.5259307
2010-02-23,-0.9910839
2010-02-24,1.2430007
2010-02-25,1.2742872
2010-02-26,-0.31759176
2010-03-01,1.1267257
2010-03-02,-0.38788795
2010-03-03,0.6073604
2010-03-04,-2.2925355
2010-03-05,0.21759206
2010-03-08,0.68772775
2010-03-09,0.49944612
2010-03-10,-0.7398311
2010-03-11,-0.11560574
2010-03-12,-1.219613
2010-03-15,-1.4110019
2010-03-16,0.54759216
2010-03-17,1.9111066
2010-03-18,-0.20753685
2010-03-19,0.6833402
2010-03-22,0.20252784
2010-03-23,-0.7644299
2010-03-24,-0.004568137
2010-03-25,-1.3273838
2010-03-26,1.2316335
2010-03-29,2.238791
2010-03-30,0.18234304
2010-03-31,-0.5929336
2010-04-01,1.1996566
2010-04-02,0.3705078
2010-04-06,-0.09195235
2010-04-07,-0.51060086
2010-04-08,-1.0922575
2010-04-09,0.82905316
2010-04-12,-0.7646902
2010-04-13,1.0355542
2010-04-14,0.28067484
2010-04-15,-0.27351457
2010-04-16,-1.0383482
2010-04-19,-3.0
2010-04-20,-0.11993484
2010-04-21,1.7433817
2010-04-22,-1.0018562
2010-04-23,-0.35556042
2010-04-26,-0.5374042
2010-04-27,-1.8208914
2010-04-28,-0.3513588
2010-04-29,-1.1072687
2010-04-30,0.17823172
2010-05-04,-1.4265071
2010-05-05,0.46573752
2010-05-06,-3.0
2010-05-07,-1.8822478
2010-05-10,0.639263
2010-05-11,-1.8245671
2010-05-12,0.51743186
2010-05-13,2.1396835
2010-05-14,-0.6174475
2010-05-17,-3.0
2010-05-18,1.8247159
2010-05-19,-0.32938924
2010-05-20,-1.2007773
2010-05-21,1.3637801
2010-05-24,3.0
2010-05-25,-1.8805108
2010-05-26,-0.034356643
2010-05-27,1.4235271
2010-05-28,-0.33592275
2010-05-31,-2.4430451
2010-06-01,-0.9695552
2010-06-02,0.39963764
2010-06-03,-0.7276405
2010-06-04,0.23644888
2010-06-07,-1.615017
2010-06-08,0.08530731
2010-06-09,2.6991105
2010-06-10,-1.0629364
2010-06-11,0.25218242
2010-06-17,-0.5555174
2010-06-18,-1.5474405
2010-06-21,2.7585175
2010-06-22,0.06358209
2010-06-23,-0.8419289
2010-06-24,-0.06659919
2010-06-25,-0.7198853
2010-06-28,-0.66980046
2010-06-29,-3.0
2010-06-30,-1.02969
2010-07-01,-1.320829
2010-07-02,0.24903785
2010-07-05,-0.7888642
2010-07-06,1.7478862
2010-07-07,0.576722
2010-07-08,-0.19173428
2010-07-09,2.428273
2010-07-12,0.9457638
2010-07-13,-1.4204835
2010-07-14,0.60883707
2010-07-15,-1.548657
2010-07-16,0.22555974
2010-07-19,2.2255857
2010-07-20,1.926734
2010-07-21,0.15518919
2010-07-22,1.0668937
2010-07-23,0.34338582
2010-07-26,0.53925264
2010-07-27,-0.52041173
2010-07-28,2.1331925
2010-07-29,0.4091245
2010-07-30,-0.3171031
2010-08-02,1.4699947
2010-08-03,-1.6016208
2010-08-04,0.29095846
2010-08-05,-0.8276774
2010-08-06,1.4295082
2010-08-09,0.5986066
2010-08-10,-2.6485262
2010-08-11,0.51847297
2010-08-12,-1.0919867
2010-08-13,1.2047559
2010-08-16,2.0420847
2010-08-17,0.5819063
2010-08-18,-0.1836763
2010-08-19,0.512715
2010-08-20,-1.7550358
2010-08-23,-0.1002228
2010-08-24,0.4467107
2010-08-25,-2.1401458
2010-08-26,0.18722989
2010-08-27,0.2305422
2010-08-30,1.7252792
2010-08-31,-0.39580783
2010-09-01,-0.6221006
2010-09-02,1.1197567
2010-09-03,-0.07062553
2010-09-06,1.6405562
2010-09-07,0.20577864
2010-09-08,-0.09834243
2010-09-09,-1.6638962
2010-09-10,0.1511841
2010-09-13,0.87014514
2010-09-14,0.046531256
2010-09-15,-1.5917515
2010-09-16,-1.7292737
2010-09-17,0.07724401
2010-09-20,-0.39383185
2010-09-21,0.20478003
2010-09-27,1.4486625
2010-09-28,-0.7743789
2010-09-29,-0.2229304
2010-09-30,1.8491819
2010-10-08,3.0
2010-10-11,2.5611103
2010-10-12,1.0986264
2010-10-13,1.2253975
2010-10-14,0.14738086
2010-10-15,2.8276026
2010-10-18,-0.6107918
2010-10-19,1.8393551
2010-10-20,0.5254101
2010-10-21,-0.6166454
2010-10-22,0.07044493
2010-10-25,2.6672504
2010-10-26,-0.4183192
2010-10-27,-1.6339271
2010-10-28,-0.19619086
2010-10-29,-0.4988725
2010-11-01,2.4179788
2010-11-02,-0.2875005
2010-11-03,-1.1355062
2010-11-04,1.5331837
2010-11-05,0.9972987
2010-11-08,0.66845655
2010-11-09,-0.6524787
2010-11-10,-0.66264015
2010-11-11,0.24230248
2010-11-12,-3.0
2010-11-15,0.58989525
2010-11-16,-3.0
2010-11-17,-1.879746
2010-11-18,1.2305074
2010-11-19,0.83992106
2010-11-22,-0.22796598
2010-11-23,-1.8539838
2010-11-24,1.969462
2010-11-25,1.2682955
2010-11-26,-0.8259245
2010-11-29,-0.16836241
2010-11-30,-1.5168074
2010-12-01,-0.061696406
2010-12-02,0.5065321
2010-12-03,0.053086
2010-12-06,0.17482154
2010-12-07,0.94442517
2010-12-08,-0.82680625
2010-12-09,-1.3974941
2010-12-10,1.0672762
2010-12-13,2.758188
2010-12-14,0.19551627
2010-12-15,-0.6294149
2010-12-16,-0.5003013
2010-12-17,-0.17242593
2010-12-20,-1.3329878
2010-12-21,1.9520289
2010-12-22,-0.9683707
2010-12-23,-0.77843183
2010-12-24,-0.7513205
2010-12-27,-1.8163604
2010-12-28,-1.6092644
2010-12-29,0.46020263
2010-12-30,0.03161576
2010-12-31,1.8317486
2011-01-04,1.7153567
2011-01-05,-0.42609033
2011-01-06,-0.4839251
2011-01-07,0.16250883
2011-01-10,-1.6789551
2011-01-11,0.44543588
2011-01-12,0.46225297
2011-01-13,-0.06425138
2011-01-14,-1.4364667
2011-01-17,-3.0
2011-01-18,0.064421356
2011-01-19,1.9769092
2011-01-20,-2.9652417
2011-01-21,1.1381142
2011-01-24,-0.90732235
2011-01-25,-0.50430644
2011-01-26,1.171876
2011-01-27,1.4028643
2011-01-28,0.2679903
2011-01-31,1.1328024
2011-02-01,-0.011940898
2011-02-09,-1.0866058
2011-02-10,1.8181398
2011-02-11,0.44771993
2011-02-14,2.769279
2011-02-15,-0.075145856
2011-02-16,0.8202037
2011-02-17,-0.106267616
2011-02-18,-0.96871597
2011-02-21,1.2428201
2011-02-22,-2.6147008
2011-02-23,0.28010118
2011-02-24,0.42016238
2011-02-25,0.1522252
2011-02-28,1.134534
2011-03-01,0.38743114
2011-03-02,-0.3518528
2011-03-03,-0.62734866
2011-03-04,1.3195754
2011-03-07,1.70519
2011-03-08,0.04437467
2011-03-09,0.0030170952
2011-03-10,-1.5984443
2011-03-11,-0.9277462
2011-03-14,0.39217988
2011-03-15,-1.6446781
2011-03-16,1.1959702
2011-03-17,-1.4362223
2011-03-18,0.4836595
2011-03-21,-0.27202725
2011-03-22,0.4060649
2011-03-23,1.1259714
2011-03-24,-0.40464666
2011-03-25,1.1475692
2011-03-28,-0.14023119
2011-03-29,-0.91706413
2011-03-30,-0.08633248
2011-03-31,-0.93188405
2011-04-01,1.3325468
2011-04-06,1.0095583
2011-04-07,0.32498577
2011-04-08,0.7413768
2011-04-11,-0.564064
2011-04-12,-0.2123334
2011-04-13,1.1780269
2011-04-14,-0.52254176
2011-04-15,0.10868979
2011-04-18,-0.021289645
2011-04-19,-1.7222196
2011-04-20,-0.035849255
2011-04-21,0.5499187
2011-04-22,-0.5024898
2011-04-25,-1.3946044
2011-04-26,-0.5448619
2011-04-27,-0.62622255
2011-04-28,-1.3596051
2011-04-29,0.8378813
2011-05-03,0.4794632
2011-05-04,-2.3129807
2011-05-05,-0.1173002
2011-05-06,-0.16896796
2011-05-09,0.20437633
2011-05-10,0.63366437
2011-05-11,-0.26433048
2011-05-12,-1.2664629
2011-05-13,0.7267375
2011-05-16,-0.82154757
2011-05-17,0.4130021
2011-05-18,0.63343066
2011-05-19,-0.5663587
2011-05-20,-0.0070540537
2011-05-23,-2.8497314
2011-05-24,0.06121304
2011-05-25,-1.090988
2011-05-26,-0.3908732
2011-05-27,-0.48539114
2011-05-30,-0.29909614
2011-05-31,1.384783
2011-06-01,0.043312315
2011-06-02,-1.4721619
2011-06-03,0.88955444
2011-06-07,0.5001579
2011-06-08,0.09583527
2011-06-09,-1.7157285
2011-06-10,0.2688083
2011-06-13,-0.38292143
2011-06-14,1.2708346
2011-06-15,-0.9405794
2011-06-16,-1.4040542
2011-06-17,-0.8108656
2011-06-20,-0.5662578
2011-06-21,1.0250368
2011-06-22,-0.04943149
2011-06-23,1.4683799
2011-06-24,2.0700035
2011-06-27,0.23115836
2011-06-28,0.119483344
2011-06-29,-1.2521635
2011-06-30,1.2702184
2011-07-01,0.13119052
2011-07-04,2.0763988
2011-07-05,-0.019547377
2011-07-06,-0.28520048
2011-07-07,-0.3787517
2011-07-08,0.18119569
2011-07-11,0.08091977
2011-07-12,-1.6460326
2011-07-13,1.4040648
2011-07-14,0.23810616
2011-07-15,0.34154794
2011-07-18,-0.2135073
2011-07-19,-0.8185093
2011-07-20,-0.13683696
2011-07-21,-0.96915156
2011-07-22,0.22331816
2011-07-25,-2.9303007
2011-07-26,0.2501427
2011-07-27,0.63257015
2011-07-28,-0.60027444
2011-07-29,-0.30113584
2011-08-01,0.13478129
2011-08-02,-0.6729875
2011-08-03,-0.07999552
2011-08-04,0.1296501
2011-08-05,-1.9276901
2011-08-08,-3.0
2011-08-09,0.10254937
2011-08-10,0.79143506
2011-08-11,1.316314
2011-08-12,0.22799253
2011-08-15,1.283381
2011-08-16,-0.6544441
2011-08-17,-0.39017203
2011-08-18,-1.6326522
2011-08-19,-0.87044793
2011-08-22,-0.98270184
2011-08-23,1.3520623
2011-08-24,-0.381466
2011-08-25,2.9410517
2011-08-26,-0.114819594
2011-08-29,-1.5213119
2011-08-30,-0.38016993
2011-08-31,0.12354155
2011-09-01,-0.41758618
2011-09-02,-0.99898785
2011-09-05,-1.9425949
2011-09-06,-0.70066196
2011-09-07,1.7911772
2011-09-08,-0.7714521
2011-09-09,-0.19638209
2011-09-13,-1.0324893
2011-09-14,0.38576326
2011-09-15,-0.16666795
2011-09-16,0.12679237
2011-09-19,-1.8179433
2011-09-20,0.31734744
2011-09-21,2.6547146
2011-09-22,-2.7784154
2011-09-23,-0.57227075
2011-09-26,-1.989307
2011-09-27,0.8858255
2011-09-28,-0.9563023
2011-09-29,-0.7992222
2011-09-30,-0.26969537
2011-10-10,-0.872238
2011-10-11,-0.21171722
2011-10-12,3.0
2011-10-13,0.5668421
2011-10-14,-0.32956454
2011-10-17,0.40783903
2011-10-18,-2.5319166
2011-10-19,-0.3481983
2011-10-20,-2.19235
2011-10-21,-0.48182693
2011-10-24,2.4101279
2011-10-25,1.6518915
2011-10-26,0.8558564
2011-10-27,0.1614146
2011-10-28,1.6939396
2011-10-31,-0.48540705
2011-11-01,0.039243486
2011-11-02,1.4474939
2011-11-03,0.027716907
2011-11-04,0.59705555
2011-11-07,-0.92106396
2011-11-08,-0.3124659
2011-11-09,0.74788904
2011-11-10,-1.720642
2011-11-11,-0.18577445
2011-11-14,1.7907097
2011-11-15,-0.21309829
2011-11-16,-2.4554057
2011-11-17,-0.30469474
2011-11-18,-1.8931104
2011-11-21,0.07474747
2011-11-22,-0.041623168
2011-11-23,-0.9040237
2011-11-24,0.1347388
2011-11-25,-0.68642634
2011-11-28,0.08171654
2011-11-29,1.186292
2011-11-30,-3.0
2011-12-01,2.1601338
2011-12-02,-0.94162595
2011-12-05,-1.2863343
2011-12-06,-0.21266273
2011-12-07,0.38659188
2011-12-08,-0.14814045
2011-12-09,-0.7946168
2011-12-12,-0.95170236
2011-12-13,-2.040093
2011-12-14,-0.9339769
2011-12-15,-2.1416914
2011-12-16,1.8440826
2011-12-19,-0.24769397
2011-12-20,-0.30852985
2011-12-21,-1.4577085
2011-12-22,0.05046198
2011-12-23,0.64403296
2011-12-26,-0.92047435
2011-12-27,-1.2044637
2011-12-28,0.07746711
2011-12-29,0.098172456
2011-12-30,1.2911999
2012-01-04,-1.8195474
2012-01-05,-0.9015378
2012-01-06,0.5221487
2012-01-09,2.9990351
2012-01-10,2.9296632
2012-01-11,-0.46192893
2012-01-12,-0.04861879
2012-01-13,-1.5305756
2012-01-16,-1.8464464
2012-01-17,3.0
2012-01-18,-1.4255828
2012-01-19,1.6639705
2012-01-20,1.2558128
2012-01-30,-1.577723
2012-01-31,0.09381679
2012-02-01,-1.3097434
2012-02-02,2.0658286
2012-02-03,0.6771892
2012-02-06,-0.09725883
2012-02-07,-1.684405
2012-02-08,2.5137928
2012-02-09,0.0006799088
2012-02-10,0.12039698
2012-02-13,-0.09218076
2012-02-14,-0.3819175
2012-02-15,0.93730736
2012-02-16,-0.5074085
2012-02-17,0.0011685932
2012-02-20,0.09277568
2012-02-21,0.7283948
2012-02-22,1.1836468
2012-02-23,0.26684296
2012-02-24,1.3935686
2012-02-27,0.25355285
2012-02-28,0.16318873
2012-02-29,-0.98229814
2012-03-01,-0.061388325
2012-03-02,1.5422668
2012-03-05,-0.6075463
2012-03-06,-1.4282228
2012-03-07,-0.6480009
2012-03-08,1.0880878
2012-03-09,0.9295734
2012-03-12,-0.36552534
2012-03-13,0.8610407
2012-03-14,-2.5594795
2012-03-15,-0.70350903
2012-03-16,1.2744784
2012-03-19,0.18616752
2012-03-20,-1.5784401
2012-03-21,0.08105788
2012-03-22,-0.1737167
2012-03-23,-1.0969691
2012-03-26,0.052947897
2012-03-27,-0.32379594
2012-03-28,-2.5619655
2012-03-29,-1.1786537
2012-03-30,0.39519697
2012-04-05,2.0686862
2012-04-06,0.21379945
2012-04-09,-0.90737015
2012-04-10,0.84573215
2012-04-11,-0.025624063
2012-04-12,1.7479286
2012-04-13,0.31293863
2012-04-16,-0.25576788
2012-04-17,-1.1478454
2012-04-18,1.9999305
2012-04-19,-0.1664236
2012-04-20,1.0223279
2012-04-23,-0.7400754
2012-04-24,-0.07447126
2012-04-25,0.6883014
2012-04-26,0.15216146
2012-04-27,-0.21489367
2012-05-02,1.9110749
2012-05-03,0.23231633
2012-05-04,0.7722064
2012-05-07,0.027929379
2012-05-08,-0.3184204
2012-05-09,-1.7318499
2012-05-10,-0.044443727
2012-05-11,-0.71511
2012-05-14,-0.7570466
2012-05-15,0.028311826
2012-05-16,-1.4891702
2012-05-17,1.3257371
2012-05-18,-1.3969417
2012-05-21,0.42452866
2012-05-22,1.353539
2012-05-23,-0.39580783
2012-05-24,-0.7702729
2012-05-25,-0.7952224
2012-05-28,1.4059026
2012-05-29,1.198233
2012-05-30,-0.323371
2012-05-31,-0.37895355
2012-06-01,-0.0020184792
2012-06-04,-2.5380676
2012-06-05,-0.040789217
2012-06-06,-0.08457959
2012-06-07,-0.564643
2012-06-08,-0.6602977
2012-06-11,1.1636533
2012-06-12,-0.6644462
2012-06-13,1.3849955
2012-06-14,-0.7324742
2012-06-15,0.23128584
2012-06-18,0.42222336
2012-06-19,-0.8143448
2012-06-20,-0.24371544
2012-06-21,-1.4457463
2012-06-25,-2.0091145
2012-06-26,-0.09254196
2012-06-27,-0.3146331
2012-06-28,-0.8160977
2012-06-29,1.2838908
2012-07-02,0.096876375
2012-07-03,0.09151147
2012-07-04,-0.17163448
2012-07-05,-1.2834712
2012-07-06,1.5146136
2012-07-09,-2.0735571
2012-07-10,-0.3785233
2012-07-11,0.6641965
2012-07-12,0.83301574
2012-07-13,0.01845315
2012-07-16,-1.8854402
2012-07-17,0.50297314
2012-07-18,-0.029437926
2012-07-19,0.33424953
2012-07-20,-0.9852463
2012-07-23,-1.2614326
2012-07-24,0.36349624
2012-07-25,-0.63108814
2012-07-26,-0.50997406
2012-07-27,0.027111363
2012-07-30,-0.53951293
2012-07-31,-0.14391756
2012-08-01,0.94844085
2012-08-02,-0.93244714
2012-08-03,0.6852631
2012-08-06,1.1724284
2012-08-07,0.08746389
2012-08-08,0.0
2012-08-09,0.7824688
2012-08-10,-0.47592556
2012-08-13,-1.8102306
2012-08-14,0.15829127
2012-08-15,-0.99478614
2012-08-16,-0.4909419
2012-08-17,-0.27234596
2012-08-20,-0.48462093
2012-08-21,0.42690834
2012-08-22,-0.732198
2012-08-23,0.22234079
2012-08-24,-1.0610402
2012-08-27,-1.8934611
2012-08-28,0.37383297
2012-08-29,-0.97384185
2012-08-30,-0.1729571
2012-08-31,-0.2964243
2012-09-03,0.9154759
2012-09-04,-0.99267215
2012-09-05,-0.21760269
2012-09-06,0.69268894
2012-09-07,3.0
2012-09-10,0.33047816
2012-09-11,-0.60034883
2012-09-12,0.2809723
2012-09-13,-0.86446154
2012-09-14,0.62788516
2012-09-17,-2.221841
2012-09-18,-0.96023834
2012-09-19,0.40405706
2012-09-20,-2.0294003
2012-09-21,0.09190454
2012-09-24,0.63237894
2012-09-25,-0.25007364
2012-09-26,-1.05303
2012-09-27,2.691302
2012-09-28,1.6036711
2012-10-08,-0.9302587
2012-10-09,1.9325345
2012-10-10,0.11770921
2012-10-11,-0.8620128
2012-10-12,0.04294049
2012-10-15,-0.40848708
2012-10-16,0.093965515
2012-10-17,0.06802275
2012-10-18,1.3318776
2012-10-19,-0.17198505
2012-10-22,0.3141391
2012-10-23,-1.1576828
2012-10-24,-0.20004722
2012-10-25,-0.6730991
2012-10-26,-1.7197762
2012-10-29,-0.512221
2012-10-30,0.12616557
2012-10-31,0.55993676
2012-11-01,1.6676251
2012-11-02,0.31037837
2012-11-05,-0.22345628
2012-11-06,-0.408912
2012-11-07,-0.2171618
2012-11-08,-1.6745198
2012-11-09,-0.21223247
2012-11-12,0.4000307
2012-11-13,-1.5939611
2012-11-14,0.39540946
2012-11-15,-1.2164259
2012-11-16,-0.69996077
2012-11-19,-0.12668613
2012-11-20,-0.4483839
2012-11-21,1.2011651
2012-11-22,-0.7388378
2012-11-23,0.5848172
2012-11-26,-0.7284479
2012-11-27,-1.0568491
2012-11-28,-0.92434126
2012-11-29,-0.5988031
2012-11-30,0.9759029
2012-12-03,-1.317658
2012-12-04,0.92161644
2012-12-05,3.0
2012-12-06,-0.20697911
2012-12-07,1.710863
2012-12-10,0.929021
2012-12-11,-0.5266956
2012-12-12,0.33127493
2012-12-13,-1.0220091
2012-12-14,3.0
2012-12-17,0.375469
2012-12-18,0.019090563
2012-12-19,0.07808328
2012-12-20,0.4807805
2012-12-21,-0.5132249
2012-12-24,0.31182316
2012-12-25,2.4797442
2012-12-26,0.30134833
2012-12-27,-0.5066914
2012-12-28,1.258118
2012-12-31,1.5072621
2013-01-04,0.017082708
2013-01-07,0.37427917
2013-01-08,-0.4088164
2013-01-09,-0.0062997798
2013-01-10,0.12235171
2013-01-11,-1.701493
2013-01-14,3.0
2013-01-15,0.5924343
2013-01-16,-0.6785649
2013-01-17,-0.87587124
2013-01-18,1.4556104
2013-01-21,0.49640778
2013-01-22,-0.5122475
2013-01-23,0.3279285
2013-01-24,-0.87861747
2013-01-25,-0.41672567
2013-01-28,2.74442
2013-01-29,0.77223825
2013-01-30,0.3934016
2013-01-31,-0.09500663
2013-02-01,1.8376447
2013-02-04,0.11842098
2013-02-05,0.7324742
2013-02-06,0.099659756
2013-02-07,-0.54722035
2013-02-08,0.34841076
2013-02-18,-1.1357346
2013-02-19,-1.7228252
2013-02-20,0.5306901
2013-02-21,-3.0
2013-02-22,-0.51043624
2013-02-25,0.25239488
2013-02-26,-1.3126649
2013-02-27,0.9055854
2013-02-28,2.6669316
2013-03-01,-0.18409593
2013-03-04,-3.0
2013-03-05,2.6643395
2013-03-06,0.89642787
2013-03-07,-1.067494
2013-03-08,-0.46141905
2013-03-11,-0.5319436
2013-03-12,-1.2979724
2013-03-13,-1.0152738
2013-03-14,0.2049075
2013-03-15,0.16254069
2013-03-18,-1.3459538
2013-03-19,0.7705704
2013-03-20,2.968195
2013-03-21,0.1299688
2013-03-22,0.07875256
2013-03-25,-0.21175441
2013-03-26,-1.331936
2013-03-27,0.25908774
2013-03-28,-2.9397717
2013-03-29,-0.18482365
2013-04-01,-0.102108486
2013-04-02,-0.27730185
2013-04-03,-0.13632171
2013-04-08,-0.43799937
2013-04-09,0.5831174
2013-04-10,-0.18190747
2013-04-11,-0.30092338
2013-04-12,-0.60133684
2013-04-15,-0.9499123
2013-04-16,0.7984785
2013-04-17,-0.0749387
2013-04-18,0.19681235
2013-04-19,2.4594426
2013-04-22,-0.1454208
2013-04-23,-2.8937926
2013-04-24,1.6431271
2013-04-25,-1.0236983
2013-04-26,-0.777157
2013-05-02,0.050568216
2013-05-03,1.5398766
2013-05-06,1.1478348
2013-05-07,0.105152145
2013-05-08,0.41861135
2013-05-09,-0.5602342
2013-05-10,0.4253998
2013-05-13,-0.3875055
2013-05-14,-1.3524342
2013-05-15,0.45124698
2013-05-16,1.5931537
2013-05-17,1.3389741
2013-05-20,0.5692961
2013-05-21,0.14476745
2013-05-22,0.07402507
2013-05-23,-1.2320691
2013-05-24,0.46173242
2013-05-27,0.046552505
2013-05-28,1.5004524
2013-05-29,-0.09498007
2013-05-30,-0.3122056
2013-05-31,-0.97811776
2013-06-03,-0.16441576
2013-06-04,-1.2998422
2013-06-05,-0.2124715
2013-06-06,-1.1722744
2013-06-07,-1.574467
2013-06-13,-3.0
2013-06-14,0.59071326
2013-06-17,-0.5112436
2013-06-18,0.518218
2013-06-19,-0.6968587
2013-06-20,-2.9779792
2013-06-21,-0.1907038
2013-06-24,-3.0
2013-06-25,-0.2720007
2013-06-26,0.08397936
2013-06-27,-0.3451865
2013-06-28,1.6113944
2013-07-01,0.479017
2013-07-02,0.31457466
2013-07-03,-0.7625708
2013-07-04,0.69959426
2013-07-05,0.16093653
2013-07-08,-2.564818
2013-07-09,-0.07351514
2013-07-10,2.495552
2013-07-11,3.0
2013-07-12,-1.9998561
2013-07-15,1.2159425
2013-07-16,0.3731212
2013-07-17,-1.3805336
2013-07-18,-1.4986199
2013-07-19,-2.2113767
2013-07-22,0.44205758
2013-07-23,2.5416052
2013-07-24,-0.6909785
2013-07-25,-0.4887694
2013-07-26,-0.5790061
2013-07-29,-1.9592953
2013-07-30,0.51514775
2013-07-31,0.11349165
2013-08-01,2.092653
2013-08-02,0.040975127
2013-08-05,1.1975638
2013-08-06,0.56453675
2013-08-07,-0.54019284
2013-08-08,-0.18447837
2013-08-09,0.32681304
2013-08-12,2.5690885
2013-08-13,0.20326085
2013-08-14,-0.4117007
2013-08-15,-1.0778148
2013-08-16,-0.7035356
2013-08-19,1.0209467
2013-08-20,-0.75930405
2013-08-21,-0.18376128
2013-08-22,-0.21416596
2013-08-23,-0.69206744
2013-08-26,1.8628439
2013-08-27,0.16650328
2013-08-28,-0.5226427
2013-08-29,-0.4074194
2013-08-30,-0.20356894
2013-09-02,0.21340637
2013-09-03,1.2775061
2013-09-04,-0.17832732
2013-09-05,-0.37421542
2013-09-06,0.57628644
2013-09-09,3.0
2013-09-10,1.2175041
2013-09-11,0.2534891
2013-09-12,0.84734696
2013-09-13,-0.69377786
2013-09-16,-0.41078708
2013-09-17,-1.870668
2013-09-18,0.15608156
2013-09-23,1.4229109
2013-09-24,-1.0582143
2013-09-25,-0.57607925
2013-09-26,-1.6702065
2013-09-27,0.35908744
2013-09-30,0.4890138
2013-10-08,1.1780057
2013-10-09,0.39523947
2013-10-10,-0.9157628
2013-10-11,1.4032998
2013-10-14,0.11123945
2013-10-15,-0.2154992
2013-10-16,-1.700999
2013-10-17,-0.33033475
2013-10-18,0.43547097
2013-10-21,1.6284559
2013-10-22,-0.9514367
2013-10-23,-1.0327231
2013-10-24,-0.6969171
2013-10-25,-1.2205744
2013-10-28,-0.13240162
2013-10-29,0.19533567
2013-10-30,1.296246
2013-10-31,-1.2838166
2013-11-01,0.38766485
2013-11-04,-0.20275624
2013-11-05,0.08971609
2013-11-06,-1.1634461
2013-11-07,-0.5272374
2013-11-08,-1.2759019
2013-11-11,0.27234596
2013-11-12,0.8934214
2013-11-13,-2.0103521
2013-11-14,0.6037696
2013-11-15,1.7534741
2013-11-18,2.929026
2013-11-19,-0.6485852
2013-11-20,0.43433422
2013-11-21,-0.5805571
2013-11-22,-0.47912857
2013-11-25,-0.3812376
2013-11-26,-0.07963963
2013-11-27,0.9758816
2013-11-28,0.89015996
2013-11-29,-0.055795014
2013-12-02,-0.7708731
2013-12-03,0.8497054
2013-12-04,1.1458375
2013-12-05,-0.28419125
2013-12-06,-0.60883176
2013-12-09,-0.08581193
2013-12-10,0.054690164
2013-12-11,-1.5076977
2013-12-12,-0.13589145
2013-12-13,-0.15922613
2013-12-16,-1.468024
2013-12-17,-0.4689671
2013-12-18,-0.0022415742
2013-12-19,-0.972583
2013-12-20,-2.1080945
2013-12-23,0.2185588
2013-12-24,0.10782929
2013-12-25,0.6223184
2013-12-26,-1.5721563
2013-12-27,1.4661808
2013-12-30,-0.18991765
2013-12-31,1.1502888
2014-01-02,-0.34219596
2014-01-03,-1.2317982
2014-01-06,-2.0628433
2014-01-07,-0.05970449
2014-01-08,0.121299975
2014-01-09,-0.8170751
2014-01-10,-0.7309657
2014-01-13,-0.4859489
2014-01-14,0.7442558
2014-01-15,-0.19165461
2014-01-16,0.0827364
2014-01-17,-1.3783292
2014-01-20,-0.5455365
2014-01-21,0.8467839
2014-01-22,2.2628214
2014-01-23,-0.5072969
2014-01-24,0.51619947
2014-01-27,-1.2153423
2014-01-28,0.12390276
2014-01-29,0.2838088
2014-01-30,-1.047697
2014-02-07,0.37157014
2014-02-10,2.1830173
2014-02-11,0.6741402
2014-02-12,0.18724051
2014-02-13,-0.48914656
2014-02-14,0.591935
2014-02-17,0.58954465
2014-02-18,-1.1602802
2014-02-19,0.9891291
2014-02-20,-0.8535033
2014-02-21,-0.93599004
2014-02-24,-1.9938006
2014-02-25,-2.3121095
2014-02-26,0.19258416
2014-02-27,-0.41736308
2014-02-28,0.9942179
2014-03-03,0.43182707
2014-03-04,-0.28245428
2014-03-05,-0.86249083
2014-03-06,0.3633475
2014-03-07,-0.25070575
2014-03-10,-2.934768
2014-03-11,0.42754576
2014-03-12,0.19691858
2014-03-13,1.0699745
2014-03-14,-0.7629161
2014-03-17,0.8137021
2014-03-18,-0.23836116
2014-03-19,-0.7539073
2014-03-20,-1.4589621
2014-03-21,3.0
2014-03-24,0.69858503
2014-03-25,-0.1209441
2014-03-26,-0.17344049
2014-03-27,-0.66406906
2014-03-28,-0.18907839
2014-03-31,-0.26878706
2014-04-01,0.66358036
2014-04-02,0.6912016
2014-04-03,-0.6767589
2014-04-04,0.8079547
2014-04-08,2.0796497
2014-04-09,0.017560769
2014-04-10,1.3645345
2014-04-11,-0.1556938
2014-04-14,-0.11496302
2014-04-15,-1.5723103
2014-04-16,0.08804819
2014-04-17,-0.3426687
2014-04-18,-0.047365207
2014-04-21,-1.5259331
2014-04-22,0.35458305
2014-04-23,-0.12067318
2014-04-24,-0.20468442
2014-04-25,-0.95580304
2014-04-28,-1.3851017
2014-04-29,0.9465818
2014-04-30,-0.026590807
2014-05-05,-0.12475795
2014-05-06,0.0010623574
2014-05-07,-0.861062
2014-05-08,-0.11026739
2014-05-09,-0.10054151
2014-05-12,1.8926536
2014-05-13,-0.24703528
2014-05-14,-0.13600832
2014-05-15,-1.1948494
2014-05-16,0.04324857
2014-05-19,-1.3138175
2014-05-20,-0.007935811
2014-05-21,0.8136596
2014-05-22,-0.24455468
2014-05-23,0.69942427
2014-05-26,0.27928317
2014-05-27,-0.39383715
2014-05-28,0.88165045
2014-05-29,-0.6172297
2014-05-30,0.019366777
2014-06-03,-0.30491254
2014-06-04,-0.93156534
2014-06-05,0.9005498
2014-06-06,-0.692673
2014-06-09,-0.05254951
2014-06-10,1.0924541
2014-06-11,-0.055083234
2014-06-12,-0.33778188
2014-06-13,0.9104935
2014-06-16,0.6049595
2014-06-17,-0.9362238
2014-06-18,-0.4219259
2014-06-19,-1.4094456
2014-06-20,0.37714753
2014-06-23,-0.1436148
2014-06-24,0.41288525
2014-06-25,-0.51013345
2014-06-26,0.6216491
2014-06-27,0.014628663
2014-06-30,0.5814707
2014-07-01,-0.05738855
2014-07-02,0.22531539
2014-07-03,0.34841076
2014-07-04,-0.09557499
2014-07-07,-0.1328053
2014-07-08,0.13693789
2014-07-09,-1.3325574
2014-07-10,-0.27755684
2014-07-11,0.18029268
2014-07-14,0.9509162
2014-07-15,0.09766252
2014-07-16,-0.20271374
2014-07-17,-0.60089064
2014-07-18,0.25795102
2014-07-21,0.05418023
2014-07-22,1.0517764
2014-07-23,0.17431161
2014-07-24,1.5543458
2014-07-25,0.8993706
2014-07-28,2.4668047
2014-07-29,0.25215054
2014-07-30,-0.3920949
2014-07-31,1.0494392
2014-08-01,-0.8249365
2014-08-04,1.7337992
2014-08-05,-0.26948822
2014-08-06,-0.26503164
2014-08-07,-1.383046
2014-08-08,0.10640573
2014-08-11,1.2736179
2014-08-12,-0.34699252
2014-08-13,0.03551461
2014-08-14,-0.90163875
2014-08-15,0.90754014
2014-08-18,0.49137217
2014-08-19,-0.026654549
2014-08-20,-0.35817382
2014-08-21,-0.48243248
2014-08-22,0.38654938
2014-08-25,-0.88212854
2014-08-26,-0.74839365
2014-08-27,0.09993597
2014-08-28,-0.6591185
2014-08-29,1.0070087
2014-09-01,0.61464816
2014-09-02,1.1439571
2014-09-03,0.8012619
2014-09-04,0.60882646
2014-09-05,0.8117049
2014-09-09,-0.181201
2014-09-10,-0.5005616
2014-09-11,-0.3633528
2014-09-12,0.5136605
2014-09-15,-0.077111214
2014-09-16,-1.805041
2014-09-17,0.43421736
2014-09-18,0.2379362
2014-09-19,0.57781625
2014-09-22,-1.7354034
2014-09-23,0.73514074
2014-09-24,1.5404396
2014-09-25,-0.21317796
2014-09-26,-0.025762169
2014-09-29,0.35313824
2014-09-30,0.08171654
2014-10-08,0.96168846
2014-10-09,0.094050504
2014-10-10,-0.578937
2014-10-13,-0.46223706
2014-10-14,-0.338738
2014-10-15,0.59620565
2014-10-16,-0.7389334
2014-10-17,-0.13147736
2014-10-20,0.4393167
2014-10-21,-0.8083956
2014-10-22,-0.5745707
2014-10-23,-0.8709791
2014-10-24,-0.2289168
2014-10-27,-0.8497744
2014-10-28,1.7646713
2014-10-29,1.2463578
2014-10-30,0.6032916
2014-10-31,1.3877681
2014-11-03,0.11564823
2014-11-04,-0.012259605
2014-11-05,-0.3792032
2014-11-06,0.058833357
2014-11-07,-0.17356797
2014-11-10,2.2299733
2014-11-11,-0.28162035
2014-11-12,1.2092602
2014-11-13,-0.53481734
2014-11-14,0.01200464
2014-11-17,-0.51748496
2014-11-18,-0.9260464
2014-11-19,-0.1814241
2014-11-20,-0.038733553
2014-11-21,1.5938869
2014-11-24,2.2355082
2014-11-25,1.1867914
2014-11-26,1.2085804
2014-11-27,0.9955989
2014-11-28,1.7233456
2014-12-01,0.3143941
2014-12-02,3.0
2014-12-03,1.2947482
2014-12-04,3.0
2014-12-05,0.5550818
2014-12-08,3.0
2014-12-09,-3.0
2014-12-10,3.0
2014-12-11,-1.1003474
2014-12-12,0.25160876
2014-12-15,0.6354385
2014-12-16,2.3526225
2014-12-17,1.5086007
2014-12-18,-0.42343444
2014-12-19,0.95748156
2014-12-22,0.26363462
2014-12-23,-1.8605013
2014-12-24,-2.5682917
2014-12-25,2.8631916
2014-12-26,2.9158633
2014-12-29,0.21429875
2014-12-30,0.019738602
2014-12-31,1.92837
2015-01-05,2.6851404
2015-01-06,-0.04618068
2015-01-07,0.03245502
2015-01-08,-2.101784
2015-01-09,-0.34826735
2015-01-12,-0.8672608
2015-01-13,-0.022617592
2015-01-14,-0.32899618
2015-01-15,2.5532594
2015-01-16,0.7327505
2015-01-19,-3.0
2015-01-20,1.0563977
2015-01-21,3.0
2015-01-22,0.4358959
2015-01-23,0.06850081
2015-01-26,0.87015575
2015-01-27,-0.85082614
2015-01-28,-1.271031
2015-01-29,-1.1346616
2015-01-30,-1.2478079
2015-02-02,-2.1214163
2015-02-03,2.183867
2015-02-04,-0.95932996
2015-02-05,-0.9466296
2015-02-06,-1.4775958
2015-02-09,0.8669156
2015-02-10,1.5909122
2015-02-11,0.67659426
2015-02-12,0.19267978
2015-02-13,0.66329354
2015-02-16,0.7272581
2015-02-17,0.54723096
2015-02-25,-1.1373174
2015-02-26,2.208843
2015-02-27,0.12923579
2015-03-02,0.67453325
2015-03-03,-2.3448036
2015-03-04,0.54794276
2015-03-05,-0.9046027
2015-03-06,-0.48869503
2015-03-09,1.4830405
2015-03-10,-0.46612528
2015-03-11,0.06792714
2015-03-12,1.6897433
2015-03-13,0.5810777
2015-03-16,2.1337345
2015-03-17,1.2029499
2015-03-18,2.0750496
2015-03-19,-0.18073356
2015-03-20,1.1918695
2015-03-23,1.785398
2015-03-24,-0.012291476
2015-03-25,-0.76637936
2015-03-26,0.18242803
2015-03-27,0.4551458
2015-03-30,2.5792127
2015-03-31,-0.84037256
2015-04-01,1.56464
2015-04-02,-0.015351065
2015-04-03,0.9543157
2015-04-07,1.8781949
2015-04-08,0.7136705
2015-04-09,-0.7327717
2015-04-10,1.6859614
2015-04-13,1.5380812
2015-04-14,0.31051648
2015-04-15,-1.1923953
2015-04-16,2.6720202
2015-04-17,1.5962983
2015-04-20,-1.4734261
2015-04-21,1.8820938
2015-04-22,2.2933004
2015-04-23,-0.014118731
2015-04-24,-0.7534133
2015-04-27,1.9544722
2015-04-28,-1.2528275
2015-04-29,0.57575524
2015-04-30,-0.4905807
2015-05-04,0.67583996
2015-05-05,-3.0
2015-05-06,-0.87789506
2015-05-07,-1.6635137
2015-05-08,1.7262884
2015-05-11,2.548723
2015-05-12,1.046454
2015-05-13,-0.5784802
2015-05-14,-0.36789972
2015-05-15,-1.6137264
2015-05-18,-0.85135734
2015-05-19,3.0
2015-05-20,0.411961
2015-05-21,1.5785038
2015-05-22,1.9972001
2015-05-25,2.6322882
2015-05-26,1.7030865
2015-05-27,-0.33409017
2015-05-28,-3.0
2015-05-29,0.09138399
2015-06-01,3.0
2015-06-02,1.4699947
2015-06-03,-0.34998837
2015-06-04,0.62097985
2015-06-05,0.81071687
2015-06-08,2.0646493
2015-06-09,-0.63846093
2015-06-10,-0.17431161
2015-06-11,-0.07672346
2015-06-12,0.44466034
2015-06-15,-1.9377719
2015-06-16,-2.7029507
2015-06-17,1.267828
2015-06-18,-3.0
2015-06-19,-3.0
2015-06-23,2.829908
2015-06-24,1.7165465
2015-06-25,-3.0
2015-06-26,-3.0
2015-06-29,-3.0
2015-06-30,3.0
2015-07-01,-3.0
2015-07-02,-3.0
2015-07-03,-3.0
2015-07-06,2.5483618
2015-07-07,-1.6064228
2015-07-08,-3.0
2015-07-09,3.0
2015-07-10,3.0
2015-07-13,2.2497756
2015-07-14,-2.143131
2015-07-15,-3.0
2015-07-16,0.6529993
2015-07-17,3.0
2015-07-20,0.16129774
2015-07-21,0.081142865
2015-07-22,-0.22361031
2015-07-23,1.9730741
2015-07-24,-1.5968136
2015-07-27,-3.0
2015-07-28,-0.2126574
2015-07-29,2.7549586
2015-07-30,-2.6411428
2015-07-31,-0.004323795
2015-08-03,0.25832283
2015-08-04,2.733212
2015-08-05,-1.8684744
2015-08-06,-0.84211487
2015-08-07,1.7120528
2015-08-10,3.0
2015-08-11,-0.4204811
2015-08-12,-1.1419865
2015-08-13,1.2822762
2015-08-14,-0.076436624
2015-08-17,0.0603844
2015-08-18,-3.0
2015-08-19,1.380236
2015-08-20,-2.893591
2015-08-21,-3.0
2015-08-24,-3.0
2015-08-25,-3.0
2015-08-26,-0.5391305
2015-08-27,3.0
2015-08-28,3.0
2015-08-31,0.6121835
2015-09-01,-0.1522677
2015-09-02,0.0649844
2015-09-07,-3.0
2015-09-08,2.2559373
2015-09-09,1.7105762
2015-09-10,-1.1287707
2015-09-11,-0.3097197
2015-09-14,-1.7930948
2015-09-15,-3.0
2015-09-16,3.0
2015-09-17,-1.9800538
2015-09-18,0.35859877
2015-09-21,1.5272452
2015-09-22,0.7948559
2015-09-23,-2.0628538
2015-09-24,0.5656735
2015-09-25,-1.4734899
2015-09-28,0.26343277
2015-09-29,-1.7904283
2015-09-30,0.6410478
2015-10-08,2.568058
2015-10-09,1.1452107
2015-10-12,2.8358676
2015-10-13,-0.10288932
2015-10-14,-1.0414768
2015-10-15,2.0771213
2015-10-16,1.1732464
2015-10-19,-0.031435158
2015-10-20,1.0630162
2015-10-21,-2.6360915
2015-10-22,1.2813412
2015-10-23,1.1465918
2015-10-26,0.41527554
2015-10-27,0.05545506
2015-10-28,-1.7200418
2015-10-29,0.17763679
2015-10-30,-0.014904875
2015-11-02,-1.4998788
2015-11-03,-0.30281436
2015-11-04,3.0
2015-11-05,1.8673482
2015-11-06,2.0674114
2015-11-09,1.0693265
2015-11-10,-0.19954261
2015-11-11,-0.02490166
2015-11-12,-0.92521244
2015-11-13,-1.186871
2015-11-16,0.39104316
2015-11-17,-0.17026934
2015-11-18,-1.049418
2015-11-19,1.3900523
2015-11-20,-0.048215095
2015-11-23,-0.531354
2015-11-24,-0.02124715
2015-11-25,0.6236357
2015-11-26,-0.5570365
2015-11-27,-3.0
2015-11-30,0.2016142
2015-12-01,0.5974061
2015-12-02,3.0
2015-12-03,0.62032115
2015-12-04,-1.7387764
2015-12-07,0.20830706
2015-12-08,-1.5952413
2015-12-09,0.2833626
2015-12-10,-0.34944126
2015-12-11,-0.40397206
2015-12-14,2.516162
2015-12-15,-0.44100052
2015-12-16,-0.25025424
2015-12-17,1.6691123
2015-12-18,0.25092885
2015-12-21,2.2846954
2015-12-22,0.2138207
2015-12-23,-0.27233535
2015-12-24,-0.8867285
2015-12-25,0.17038089
2015-12-28,-2.6016338
2015-12-29,0.78426415
2015-12-30,0.043801
2015-12-31,-0.8431666
2016-01-04,-3.0
2016-01-05,0.21514864
2016-01-06,1.528998
2016-01-07,-3.0
2016-01-08,1.7828908
2016-01-11,-3.0
2016-01-12,0.61491376
2016-01-13,-1.6924949
2016-01-14,1.8206682
2016-01-15,-2.8792439
2016-01-18,0.30847675
2016-01-19,2.59569
2016-01-20,-1.3822014
2016-01-21,-2.6461732
2016-01-22,0.89448375
2016-01-25,0.40707415
2016-01-26,-3.0
2016-01-27,-0.3422066
2016-01-28,-2.3637931
2016-01-29,2.849009
2016-02-01,-1.3968885
2016-02-02,1.8175343
2016-02-03,-0.4164282
2016-02-04,1.0573007
2016-02-05,-0.6605101
2016-02-15,-0.54804367
2016-02-16,2.6974213
2016-02-17,0.73688304
2016-02-18,-0.31428784
2016-02-19,-0.096068986
2016-02-22,1.9304948
2016-02-23,-0.8774276
2016-02-24,0.547794
2016-02-25,-3.0
2016-02-26,0.8596172
2016-02-29,-2.1674907
2016-03-01,1.6140928
2016-03-02,3.0
2016-03-03,0.17265433
2016-03-04,0.9990729
2016-03-07,0.2810254
2016-03-08,0.04692433
2016-03-09,-1.0600203
2016-03-10,-1.7390686
2016-03-11,0.11759235
2016-03-14,1.36531
2016-03-15,0.22981979
2016-03-16,0.40770093
2016-03-17,0.9511074
2016-03-18,1.3279256
2016-03-21,2.1422758
2016-03-22,-0.6829153
2016-03-23,0.25021705
2016-03-24,-1.5281216
2016-03-25,0.4127896
2016-03-28,-0.8171654
2016-03-29,-0.99924815
2016-03-30,2.2640326
2016-03-31,0.015829127
2016-04-01,0.07102922
2016-04-05,1.1436703
2016-04-06,-0.22434334
2016-04-07,-1.3540277
2016-04-08,-0.688737
2016-04-11,1.2068062
2016-04-12,-0.35569853
2016-04-13,1.1544107
2016-04-14,0.360426
2016-04-15,-0.13304965
2016-04-18,-1.2259605
2016-04-19,0.23750064
2016-04-20,-1.610619
2016-04-21,-0.6065477
2016-04-22,0.3687549
2016-04-25,-0.39557943
2016-04-26,0.44831485
2016-04-27,-0.4056612
2016-04-28,-0.18455274
2016-04-29,-0.14254181
2016-05-03,1.5689639
2016-05-04,-0.14748709
2016-05-05,0.089408
2016-05-06,-2.3515282
2016-05-09,-1.8774194
2016-05-10,0.067268476
2016-05-11,0.363305
2016-05-12,0.17746681
2016-05-13,-0.4728075
2016-05-16,0.5560698
2016-05-17,-0.30167764
2016-05-18,-0.5538707
2016-05-19,-0.19518162
2016-05-20,0.42299888
2016-05-23,0.22629277
2016-05-24,-0.71756405
2016-05-25,-0.16034162
2016-05-26,0.11083575
2016-05-27,-0.08417589
2016-05-30,0.088122554
2016-05-31,2.9543948
2016-06-01,-0.28779265
2016-06-02,0.15036608
2016-06-03,0.5910107
2016-06-06,-0.32882088
2016-06-07,-0.08301792
2016-06-08,-0.4009337
2016-06-13,-2.784662
2016-06-14,0.24584015
2016-06-15,1.135639
2016-06-16,-0.6547415
2016-06-17,0.41721964
2016-06-20,0.031998206
2016-06-21,-0.2163916
2016-06-22,0.7586826
2016-06-23,-0.5076847
2016-06-24,-1.1825101
2016-06-27,1.2221786
2016-06-28,0.4184626
2016-06-29,0.39148936
2016-06-30,0.037182514
2016-07-01,-0.026495196
2016-07-04,1.3923044
2016-07-05,0.040316466
2016-07-06,0.22736575
2016-07-07,-0.2241415
2016-07-08,-0.5250543
2016-07-11,0.27406698
2016-07-12,1.9089184
2016-07-13,0.22932048
2016-07-14,-0.20010035
2016-07-15,-0.04760955
2016-07-18,-0.42214367
2016-07-19,-0.41107392
2016-07-20,-0.32600564
2016-07-21,0.3762339
2016-07-22,-0.7840517
2016-07-25,0.1237434
2016-07-26,1.0331533
2016-07-27,-1.4338692
2016-07-28,0.04573449
2016-07-29,-0.51041496
2016-08-01,-0.7887632
2016-08-02,0.3090823
2016-08-03,0.09008791
2016-08-04,0.18275736
2016-08-05,0.07198534
2016-08-08,0.77398056
2016-08-09,0.5938047
2016-08-10,-0.40761593
2016-08-11,-0.30862015
2016-08-12,1.6433821
2016-08-15,2.6489458
2016-08-16,-0.4330063
2016-08-17,-0.17149636
2016-08-18,-0.26061222
2016-08-19,-0.020227287
2016-08-22,-0.7818792
2016-08-23,0.1000847
2016-08-24,-0.35351008
2016-08-25,-0.5934913
2016-08-26,-0.085078895
2016-08-29,-0.015765386
2016-08-30,0.07893316
2016-08-31,0.3909157
2016-09-01,-0.7364687
2016-09-02,0.30402547
2016-09-05,0.115287036
2016-09-06,0.5815876
2016-09-07,-0.08261423
2016-09-08,-0.06781559
2016-09-09,-0.60865647
2016-09-12,-1.5234047
2016-09-13,-0.09642488
2016-09-14,-0.62487864
2016-09-19,0.6368408
2016-09-20,-0.19062942
2016-09-21,0.21820822
2016-09-22,0.6335794
2016-09-23,-0.45286706
2016-09-26,-1.5411195
2016-09-27,0.5321136
2016-09-28,-0.30564556
2016-09-29,0.33789343
2016-09-30,0.21000683
2016-10-10,1.077326
2016-10-11,0.3089017
2016-10-12,-0.2108514
2016-10-13,0.036778815
2016-10-14,0.05203427
2016-10-17,-0.7883702
2016-10-18,1.1470062
2016-10-19,-0.17100768
2016-10-20,0.029129842
2016-10-21,0.21093108
2016-10-24,1.0324733
2016-10-25,-0.03764995
2016-10-26,-0.36927545
2016-10-27,-0.27626076
2016-10-28,-0.18272017
2016-10-31,-0.13706537
2016-11-01,0.573928
2016-11-02,-0.7161989
2016-11-03,0.8139783
2016-11-04,-0.3233179
2016-11-07,0.029820377
2016-11-08,0.3512791
2016-11-09,-0.51189166
2016-11-10,0.9638026
2016-11-11,0.6649933
2016-11-14,0.3053428
2016-11-15,-0.044225942
2016-11-16,-0.04160192
2016-11-17,0.14602104
2016-11-18,-0.52916557
2016-11-21,0.58246934
2016-11-22,0.6714099
2016-11-23,0.12916142
2016-11-24,0.32496452
2016-11-25,0.79727805
2016-11-28,0.3144153
2016-11-29,0.6956636
2016-11-30,-0.68548614
2016-12-01,0.6465826
2016-12-02,-0.93633
2016-12-05,-1.538145
2016-12-06,-0.29777348
2016-12-07,0.39311478
2016-12-08,-0.17809361
2016-12-09,0.57060283
2016-12-12,-2.1903422
2016-12-13,-0.14271711
2016-12-14,-0.7172241
2016-12-15,-1.0500978
2016-12-16,0.11492583
2016-12-19,-0.4884348
2016-12-20,-0.567607
2016-12-21,0.75932
2016-12-22,-0.11083044
2016-12-23,-0.78439695
2016-12-26,0.36440986
2016-12-27,-0.19573936
2016-12-28,-0.42393905
2016-12-29,-0.14568639
2016-12-30,0.29842684
2017-01-03,0.8310929
2017-01-04,0.6611263
2017-01-05,-0.048209783
2017-01-06,-0.56686866
2017-01-09,0.39778912
2017-01-10,-0.18353818
2017-01-11,-0.6653226
2017-01-12,-0.4852902
2017-01-13,0.027068868
2017-01-16,-0.046913706
2017-01-17,0.1511416
2017-01-18,0.3141391
2017-01-19,-0.30328712
2017-01-20,0.65086395
2017-01-23,0.20977311
2017-01-24,-0.024582952
2017-01-25,0.2689889
2017-01-26,0.28387254
2017-02-03,-0.6517032
2017-02-06,0.19639802
2017-02-07,-0.23306529
2017-02-08,0.4317102
2017-02-09,0.30815804
2017-02-10,0.41678408
2017-02-13,0.5605423
2017-02-14,-0.046595
2017-02-15,-0.39987665
2017-02-16,0.46618372
2017-02-17,-0.5391942
2017-02-20,1.2666595
2017-02-21,0.25905588
2017-02-22,0.14302519
2017-02-23,-0.45403564
2017-02-24,-0.020832831
2017-02-27,-0.74317217
2017-02-28,0.1359605
2017-03-01,0.11084638
2017-03-02,-0.6358475
2017-03-03,-0.22204334
2017-03-06,0.44971716
2017-03-07,0.15883307
2017-03-08,-0.1692123
2017-03-09,-0.59738487
2017-03-10,-0.0097418185
2017-03-13,0.7509061
2017-03-14,-0.07058303
2017-03-15,0.14479932
2017-03-16,0.4252192
2017-03-17,-0.94824433
2017-03-20,0.0640814
2017-03-21,0.39791662
2017-03-22,-0.45335573
2017-03-23,0.2737164
2017-03-24,0.6766261
2017-03-27,-0.3296336
2017-03-28,-0.2452452
2017-03-29,-0.1529423
2017-03-30,-0.7656782
2017-03-31,0.46574813
2017-04-05,1.1994122
2017-04-06,0.22384934
2017-04-07,0.052257363
2017-04-10,-0.34663132
2017-04-11,0.27550116
2017-04-12,-0.23427106
2017-04-13,0.09581402
2017-04-14,-0.7459343
2017-04-17,-0.20213476
2017-04-18,-0.47482598
2017-04-19,-0.46846777
2017-04-20,0.37091148
2017-04-21,0.10047777
2017-04-24,-0.9476654
2017-04-25,0.21794264
2017-04-26,0.07460937
2017-04-27,0.0053755287
2017-04-28,-0.21453246
2017-05-02,-0.37576115
2017-05-03,-0.38415378
2017-05-04,-0.262636
2017-05-05,-0.60599524
2017-05-08,-0.6597877
2017-05-09,-0.20101397
2017-05-10,-0.4286453
2017-05-11,0.471453
2017-05-12,0.7284479
2017-05-15,0.3292777
2017-05-16,0.7378498
2017-05-17,-0.520008
2017-05-18,-0.3441507
2017-05-19,0.116051935
2017-05-22,0.1590774
2017-05-23,0.30406797
2017-05-24,-0.03509498
2017-05-25,1.5659786
2017-05-26,-0.16793747
2017-05-31,0.2843931
2017-06-01,0.0894505
2017-06-02,-0.3205345
2017-06-05,-0.4881745
2017-06-06,0.5854865
2017-06-07,1.0114281
2017-06-08,0.6491854
2017-06-09,0.34580797
2017-06-12,-0.07876849
2017-06-13,0.16202013
2017-06-14,-1.2028437
2017-06-15,-0.19839525
2017-06-16,-0.2877289
2017-06-19,0.8496098
2017-06-20,-0.2142297
2017-06-21,1.0074549
2017-06-22,0.024912283
2017-06-23,0.77331126
2017-06-26,1.0776767
2017-06-27,0.12652677
2017-06-28,-0.7267322
2017-06-29,0.5194822
2017-06-30,-0.083703145
2017-07-03,-0.4220693
2017-07-04,-0.7877328
2017-07-05,0.94283164
2017-07-06,-0.024232375
2017-07-07,-0.13585958
2017-07-10,-0.08905212
2017-07-11,0.38323483
2017-07-12,-0.32535228
2017-07-13,0.64996094
2017-07-14,0.35654843
2017-07-17,-0.9858518
2017-07-18,0.053744666
2017-07-19,1.4860363
2017-07-20,0.3989896
2017-07-21,-0.492987
2017-07-24,0.3210338
2017-07-25,-0.6035784
2017-07-26,-0.37390202
2017-07-27,0.12929952
2017-07-28,0.19839525
2017-07-31,0.3482833
2017-08-01,0.7406969
2017-08-02,-0.2596455
2017-08-03,-0.81697416
2017-08-04,-0.5184092
2017-08-07,0.42748204
2017-08-08,0.09516598
2017-08-09,-0.06230196
2017-08-10,-0.39560598
2017-08-11,-1.6788807
2017-08-14,1.1221044
2017-08-15,0.23994406
2017-08-16,-0.14586699
2017-08-17,0.44368297
2017-08-18,0.04697745
2017-08-21,0.35607037
2017-08-22,0.23488724
2017-08-23,0.05563566
2017-08-24,-0.5431356
2017-08-25,1.4238033
2017-08-28,1.0680836
2017-08-29,-0.22396089
2017-08-30,-0.039896835
2017-08-31,-0.31812295
2017-09-01,0.16253006
2017-09-04,0.31639132
2017-09-05,0.23048908
2017-09-06,-0.20990591
2017-09-07,-0.48764336
2017-09-08,-0.12471546
2017-09-11,-0.042409312
2017-09-12,0.25187433
2017-09-13,0.07409944
2017-09-14,-0.32778507
2017-09-15,-0.0031870725
2017-09-18,0.24116576
2017-09-19,-0.290082
2017-09-20,0.20558742
2017-09-21,-0.14148477
2017-09-22,-0.036412302
2017-09-25,-0.49739578
2017-09-26,0.035408374
2017-09-27,-0.024625447
2017-09-28,-0.0031658253
2017-09-29,0.29112846
2017-10-09,1.0273103
2017-10-10,0.14135729
2017-10-11,0.2593852
2017-10-12,0.20005253
2017-10-13,0.14891064
2017-10-16,-0.20610797
2017-10-17,-0.042982984
2017-10-18,0.6737471
2017-10-19,-0.32615438
2017-10-20,-0.13407482
2017-10-23,0.055168223
2017-10-24,0.61394703
2017-10-25,0.36070225
2017-10-26,0.33818024
2017-10-27,0.5991909
2017-10-30,-0.30572525
2017-10-31,-0.101147056
2017-11-01,-0.258939
2017-11-02,-0.02296817
2017-11-03,-0.13329399
2017-11-06,0.59484583
2017-11-07,0.70491666
2017-11-08,-0.17157073
2017-11-09,0.5797072
2017-11-10,0.7529777
2017-11-13,0.315892
2017-11-14,-0.6544441
2017-11-15,-0.5926839
2017-11-16,0.65126765
2017-11-17,0.3094541
2017-11-20,0.46263543
2017-11-21,1.5542184
2017-11-22,0.17404602
2017-11-23,-2.6729658
2017-11-24,0.0048655975
2017-11-27,-1.2124845
2017-11-28,0.09491102
2017-11-29,-0.07988397
2017-11-30,-1.0819951
2017-12-01,-0.21152599
2017-12-04,0.4274714
2017-12-05,0.43822247
2017-12-06,-0.57147926
2017-12-07,-1.0277724
2017-12-08,0.6909785
2017-12-11,1.4374865
2017-12-12,-1.2056111
2017-12-13,0.7217763
2017-12-14,-0.561185
2017-12-15,-1.0369937
2017-12-18,0.06491004
2017-12-19,1.0845289
2017-12-20,-0.14126699
2017-12-21,0.79163694
2017-12-22,-0.32466707
2017-12-25,-0.3214003
2017-12-26,0.2320295
2017-12-27,-1.4065506
2017-12-28,0.5838823
2017-12-29,0.2307653
2018-01-02,1.2157725
2018-01-03,0.48869509
2018-01-04,0.34318396
2018-01-05,0.1801227
2018-01-08,0.42660028
2018-01-09,0.58979964
2018-01-10,0.35948053
2018-01-11,-0.08154656
2018-01-12,0.37700942
2018-01-15,-0.029363561
2018-01-16,0.6665656
2018-01-17,-0.25112537
2018-01-18,0.4544128
2018-01-19,0.25723925
2018-01-22,1.0303911
2018-01-23,0.9112371
2018-01-24,0.11349165
2018-01-25,-0.5379566
2018-01-26,0.29675895
2018-01-29,-1.6470047
2018-01-30,-0.9855437
2018-01-31,0.38012213
2018-02-01,-0.6596496
2018-02-02,0.4973533
2018-02-05,0.026410207
2018-02-06,-2.646104
2018-02-07,-2.1477468
2018-02-08,-0.8803491
2018-02-09,-3.0
2018-02-12,1.1130744
2018-02-13,1.0085915
2018-02-14,0.67501134
2018-02-22,1.8924518
2018-02-23,0.3692436
2018-02-26,1.001665
2018-02-27,-1.3205422
2018-02-28,-0.810276
2018-03-01,0.5291709
2018-03-02,-0.7524412
2018-03-05,0.0019122434
2018-03-06,1.0405685
2018-03-07,-0.689879
2018-03-08,0.8695821
2018-03-09,0.6489198
2018-03-12,0.37337616
2018-03-13,-0.82054365
2018-03-14,-0.42448086
2018-03-15,0.4648239
2018-03-16,-0.8989828
2018-03-19,0.3572177
2018-03-20,0.04120885
2018-03-21,-0.39835218
2018-03-22,-0.9275496
2018-03-23,-2.5926993
2018-03-26,-0.60589963
2018-03-27,0.7322193
2018-03-28,-1.641098
2018-03-29,1.1561105
2018-03-30,0.06740658
2018-04-02,-0.2990749
2018-04-03,-0.59472364
2018-04-04,-0.210129
2018-04-09,-0.07908189
2018-04-10,1.682838
2018-04-11,0.21910061
2018-04-12,-0.9329039
2018-04-13,-0.66279423
2018-04-16,-1.4681568
2018-04-17,-1.4434198
2018-04-18,0.38498774
2018-04-19,1.0436707
2018-04-20,-1.2264545
2018-04-23,0.095261596
2018-04-24,1.7914003
2018-04-25,-0.37724847
2018-04-26,-1.7383621
2018-04-27,-0.0015829126
2018-05-02,0.12618682
2018-05-03,0.6606695
2018-05-04,-0.46674144
2018-05-07,1.3725021
2018-05-08,0.9996572
2018-05-09,-0.19663706
2018-05-10,0.45914027
2018-05-11,-0.49720454
2018-05-14,0.8044702
2018-05-15,0.3030906
2018-05-16,-0.7441549
2018-05-17,-0.69354415
2018-05-18,0.86537516
2018-05-21,0.38067454
2018-05-22,-0.3760639
2018-05-23,-1.2121818
2018-05-24,-0.6670702
2018-05-25,-0.2839788
2018-05-28,0.35701585
2018-05-29,-0.7144195
2018-05-30,-1.9234833
2018-05-31,1.8565228
2018-06-01,-0.77938265
2018-06-04,0.83983606
2018-06-05,0.8488874
2018-06-06,-0.21898906
2018-06-07,-0.18158877
2018-06-08,-1.2299815
2018-06-11,-0.025762169
2018-06-12,1.0494392
2018-06-13,-0.9105307
2018-06-14,-0.38662907
2018-06-15,-0.5051191
2018-06-19,-3.0
2018-06-20,0.3181973
2018-06-21,-1.0756794
2018-06-22,0.3609572
2018-06-25,-1.2302206
2018-06-26,-0.769423
2018-06-27,-1.847684
2018-06-28,-0.9550328
2018-06-29,2.2422435
2018-07-02,-2.6492965
2018-07-03,3.1870724e-05
2018-07-04,-1.2245901
2018-07-05,-0.5989465
2018-07-06,0.57044345
2018-07-09,2.4565847
2018-07-10,0.18026082
2018-07-11,-1.5760498
2018-07-12,1.8885423
2018-07-13,0.2634434
2018-07-16,-0.56010145
2018-07-17,-0.6172456
2018-07-18,-0.5008378
2018-07-19,-0.11177594
2018-07-20,1.6435521
2018-07-23,0.80390716
2018-07-24,1.3799492
2018-07-25,-0.1327575
2018-07-26,-1.0682642
2018-07-27,-0.4128799
2018-07-30,-0.18997076
2018-07-31,0.030957095
2018-08-01,-1.8145863
2018-08-02,-2.0101557
2018-08-03,-1.5062264
2018-08-06,-1.1636798
2018-08-07,2.5682917
2018-08-08,-1.4724275
2018-08-09,2.1978264
2018-08-10,0.162052
2018-08-13,-0.4184679
2018-08-14,-0.49255142
2018-08-15,-2.1728768
2018-08-16,-0.44718346
2018-08-17,-1.3155757
2018-08-20,1.0039597
2018-08-21,1.5857704
2018-08-22,-0.53518915
2018-08-23,0.29080975
2018-08-24,0.10811612
2018-08-27,2.1427643
2018-08-28,-0.20189573
2018-08-29,-0.39075634
2018-08-30,-0.96802014
2018-08-31,-0.47559088
2018-09-03,-0.37324336
2018-09-04,1.0943557
2018-09-05,-1.7764423
2018-09-06,-0.98713195
2018-09-07,0.36881864
2018-09-10,-1.3279415
2018-09-11,-0.19596778
2018-09-12,-0.6476291
2018-09-13,0.9269494
2018-09-14,0.11770921
2018-09-17,-1.0560365
2018-09-18,1.7593808
2018-09-19,1.1390703
2018-09-20,-0.09779
2018-09-21,2.6675584
2018-09-25,-0.8361019
2018-09-26,0.95273286
2018-09-27,-0.3903898
2018-09-28,0.88922507
2018-10-08,-3.0
2018-10-09,-0.0941833
2018-10-10,-0.22659023
2018-10-11,-3.0
2018-10-12,1.2952474
2018-10-15,-1.2787809
2018-10-16,-0.76061076
2018-10-17,0.46199802
2018-10-18,-2.145091
2018-10-19,2.616342
2018-10-22,3.0
2018-10-23,-2.401034
2018-10-24,0.0993198
2018-10-25,0.13630046
2018-10-26,-0.6111477
2018-10-29,-2.7510598
2018-10-30,0.93216556
2018-10-31,1.2138071
2018-11-01,0.6214579
2018-11-02,3.0
2018-11-05,-0.7768064
2018-11-06,-0.572037
2018-11-07,-0.6180371
2018-11-08,-0.2871021
2018-11-09,-1.2917576
2018-11-12,1.026216
2018-11-13,0.8620712
2018-11-14,-0.9273743
2018-11-15,1.0063607
2018-11-16,0.38618818
2018-11-19,0.9758496
2018-11-20,-2.0954258
2018-11-21,0.1894502
2018-11-22,-0.36761287
2018-11-23,-2.0014708
2018-11-26,-0.09765721
2018-11-27,-0.14793327
2018-11-28,1.1499064
2018-11-29,-1.1915721
2018-11-30,0.9607112
2018-12-03,2.4447396
2018-12-04,0.15033421
2018-12-05,-0.46270448
2018-12-06,-1.9617227
2018-12-07,-0.037426855
2018-12-10,-1.0652152
2018-12-11,0.39217988
2018-12-12,0.2700194
2018-12-13,1.3452102
2018-12-14,-1.5229903
2018-12-17,-0.16709289
2018-12-18,-0.958204
2018-12-19,-1.0969532
2018-12-20,-0.71790403
2018-12-21,-1.1390331
2018-12-24,0.22457175
2018-12-25,-0.6479159
2018-12-26,-0.48476967
2018-12-27,-0.37657917
2018-12-28,0.56602407
2019-01-02,-1.2515103
2019-01-03,-0.17523587
2019-01-04,2.1006844
2019-01-07,0.5065852
2019-01-08,-0.22694081
2019-01-09,0.86541766
2019-01-10,-0.20198603
2019-01-11,0.60635114
2019-01-14,-0.8117049
2019-01-15,1.71456
2019-01-16,-0.015552914
2019-01-17,-0.5253092
2019-01-18,1.5912415
2019-01-21,0.45681372
2019-01-22,-1.2182584
2019-01-23,-0.09857084
2019-01-24,0.46859527
2019-01-25,0.6903305
2019-01-28,-0.053749975
2019-01-29,0.25089696
2019-01-30,-0.7455147
2019-01-31,0.8980002
2019-02-01,1.2394525
2019-02-11,1.5867902
2019-02-12,0.60877335
2019-02-13,1.7502446
2019-02-14,0.099744745
2019-02-15,-1.6960484
2019-02-18,2.822737
2019-02-19,-0.19311003
2019-02-20,0.2847968
2019-02-21,-0.27246282
2019-02-22,1.9694939
2019-02-25,3.0
2019-02-26,-1.1046447
2019-02-27,-0.18679431
2019-02-28,-0.25295794
2019-03-01,1.9169071
2019-03-04,1.0205963
2019-03-05,0.48021746
2019-03-06,0.7147222
2019-03-07,-0.94315565
2019-03-08,-3.0
2019-03-11,1.7290399
2019-03-12,0.57240885
2019-03-13,-0.773784
2019-03-14,-0.64956784
2019-03-15,1.0865155
2019-03-18,2.505687
2019-03-19,-0.44588205
2019-03-20,-5.3117874e-05
2019-03-21,-0.00065866165
2019-03-22,-0.106161386
2019-03-25,-2.1491332
2019-03-26,-1.0436121
2019-03-27,0.999944
2019-03-28,-0.39130345
2019-03-29,3.0
2019-04-01,2.303499
2019-04-02,-0.093657434
2019-04-03,1.1071783
2019-04-04,0.85351926
2019-04-08,-0.14413004
2019-04-09,0.36540848
2019-04-10,0.19339156
2019-04-11,-1.9596353
2019-04-12,-0.23415954
2019-04-15,-0.32690865
2019-04-16,2.4373455
2019-04-17,-0.002751506
2019-04-18,-0.36503133
2019-04-19,1.0277458
2019-04-22,-2.088903
2019-04-23,-0.1806167
2019-04-24,0.21136664
2019-04-25,-1.9863535
2019-04-26,-1.2222422
2019-04-29,0.21901561
2019-04-30,0.2598314
2019-05-06,-3.0
2019-05-07,0.8375626
2019-05-08,-1.3088882
2019-05-09,-1.6808513
2019-05-10,3.0
2019-05-13,-1.5089619
2019-05-14,-0.6070523
2019-05-15,1.968931
2019-05-16,0.36900988
2019-05-17,-2.3004768
2019-05-20,-0.79076046
2019-05-21,1.1722265
2019-05-22,-0.45719084
2019-05-23,-1.6318077
2019-05-24,0.21300268
2019-05-27,1.03889
2019-05-28,0.8247187
2019-05-29,-0.23705977
2019-05-30,-0.5871437
2019-05-31,-0.31325734
2019-06-03,0.020195415
2019-06-04,-0.85749245
2019-06-05,-0.06810774
2019-06-06,-0.8377645
2019-06-10,1.1172495
2019-06-11,2.644314
2019-06-12,-0.709607
2019-06-13,-0.17206474
2019-06-14,-0.77223825
2019-06-17,-0.035732392
2019-06-18,0.27756214
2019-06-19,1.1396971
2019-06-20,2.6655505
2019-06-21,0.091777064
2019-06-24,0.13593927
2019-06-25,-0.96136445
2019-06-26,-0.19799687
2019-06-27,0.91650635
2019-06-28,-0.24887851
2019-07-01,2.5332763
2019-07-02,-0.0036438864
2019-07-03,-1.0220569
2019-07-04,-0.5020542
2019-07-05,0.4281088
2019-07-08,-2.1039724
2019-07-09,-0.26077157
2019-07-10,-0.1845315
2019-07-11,-0.070115596
2019-07-12,0.519121
2019-07-15,0.32726985
2019-07-16,-0.43853587
2019-07-17,-0.08604033
2019-07-18,-0.88316435
2019-07-19,0.90098536
2019-07-22,-0.6492279
2019-07-23,0.15956609
2019-07-24,0.66913646
2019-07-25,0.69430375
2019-07-26,0.13922195
2019-07-29,-0.13366051
2019-07-30,0.33665046
2019-07-31,-0.83934206
2019-08-01,-0.7753616
2019-08-02,-1.3472339
2019-08-05,-1.7406461
2019-08-06,-0.98866177
2019-08-07,-0.39949954
2019-08-08,1.143426
2019-08-09,-0.90299857
2019-08-12,1.5739251
2019-08-13,-0.8379185
2019-08-14,0.37039092
2019-08-15,0.24631819
2019-08-16,0.36459047
2019-08-19,1.9003452
2019-08-20,-0.113422595
2019-08-21,-0.17495966
2019-08-22,0.24246183
2019-08-23,0.60829526
2019-08-26,-1.3161069
2019-08-27,1.1733208
2019-08-28,-0.3696951
2019-08-29,-0.32493797
2019-08-30,0.18661371
2019-09-02,1.1086338
2019-09-03,0.08813318
2019-09-04,0.7146585
2019-09-05,0.8673724
2019-09-06,0.49197775
2019-09-09,0.5172406
2019-09-10,-0.34132484
2019-09-11,-0.6908511
2019-09-12,0.92433596
2019-09-16,-0.36337405
2019-09-17,-1.5316645
2019-09-18,0.39761916
2019-09-19,0.29150027
2019-09-20,0.22151215
2019-09-23,-1.0531096
2019-09-24,0.20415324
2019-09-25,-0.7218188
2019-09-26,-0.7214682
2019-09-27,0.2327519
2019-09-30,-0.91627276
2019-10-08,0.5064789
2019-10-09,0.09471979
2019-10-10,0.69370884
2019-10-11,0.8185996
2019-10-14,0.91142833
2019-10-15,-0.4174215
2019-10-16,-0.3414895
2019-10-17,0.023233758
2019-10-18,-1.3022537
2019-10-21,0.2295967
2019-10-22,0.31100515
2019-10-23,-0.60159177
2019-10-24,-0.043986913
2019-10-25,0.56709707
2019-10-28,0.6469545
2019-10-29,-0.4056665
2019-10-30,-0.46742135
2019-10-31,-0.13684227
2019-11-01,1.4705259
2019-11-04,0.5458605
2019-11-05,0.5187385
2019-11-06,-0.4336012
2019-11-07,0.122011766
2019-11-08,-0.45552295
2019-11-11,-1.6052593
2019-11-12,-0.018166313
2019-11-13,-0.11902122
2019-11-14,0.099872224
2019-11-15,-0.6907608
2019-11-18,0.67449075
2019-11-19,0.85748184
2019-11-20,-0.9188968
2019-11-21,-0.45093888
2019-11-22,-0.94175863
2019-11-25,0.6186214
2019-11-26,0.2746194
2019-11-27,-0.40157643
2019-11-28,-0.34057057
2019-11-29,-0.81040347
2019-12-02,0.1375753
2019-12-03,0.31474465
2019-12-04,-0.06373613
2019-12-05,0.64952534
2019-12-06,0.49446365
2019-12-09,-0.19283913
2019-12-10,0.07857196
2019-12-11,0.01964299
2019-12-12,-0.30212384
2019-12-13,1.7336718
2019-12-16,0.39960575
2019-12-17,1.1781013
2019-12-18,-0.23319808
2019-12-19,-0.15887555
2019-12-20,-0.2533935
2019-12-23,-1.147038
2019-12-24,0.5465723
2019-12-25,-0.081052564
2019-12-26,0.74986506
2019-12-27,-0.122043625
2019-12-30,1.2863024
2019-12-31,0.29199958
2020-01-02,1.1764122
2020-01-03,-0.19054444
2020-01-06,-0.37128332
2020-01-07,0.6331757
2020-01-08,-1.060679
2020-01-09,1.0936227
2020-01-10,-0.05973636
2020-01-13,0.8390393
2020-01-14,-0.3333253
2020-01-15,-0.52681774
2020-01-16,-0.41275775
2020-01-17,0.090395994
2020-01-20,0.6300417
2020-01-21,-1.5571027
2020-01-22,0.34731653
2020-01-23,-2.7957213
2020-02-03,-3.0
2020-02-04,2.3160563
2020-02-05,0.9752654
2020-02-06,1.6240578
2020-02-07,-0.032231927
2020-02-10,0.33433452
2020-02-11,0.7953233
2020-02-12,0.6864104
2020-02-13,-0.58267653
2020-02-14,0.591595
2020-02-17,1.9699825
2020-02-18,-0.46962044
2020-02-19,-0.17056149
2020-02-20,2.018936
2020-02-21,0.06955254
2020-02-24,-0.3920046
2020-02-25,-0.22812003
2020-02-26,-1.1330308
2020-02-27,0.22512418
2020-02-28,-3.0
2020-03-02,2.8973358
2020-03-03,0.44069776
2020-03-04,0.48164102
2020-03-05,1.9509132
2020-03-06,-1.47954
2020-03-09,-3.0
2020-03-10,1.8740623
2020-03-11,-1.2196926
2020-03-12,-1.7492406
2020-03-13,-1.2884697
2020-03-16,-3.0
2020-03-17,-0.46846247
2020-03-18,-1.798279
2020-03-19,-1.1902813
2020-03-20,1.5579897
2020-03-23,-3.0
2020-03-24,2.358901
2020-03-25,2.3601015
2020-03-26,-0.62022024
2020-03-27,0.25511453
2020-03-30,-0.8979152
2020-03-31,0.25774917
2020-03-20,1.5579897
2020-03-23,-3.0
2020-03-24,2.358901
2020-03-25,2.3601015
2020-03-26,-0.62022024
2020-03-27,0.25511453
2020-03-30,-0.8979152
2020-03-31,0.25774917
2020-04-01,-0.302246
2020-04-02,1.4073368
2020-04-03,-0.5429603
2020-04-07,2.0008867
2020-04-08,-0.44916475
2020-04-09,0.2594808
2020-04-10,-0.58966154
2020-04-13,-0.41083488
2020-04-14,1.6856852
2020-04-15,-0.69447905
2020-04-16,0.08338444
2020-04-17,0.8352786
2020-04-20,0.28982174
2020-04-21,-1.084513
2020-04-22,0.69894624
2020-04-23,-0.25793508
2020-04-24,-0.79717183
2020-04-27,0.57108086
2020-04-28,0.5805252
2020-04-29,0.3797078
2020-04-30,1.01521
2020-05-06,0.50489604
2020-05-07,-0.29156402
2020-05-08,0.8449354
2020-05-11,-0.111760005
2020-05-12,-0.033092435
2020-05-13,0.14597854
2020-05-14,-1.0008523
2020-05-15,-0.31595573
2020-05-18,0.19554815
2020-05-19,0.7229555
2020-05-20,-0.5080459
2020-05-21,-0.5196256
2020-05-22,-2.0775623
2020-05-25,0.08820754
2020-05-26,0.976689
2020-05-27,-0.6592937
2020-05-28,0.22095974
2020-05-29,0.2057149
2020-06-01,2.3696308
2020-06-02,0.2399972
2020-06-03,-0.032593127
2020-06-04,-0.06710912
2020-06-05,0.39228612
2020-06-08,0.42673838
2020-06-09,0.5212032
2020-06-10,-0.1956703
2020-06-11,-1.0010808
2020-06-12,0.12615494
2020-06-15,-1.1050801
2020-06-16,1.3081658
2020-06-17,0.032731235
2020-06-18,0.5598624
2020-06-19,1.1626546
2020-06-22,0.038149256
2020-06-23,0.39464456
2020-06-24,0.33738348
2020-06-29,-0.6646693
2020-06-30,1.1419387
2020-06-17,0.032731235
2020-06-18,0.5598624
2020-06-19,1.1626546
2020-06-22,0.038149256
2020-06-23,0.39464456
2020-06-24,0.33738348
2020-06-29,-0.6646693
2020-06-30,1.1419387
2020-07-01,1.759519
2020-07-02,1.8131044
2020-07-03,1.6869918
2020-07-06,3.0
2020-07-07,0.5005297
2020-07-08,1.4049146
2020-07-09,1.211948
2020-07-10,-1.6477696
2020-07-13,1.8373047
2020-07-14,-0.8840833
2020-07-15,-1.1879919
2020-07-16,-3.0
2020-07-17,0.52695054
2020-07-20,2.624671
2020-07-21,0.17007281
2020-07-22,0.41019747
2020-07-23,-0.07237841
2020-07-24,-3.0
2020-07-27,0.41775084
2020-07-28,0.74900454
2020-07-29,2.1261067
2020-07-30,-0.46973202
2020-07-31,0.7100691
2020-08-03,1.4132011
2020-08-04,0.049495235
2020-08-05,-0.0100074075
2020-08-06,-0.30199105
2020-08-07,-1.0604718
2020-08-10,0.2863372
2020-08-11,-0.84704417
2020-08-12,-0.684222
2020-08-13,-0.26318312
2020-08-14,1.2904669
2020-08-17,2.060591
2020-08-18,-0.08009644
2020-08-19,-1.3690494
2020-08-20,-1.1909399
2020-08-21,0.7215107
2020-08-24,0.66448337
2020-08-25,0.0799424
2020-08-26,-1.0790312
2020-08-27,0.44308805
2020-08-28,2.0925043
2020-08-31,-0.5504021
2020-09-01,0.44497904
2020-09-02,-0.0019016198
2020-09-03,-0.52730113
2020-09-04,-0.90160155
2020-09-07,-1.9184902
2020-09-08,0.4431624
2020-09-09,-2.1188083
2020-09-10,-0.085147955
2020-09-11,0.84677327
2020-09-14,0.42336008
2020-09-15,0.68281966
2020-09-16,-0.62598354
2020-09-17,-0.50594246
2020-09-18,1.9734033
2020-09-21,-0.8933842
2020-09-22,-1.0918326
2020-09-23,0.284085
2020-09-24,-1.744221
2020-09-25,0.10145514
2020-09-28,0.19741789
2020-09-29,0.15798318
2020-09-30,-0.119855165
2020-10-09,1.7867578
2020-10-12,2.6692476
2020-10-13,0.2620411
2020-10-14,-0.62551606
2020-10-15,-0.18947677
2020-10-16,-0.16550998
2020-10-19,-0.70742387
2020-10-20,0.6773379
2020-10-21,-0.046260357
2020-10-22,-0.31039962
2020-10-23,-1.1440847
2020-10-26,-0.5491007
2020-10-27,0.118410364
2020-10-28,0.68610233
2020-10-29,0.636214
2020-10-30,-1.4830245
2020-11-02,0.4495578
2020-11-03,1.036521
2020-11-04,0.63890177
2020-11-05,1.2884909
2020-11-06,-0.02332937
2020-11-09,1.7099706
2020-11-10,-0.5259041
2020-11-11,-0.91546
2020-11-12,0.030383425
2020-11-13,-0.9714409
2020-11-16,0.83387625
2020-11-17,-0.20493408
2020-11-18,-0.09109715
2020-11-19,0.62725836
2020-11-20,0.24227062
2020-11-23,1.0786434
2020-11-24,-0.5817576
2020-11-25,-1.1735544
2020-11-26,0.12696235
2020-11-27,1.0737566
2020-11-30,-0.40141708
2020-12-01,1.8852384
2020-12-02,-0.033570495
2020-12-03,-0.21174379
2020-12-04,0.12168243
2020-12-07,-0.80281293
2020-12-08,-0.25364846
2020-12-09,-1.2293973
2020-12-10,-0.07358419
2020-12-11,-0.9524406
2020-12-14,0.7895122
2020-12-15,0.15098225
2020-12-16,0.123605296
2020-12-17,1.1099405
2020-12-18,-0.3454043
2020-12-21,0.8010388
2020-12-22,-1.4835345
2020-12-23,0.7258026
2020-12-24,-0.16089404
2020-12-25,0.7141592
2020-12-28,0.3615415
2020-12-29,-0.4123381
2020-12-30,1.2163143
2020-12-31,1.6661165
2021-01-04,0.93060386
2021-01-05,1.670674
2021-01-06,0.7817039
2021-01-07,1.5445721
2021-01-08,-0.32897493
2021-01-11,-0.9145038
2021-01-12,2.5074291
2021-01-13,-0.32709455
2021-01-14,-1.752109
2021-01-15,-0.23599209
2021-01-18,0.9524354
2021-01-19,-1.3423896
2021-01-20,0.60332346
2021-01-21,1.4063382
2021-01-22,0.04258991
2021-01-25,0.86397284
2021-01-26,-1.8236535
2021-01-27,0.20865764
2021-01-28,-2.4664168
2021-01-29,-0.4516666
2021-02-01,1.0593297
2021-02-02,1.3381985
2021-02-03,-0.29181367
2021-02-04,-0.21722023
2021-02-05,0.119727686
2021-02-08,1.2844326
2021-02-09,1.914453
2021-02-10,1.8693242
2021-02-18,-0.6380094
2021-02-19,0.12721731
2021-02-22,-2.833488
2021-02-23,-0.31563172
2021-02-24,-2.3039665
2021-02-25,0.48990616
2021-02-26,-2.1981027
2021-03-01,1.3352877
2021-03-02,-1.17169
2021-03-03,1.6744878
2021-03-04,-2.8376844
2021-03-05,-0.3366292
2021-03-08,-3.0
2021-03-09,-1.9469719
2021-03-10,0.5502693
2021-03-11,2.1848657
2021-03-12,0.2812379
2021-03-15,-1.9536487
2021-03-16,0.74108994
2021-03-17,0.3427484
2021-03-18,0.68035495
2021-03-19,-2.368611
2021-03-22,0.8566107
2021-03-23,-0.8785803
2021-03-24,-1.4676096
2021-03-25,-0.07667034
2021-03-26,1.9852169
2021-03-29,0.12282977
2021-03-30,0.81056815
2021-03-31,-0.84546125
2021-04-01,1.0674249
2021-04-02,0.8510758
2021-04-06,-0.40068406
2021-04-07,-0.66889745
2021-04-08,0.11343853
2021-04-09,-1.3744197
2021-04-12,-1.5846071
2021-04-13,-0.18031925
2021-04-14,0.7050123
2021-04-15,-0.60076314
2021-04-16,0.27545866
2021-04-19,2.1339786
2021-04-20,-0.09835306
2021-04-21,0.23523782
2021-04-22,-0.20045623
2021-04-23,0.77478796
2021-04-26,-1.0446321
2021-04-27,0.19874583
2021-04-28,0.46844655
2021-04-29,0.74771905
2021-04-30,-0.73640496
2021-05-06,-1.1191405
2021-05-07,-1.1801835
2021-05-10,-0.099155135
2021-05-11,0.5125131
2021-05-12,0.34685972
2021-05-13,-0.94550884
2021-05-14,2.0648937
2021-05-17,1.2628881
2021-05-18,0.010570457
2021-05-19,-0.29772568
2021-05-20,0.20924193
2021-05-21,-0.9324258
2021-05-24,0.33774468
2021-05-25,2.7812624
2021-05-26,0.0010411104
2021-05-27,0.26107436
2021-05-28,-0.32060355
2021-05-31,0.14115544
2021-06-01,0.1346007
2021-06-02,-0.8970175
2021-06-03,-0.6187542
2021-06-04,0.42332822
2021-06-07,-0.11284361
2021-06-08,-0.80286604
2021-06-09,0.03940284
2021-06-10,0.5615515
2021-06-11,-0.8249471
2021-06-15,-1.0261364
2021-06-16,-1.5189747
2021-06-17,0.34101674
2021-06-18,-0.02437048
2021-06-21,-0.24538335
2021-06-22,0.52186185
2021-06-23,0.40467322
2021-06-24,0.114150316
2021-06-25,1.4173974
2021-06-28,0.16616334
2021-06-29,-1.0731564
2021-06-30,0.54071873
2021-07-01,0.06153175
2021-07-02,-2.565726
2021-07-05,0.04761486
2021-07-06,-0.08148813
2021-07-07,0.9716853
2021-07-08,-0.93991554
2021-07-09,-0.3640221
2021-07-12,1.0778998
2021-07-13,0.12865148
2021-07-14,-1.0571573
2021-07-15,1.1644075
2021-07-16,-1.0150878
2021-07-19,0.2930938
2021-07-20,-0.11282236
2021-07-21,0.57697695
2021-07-22,0.09916045
2021-07-23,-1.1159428
2021-07-26,-2.9049368
2021-07-27,-3.0
2021-07-28,0.13759655
2021-07-29,1.6465372
2021-07-30,-0.7528874
2021-08-02,2.2359014
2021-08-03,-0.021332137
2021-08-04,0.7672877
2021-08-05,-0.5745335
2021-08-06,-0.5225099
2021-08-09,1.1244416
2021-08-10,0.99495083
2021-08-11,-0.525766
2021-08-12,-0.7804981
2021-08-13,-0.524794
2021-08-16,-0.12295726
2021-08-17,-1.904074
2021-08-18,1.0126498
2021-08-19,-0.6188657
2021-08-20,-1.7366092
2021-08-23,1.2102802
2021-08-24,0.93331283
2021-08-25,0.14367323
2021-08-26,-1.7909807
2021-08-27,0.4376594
2021-08-30,-0.28866377
2021-08-31,-0.17622386
2021-09-01,1.1496408
2021-09-02,-0.035254333
2021-09-03,-0.5166032
2021-09-06,1.6339058
2021-09-07,1.0331851
2021-09-08,-0.4038127
2021-09-09,-0.0723731
2021-09-10,0.7457643
2021-09-13,-0.42299888
2021-09-14,-1.3644176
2021-09-15,-0.9377217
2021-09-16,-1.1260086
2021-09-17,0.8598509
2021-09-22,-0.6615353
2021-09-23,0.54647666
2021-09-24,-0.10357986
2021-09-27,0.47909138
2021-09-28,0.08361816
2021-09-29,-0.9449298
2021-09-30,0.5639312
2021-10-08,1.1295409
2021-10-11,0.07860383
2021-10-12,-0.97959447
2021-10-13,0.9924225
2021-10-14,-0.512375
2021-10-15,0.30107212
2021-10-18,-1.0703251
2021-10-19,0.842152
2021-10-20,-0.26137713
2021-10-21,0.28923744
2021-10-22,0.5390508
2021-10-25,0.3213419
2021-10-26,-0.32833752
2021-10-27,-1.2003418
2021-10-28,-0.6534614
2021-10-29,0.78331864
2021-11-01,-0.3627154
2021-11-02,-0.96077484
2021-11-03,-0.3793413
2021-11-04,0.84604025
2021-11-05,-0.5175381
2021-11-08,0.07297333
2021-11-09,-0.06076685
2021-11-10,-0.50421613
2021-11-11,1.397425
2021-11-12,-0.22136343
2021-11-15,-0.14371572
2021-11-16,-0.017178321
2021-11-17,0.010018031
2021-11-18,-0.9123951
2021-11-19,0.9316238
2021-11-22,0.37276
2021-11-23,-0.017210191
2021-11-24,0.025687804
2021-11-25,-0.40082216
2021-11-26,-0.6953342
2021-11-29,-0.19398117
2021-11-30,-0.3906979
2021-12-01,0.18370286
2021-12-02,0.19212735
2021-12-03,0.7887473
2021-12-06,-0.18706521
2021-12-07,0.5025907
2021-12-08,1.3023015
2021-12-09,1.4418846
2021-12-10,-0.4480227
2021-12-13,0.47127238
2021-12-14,-0.63224614
2021-12-15,-0.8073067
2021-12-16,0.47891074
2021-12-17,-1.4499321
2021-12-20,-1.3715088
2021-12-21,0.5694236
2021-12-22,-0.016806494
2021-12-23,0.5873137
2021-12-24,-0.52769953
2021-12-27,-0.070986725
2021-12-28,0.6293831
2021-12-29,-1.3377789
2021-12-30,0.6596178
2021-12-31,0.30717003
2022-01-04,-0.4422116
2022-01-05,-0.93403
2022-01-06,-0.9476547
2022-01-07,0.042133097
2022-01-10,0.3661734
2022-01-11,-0.8856556
2022-01-12,0.85357237
2022-01-13,-1.4994432
2022-01-14,-0.76713896
2022-01-17,0.73003083
2022-01-18,0.82683283
2022-01-19,-0.64479256
2022-01-20,0.7696674
2022-01-21,-0.8509218
2022-01-24,0.10403667
2022-01-25,-2.0504136
2022-01-26,0.61059
2022-01-27,-1.7824658
2022-01-28,-1.1166387
2022-02-07,1.3387085
2022-02-08,-0.521251
2022-02-09,0.80264294
2022-02-10,-0.2680753
2022-02-11,-0.77321565
2022-02-14,-0.9970915
2022-02-15,0.9135106
2022-02-16,0.31213126
2022-02-17,0.18128069
2022-02-18,0.39050135
2022-02-21,-0.35860938
2022-02-22,-1.1912745
2022-02-23,0.9181956
2022-02-24,-1.8411453
2022-02-25,0.83341944
2022-02-28,0.12580438
2022-03-01,0.70552224
2022-03-02,-0.826955
2022-03-03,-0.5593684
2022-03-04,-1.1151248
2022-03-07,-2.8815172
2022-03-08,-1.8234994
2022-03-09,-0.8501569
2022-03-10,1.3676472
2022-03-11,0.24968588
2022-03-14,-2.7610404
2022-03-15,-3.0
2022-03-16,3.0
2022-03-17,1.7156436
2022-03-18,0.55876815
2022-03-21,-0.18387814
2022-03-22,-0.10660757
2022-03-23,0.41006997
2022-03-24,-0.55976146
2022-03-25,-1.6428615
2022-03-28,-0.5917278
2022-03-29,-0.34205785
2022-03-30,2.5514002
2022-03-31,-0.69431967
2022-04-01,1.096013
2022-04-06,-0.29107532
2022-04-07,-1.1785263
2022-04-08,0.4243693
2022-04-11,-2.787387
2022-04-12,1.7023323
2022-04-13,-0.8922156
2022-04-14,1.0814055
2022-04-15,-0.09437453
2022-04-18,-0.51016533
2022-04-19,-0.70778507
2022-04-20,-1.4161756
2022-04-21,-1.675375
2022-04-22,0.3541156
2022-04-25,-3.0
2022-04-26,-0.75371075
2022-04-27,2.5894964
2022-04-28,0.5505986
2022-04-29,2.127764
2022-05-05,-0.16820838
2022-05-06,-2.2876487
2022-05-09,-0.74979067
2022-05-10,0.940845
2022-05-11,1.2513615
2022-05-12,-0.43069035
2022-05-13,0.63780755
2022-05-16,-0.7507521
2022-05-17,1.0772942
2022-05-18,-0.3455371
2022-05-19,0.13732032
2022-05-20,1.7035965
2022-05-23,-0.5505561
2022-05-24,-2.1189623
2022-05-25,0.5063833
2022-05-26,0.18634813
2022-05-27,0.14982428
2022-05-30,0.58296865
2022-05-31,1.3480254
2022-06-01,-0.21604633
2022-06-02,0.10509902
2022-06-06,1.6330134
2022-06-07,0.24462907
2022-06-08,0.83316445
2022-06-09,-0.9665116
2022-06-10,1.3169621
2022-06-13,-1.0780007
2022-06-14,0.6667249
2022-06-15,1.1455826
2022-06-16,-0.62089485
2022-06-17,1.2023869
2022-06-20,0.40794528
2022-06-21,-0.13454226
2022-06-22,-1.1663517
2022-06-23,1.4942695
2022-06-24,1.0097389
2022-06-27,0.96918875
2022-06-28,0.8930814
2022-06-29,-1.4069012
2022-06-30,1.2486206
2022-07-01,-0.3978688
2022-07-04,0.5504393
2022-07-05,-0.16307187
2022-07-06,-1.3359145
2022-07-07,0.35850316
2022-07-08,-0.32906523
2022-07-11,-1.5267352
2022-07-12,-0.8734225
2022-07-13,0.1276635
2022-07-14,-0.021757081
2022-07-15,-1.550856
2022-07-18,0.88978815
2022-07-19,-0.51698565
2022-07-20,0.26749098
2022-07-21,-1.0276396
2022-07-22,0.011399096
2022-07-25,-0.57246196
2022-07-26,0.67073
2022-07-27,-0.4738858
2022-07-28,-0.020939065
2022-07-29,-1.2063547
2022-08-01,0.36259323
2022-08-02,-1.7716404
2022-08-03,-0.9033916
2022-08-04,0.72293425
2022-08-05,1.1687738
2022-08-08,-0.22382809
2022-08-09,0.14212218
2022-08-10,-1.0325583
2022-08-11,1.7828802
2022-08-12,-0.08520107
2022-08-15,-0.15075384
2022-08-16,-0.20135924
2022-08-17,0.8001145
2022-08-18,-0.8133249
2022-08-19,-0.6532011
2022-08-22,0.6165923
2022-08-23,-0.4673364
2022-08-24,-1.7190963
2022-08-25,0.7038862
2022-08-26,-0.22262232
2022-08-29,-0.42545292
2022-08-30,-0.3335165
2022-08-31,0.032221302
2022-09-01,-0.8012884
2022-09-02,-0.47793868
2022-09-05,-0.21570638
2022-09-06,0.7835311
2022-09-07,0.025050389
2022-09-08,-0.41457438
2022-09-09,1.2038847
2022-09-13,0.3428015
2022-09-14,-1.026232
2022-09-15,-0.8726576
2022-09-16,-2.124184
2022-09-19,-0.1405021
2022-09-20,0.07533177
2022-09-21,-0.69381505
2022-09-22,-0.8194866
2022-09-23,-0.34123453
2022-09-26,-0.48144978
2022-09-27,1.2574806
2022-09-28,-1.490222
2022-09-29,-0.07084862
2022-09-30,-0.55268085
2022-10-10,-2.0006156
2022-10-11,0.12728105
2022-10-12,1.3192036
2022-10-13,-0.77932954
2022-10-14,2.098071
2022-10-17,0.057037972
2022-10-18,-0.2231057
2022-10-19,-1.4677106
2022-10-20,-0.5442457
2022-10-21,-0.319998
2022-10-24,-2.6420088
2022-10-25,-0.17957029
2022-10-26,0.68908757
2022-10-27,-0.66209304
2022-10-28,-2.2386687
2022-10-31,-0.8554209
2022-11-01,3.0
2022-11-02,1.0355542
2022-11-03,-0.75910753
2022-11-04,2.8795412
2022-11-07,0.15776008
2022-11-08,-0.6474644
2022-11-09,-0.8675955
2022-11-10,-0.7201615
2022-11-11,2.45003
2022-11-14,0.096833885
2022-11-15,1.6557585
2022-11-16,-0.7624221
2022-11-17,-0.399882
2022-11-18,-0.43335155
2022-11-21,-0.794893
2022-11-22,-0.023849925
2022-11-23,0.059141442
2022-11-24,-0.4292721
2022-11-25,0.41556236
2022-11-28,-1.0382898
2022-11-29,2.7150989
2022-11-30,0.0724634
2022-12-01,0.9308377
2022-12-02,-0.57944167
2022-12-05,1.7136357
2022-12-06,0.44704002
2022-12-07,-0.25351036
2022-12-08,-0.017751994
2022-12-09,0.84491414
2022-12-12,-1.0329567
2022-12-13,-0.20935348
2022-12-14,0.17350422
2022-12-15,-0.09967038
2022-12-16,0.016094716
2022-12-19,-1.4092969
2022-12-20,-1.504022
2022-12-21,0.0010092396
2022-12-22,0.0933281
2022-12-23,-0.21581261
2022-12-26,0.3210869
2022-12-27,0.9942816
2022-12-28,-0.41465405
2022-12-29,-0.3696473
2022-12-30,0.31067583
