dataset,weight_mode,label_mode,metric,best,median,mean,worst
etth1,pretrained,na,CSS_seasonality_bal_acc,0.7307692307692308,0.7307692307692308,0.7307692307692308,0.7307692307692308
etth1,pretrained,na,CSS_seasonality_margin,0.6257899523398687,0.6257899523398687,0.6257899523398687,0.6257899523398687
etth1,pretrained,na,CSS_seasonality_pvalue,0.047619047619047616,0.047619047619047616,0.047619047619047616,0.047619047619047616
etth1,pretrained,na,CSS_trend_bal_acc,0.6923076923076923,0.6923076923076923,0.6923076923076923,0.6923076923076923
etth1,pretrained,na,CSS_trend_margin,0.5406310623217098,0.5406310623217098,0.5406310623217098,0.5406310623217098
etth1,pretrained,na,CSS_trend_pvalue,0.047619047619047616,0.047619047619047616,0.047619047619047616,0.047619047619047616
etth1,pretrained,na,CSS_volatility_bal_acc,0.6346153846153846,0.6346153846153846,0.6346153846153846,0.6346153846153846
etth1,pretrained,na,CSS_volatility_margin,0.622175606013365,0.622175606013365,0.622175606013365,0.622175606013365
etth1,pretrained,na,CSS_volatility_pvalue,0.09523809523809523,0.09523809523809523,0.09523809523809523,0.09523809523809523
etth1,pretrained,na,FSS_pearson_h192_ci_high,-0.0187741297762841,-0.0187741297762841,-0.0187741297762841,-0.0187741297762841
etth1,pretrained,na,FSS_pearson_h192_ci_low,-0.04698284203186631,-0.04698284203186631,-0.04698284203186631,-0.04698284203186631
etth1,pretrained,na,FSS_pearson_h192_pvalue,2.327350102859782e-06,2.327350102859782e-06,2.327350102859782e-06,2.327350102859782e-06
etth1,pretrained,na,FSS_pearson_h192_raw_corr,0.03344087302684784,0.03344087302684784,0.03344087302684784,0.03344087302684784
etth1,pretrained,na,FSS_pearson_h192_score,-0.03344087302684784,-0.03344087302684784,-0.03344087302684784,-0.03344087302684784
etth1,pretrained,na,FSS_pearson_h336_ci_high,0.0321091971360147,0.0321091971360147,0.0321091971360147,0.0321091971360147
etth1,pretrained,na,FSS_pearson_h336_ci_low,0.008333912980742755,0.008333912980742755,0.008333912980742755,0.008333912980742755
etth1,pretrained,na,FSS_pearson_h336_pvalue,0.00553854089230299,0.00553854089230299,0.00553854089230299,0.00553854089230299
etth1,pretrained,na,FSS_pearson_h336_raw_corr,-0.01965521089732647,-0.01965521089732647,-0.01965521089732647,-0.01965521089732647
etth1,pretrained,na,FSS_pearson_h336_score,0.01965521089732647,0.01965521089732647,0.01965521089732647,0.01965521089732647
etth1,pretrained,na,FSS_pearson_h720_ci_high,0.03669619634747505,0.03669619634747505,0.03669619634747505,0.03669619634747505
etth1,pretrained,na,FSS_pearson_h720_ci_low,0.012990842154249553,0.012990842154249553,0.012990842154249553,0.012990842154249553
etth1,pretrained,na,FSS_pearson_h720_pvalue,0.0003804965817835182,0.0003804965817835182,0.0003804965817835182,0.0003804965817835182
etth1,pretrained,na,FSS_pearson_h720_raw_corr,-0.02517770417034626,-0.02517770417034626,-0.02517770417034626,-0.02517770417034626
etth1,pretrained,na,FSS_pearson_h720_score,0.02517770417034626,0.02517770417034626,0.02517770417034626,0.02517770417034626
etth1,pretrained,na,FSS_pearson_h96_ci_high,-0.046827552281320094,-0.046827552281320094,-0.046827552281320094,-0.046827552281320094
etth1,pretrained,na,FSS_pearson_h96_ci_low,-0.07746958397328854,-0.07746958397328854,-0.07746958397328854,-0.07746958397328854
etth1,pretrained,na,FSS_pearson_h96_pvalue,3.0845897982298955e-18,3.0845897982298955e-18,3.0845897982298955e-18,3.0845897982298955e-18
etth1,pretrained,na,FSS_pearson_h96_raw_corr,0.0616348534822464,0.0616348534822464,0.0616348534822464,0.0616348534822464
etth1,pretrained,na,FSS_pearson_h96_score,-0.0616348534822464,-0.0616348534822464,-0.0616348534822464,-0.0616348534822464
etth1,pretrained,na,FSS_pearson_havg_ci_high,0.031198750203475355,0.031198750203475355,0.031198750203475355,0.031198750203475355
etth1,pretrained,na,FSS_pearson_havg_ci_low,0.005153769941534852,0.005153769941534852,0.005153769941534852,0.005153769941534852
etth1,pretrained,na,FSS_pearson_havg_pvalue,0.007386867888271809,0.007386867888271809,0.007386867888271809,0.007386867888271809
etth1,pretrained,na,FSS_pearson_havg_raw_corr,-0.01898340880870819,-0.01898340880870819,-0.01898340880870819,-0.01898340880870819
etth1,pretrained,na,FSS_pearson_havg_score,0.01898340880870819,0.01898340880870819,0.01898340880870819,0.01898340880870819
etth1,pretrained,na,FSS_spearman_h192_ci_high,-0.008196643713876444,-0.008196643713876444,-0.008196643713876444,-0.008196643713876444
etth1,pretrained,na,FSS_spearman_h192_ci_low,-0.034778030807136213,-0.034778030807136213,-0.034778030807136213,-0.034778030807136213
etth1,pretrained,na,FSS_spearman_h192_pvalue,0.003101503709093494,0.003101503709093494,0.003101503709093494,0.003101503709093494
etth1,pretrained,na,FSS_spearman_h192_raw_corr,0.020945200018660667,0.020945200018660667,0.020945200018660667,0.020945200018660667
etth1,pretrained,na,FSS_spearman_h192_score,-0.020945200018660667,-0.020945200018660667,-0.020945200018660667,-0.020945200018660667
etth1,pretrained,na,FSS_spearman_h336_ci_high,0.006437957502961136,0.006437957502961136,0.006437957502961136,0.006437957502961136
etth1,pretrained,na,FSS_spearman_h336_ci_low,-0.0211655604539088,-0.0211655604539088,-0.0211655604539088,-0.0211655604539088
etth1,pretrained,na,FSS_spearman_h336_pvalue,0.31239951377430075,0.31239951377430075,0.31239951377430075,0.31239951377430075
etth1,pretrained,na,FSS_spearman_h336_raw_corr,0.007158597919879775,0.007158597919879775,0.007158597919879775,0.007158597919879775
etth1,pretrained,na,FSS_spearman_h336_score,-0.007158597919879775,-0.007158597919879775,-0.007158597919879775,-0.007158597919879775
etth1,pretrained,na,FSS_spearman_h720_ci_high,0.015314308541957387,0.015314308541957387,0.015314308541957387,0.015314308541957387
etth1,pretrained,na,FSS_spearman_h720_ci_low,-0.011758862715942798,-0.011758862715942798,-0.011758862715942798,-0.011758862715942798
etth1,pretrained,na,FSS_spearman_h720_pvalue,0.7808542449969748,0.7808542449969748,0.7808542449969748,0.7808542449969748
etth1,pretrained,na,FSS_spearman_h720_raw_corr,-0.001971627898608078,-0.001971627898608078,-0.001971627898608078,-0.001971627898608078
etth1,pretrained,na,FSS_spearman_h720_score,0.001971627898608078,0.001971627898608078,0.001971627898608078,0.001971627898608078
etth1,pretrained,na,FSS_spearman_h96_ci_high,-0.031441807904596594,-0.031441807904596594,-0.031441807904596594,-0.031441807904596594
etth1,pretrained,na,FSS_spearman_h96_ci_low,-0.058591559558959116,-0.058591559558959116,-0.058591559558959116,-0.058591559558959116
etth1,pretrained,na,FSS_spearman_h96_pvalue,2.753073495787386e-10,2.753073495787386e-10,2.753073495787386e-10,2.753073495787386e-10
etth1,pretrained,na,FSS_spearman_h96_raw_corr,0.04469529405768032,0.04469529405768032,0.04469529405768032,0.04469529405768032
etth1,pretrained,na,FSS_spearman_h96_score,-0.04469529405768032,-0.04469529405768032,-0.04469529405768032,-0.04469529405768032
etth1,pretrained,na,FSS_spearman_havg_ci_high,0.00933119359053798,0.00933119359053798,0.00933119359053798,0.00933119359053798
etth1,pretrained,na,FSS_spearman_havg_ci_low,-0.018474633582303137,-0.018474633582303137,-0.018474633582303137,-0.018474633582303137
etth1,pretrained,na,FSS_spearman_havg_pvalue,0.5783308369110068,0.5783308369110068,0.5783308369110068,0.5783308369110068
etth1,pretrained,na,FSS_spearman_havg_raw_corr,0.003939081042756032,0.003939081042756032,0.003939081042756032,0.003939081042756032
etth1,pretrained,na,FSS_spearman_havg_score,-0.003939081042756032,-0.003939081042756032,-0.003939081042756032,-0.003939081042756032
etth1,pretrained,na,LLS_avgk,0.18541531602386385,0.18541531602386385,0.18541531602386385,0.18541531602386385
etth1,pretrained,na,LLS_k10,0.23846222640713677,0.23846222640713677,0.23846222640713677,0.23846222640713677
etth1,pretrained,na,LLS_k20,0.17396298496169038,0.17396298496169038,0.17396298496169038,0.17396298496169038
etth1,pretrained,na,LLS_k50,0.1438207367027644,0.1438207367027644,0.1438207367027644,0.1438207367027644
etth1,pretrained,na,LTC_dir,-0.47640201449394226,-0.47640201449394226,-0.47640201449394226,-0.47640201449394226
etth1,pretrained,na,LTC_step,0.9673710465431213,0.9673710465431213,0.9673710465431213,0.9673710465431213
etth1,pretrained,na,MCS_k10,0.9807692307692307,0.9807692307692307,0.9807692307692307,0.9807692307692307
etth1,pretrained,na,MCS_k20,0.9807692307692307,0.9807692307692307,0.9807692307692307,0.9807692307692307
etth1,pretrained,na,MCS_k50,0.9807692307692307,0.9807692307692307,0.9807692307692307,0.9807692307692307
etth1,pretrained,na,PDS_pearson_mae_h192_ci_high,-0.034412399811778106,-0.048706729312348006,-0.04487498012940278,-0.051505811264082234
etth1,pretrained,na,PDS_pearson_mae_h192_ci_low,-0.2790076298996294,-0.2822152856668638,-0.2866278490508352,-0.29866063158601247
etth1,pretrained,na,PDS_pearson_mae_h192_pvalue,0.009918173224704821,0.007994577280601206,0.00824426917340316,0.006820057014903456
etth1,pretrained,na,PDS_pearson_mae_h192_raw_corr,0.1687059774915891,0.16543450116239014,0.16501441869939354,0.16090277744420137
etth1,pretrained,na,PDS_pearson_mae_h192_score,-0.16090277744420137,-0.16543450116239014,-0.16501441869939354,-0.1687059774915891
etth1,pretrained,na,PDS_pearson_mae_h336_ci_high,-0.015378201027393224,-0.017589010681990726,-0.018619023462348946,-0.02288985867766288
etth1,pretrained,na,PDS_pearson_mae_h336_ci_low,-0.2646697558368906,-0.2648493167892873,-0.265862557993088,-0.26806860135308613
etth1,pretrained,na,PDS_pearson_mae_h336_pvalue,0.022464383201729395,0.017399986306784146,0.018238078071796608,0.014849864706876282
etth1,pretrained,na,PDS_pearson_mae_h336_raw_corr,0.15210867110970056,0.1485355330306062,0.14775453582690024,0.14261940334039397
etth1,pretrained,na,PDS_pearson_mae_h336_score,-0.14261940334039397,-0.1485355330306062,-0.14775453582690024,-0.15210867110970056
etth1,pretrained,na,PDS_pearson_mae_h720_ci_high,0.12945068092903061,0.09854994405063888,0.10719945399372581,0.0935977370015079
etth1,pretrained,na,PDS_pearson_mae_h720_ci_low,-0.16692799538698394,-0.1760323046232621,-0.17581119728005454,-0.18447329182991754
etth1,pretrained,na,PDS_pearson_mae_h720_pvalue,0.5248624712144668,0.4094543463623915,0.41795533061180623,0.3195491742585604
etth1,pretrained,na,PDS_pearson_mae_h720_raw_corr,0.062456439572700855,0.051772170339257545,0.05138329329544336,0.03992126997437168
etth1,pretrained,na,PDS_pearson_mae_h720_score,-0.03992126997437168,-0.051772170339257545,-0.05138329329544336,-0.062456439572700855
etth1,pretrained,na,PDS_pearson_mae_h96_ci_high,-0.062749498671396,-0.06700012000441144,-0.07320359514581071,-0.08986116676162467
etth1,pretrained,na,PDS_pearson_mae_h96_ci_low,-0.3362394896756337,-0.33939424371643506,-0.3459690533489024,-0.3622734266546384
etth1,pretrained,na,PDS_pearson_mae_h96_pvalue,0.0006129698882683363,0.0004810296689308985,0.0004899458546734494,0.0003758380068211136
etth1,pretrained,na,PDS_pearson_mae_h96_raw_corr,0.22061548938220235,0.21665692092352412,0.21665706758313377,0.2126987924436749
etth1,pretrained,na,PDS_pearson_mae_h96_score,-0.2126987924436749,-0.21665692092352412,-0.21665706758313377,-0.22061548938220235
etth1,pretrained,na,PDS_pearson_mae_havg_ci_high,0.04310165597068186,0.030813245014037337,0.03294929169373243,0.02493297409647811
etth1,pretrained,na,PDS_pearson_mae_havg_ci_low,-0.22702236926993252,-0.2450493438597697,-0.2419265257091443,-0.2537078639977307
etth1,pretrained,na,PDS_pearson_mae_havg_pvalue,0.09130690063776199,0.07155304294294511,0.07200133822620498,0.05314407109790786
etth1,pretrained,na,PDS_pearson_mae_havg_raw_corr,0.1210069845946264,0.11281426531032442,0.11319221257455998,0.10575538781872916
etth1,pretrained,na,PDS_pearson_mae_havg_score,-0.10575538781872916,-0.11281426531032442,-0.11319221257455998,-0.1210069845946264
etth1,pretrained,na,PDS_pearson_mse_h192_ci_high,-0.023105196482473122,-0.026159389761085162,-0.027078753225128538,-0.03197167343182732
etth1,pretrained,na,PDS_pearson_mse_h192_ci_low,-0.29091023636604685,-0.31091916670450703,-0.3081954616104347,-0.32275698176075013
etth1,pretrained,na,PDS_pearson_mse_h192_pvalue,0.013193461294804941,0.010301993716342038,0.010528257603413959,0.008089317799094898
etth1,pretrained,na,PDS_pearson_mse_h192_raw_corr,0.165189684278587,0.16009321775401641,0.16000419831666604,0.15472969291739477
etth1,pretrained,na,PDS_pearson_mse_h192_score,-0.15472969291739477,-0.16009321775401641,-0.16000419831666604,-0.165189684278587
etth1,pretrained,na,PDS_pearson_mse_h336_ci_high,-0.019289566394009545,-0.025995280816223203,-0.024390563518461444,-0.027886843345151593
etth1,pretrained,na,PDS_pearson_mse_h336_ci_low,-0.2730638802239172,-0.2820826771836613,-0.2795393983762448,-0.28347163772115586
etth1,pretrained,na,PDS_pearson_mse_h336_pvalue,0.02569304430206401,0.019961523159381267,0.02101125707691484,0.017379203769299245
etth1,pretrained,na,PDS_pearson_mse_h336_raw_corr,0.14856274836992173,0.14537982301822017,0.14445648293807337,0.13942687742607823
etth1,pretrained,na,PDS_pearson_mse_h336_score,-0.13942687742607823,-0.14537982301822017,-0.14445648293807337,-0.14856274836992173
etth1,pretrained,na,PDS_pearson_mse_h720_ci_high,0.1660657491039313,0.13182988244040839,0.1395154024070023,0.12065057567666718
etth1,pretrained,na,PDS_pearson_mse_h720_ci_low,-0.13050817282105237,-0.13593055288826014,-0.14243890611505555,-0.16087799263585414
etth1,pretrained,na,PDS_pearson_mse_h720_pvalue,0.9735319428215015,0.887134486379074,0.8740481528180594,0.761478029253603
etth1,pretrained,na,PDS_pearson_mse_h720_raw_corr,0.019062843808381334,0.008914137126292439,0.00863103509120261,-0.0020838756610659444
etth1,pretrained,na,PDS_pearson_mse_h720_score,0.0020838756610659444,-0.008914137126292439,-0.00863103509120261,-0.019062843808381334
etth1,pretrained,na,PDS_pearson_mse_h96_ci_high,-0.10042868988101199,-0.1044964264323237,-0.10950255688699828,-0.12358255434765916
etth1,pretrained,na,PDS_pearson_mse_h96_ci_low,-0.39650041678707515,-0.39952034843332185,-0.41549682856019193,-0.4504697204601789
etth1,pretrained,na,PDS_pearson_mse_h96_pvalue,4.812338603353124e-05,3.300976224962392e-05,3.441084746633174e-05,2.209939411584007e-05
etth1,pretrained,na,PDS_pearson_mse_h96_raw_corr,0.26180126521307145,0.2563821783290372,0.25645436316649617,0.2511796459573798
etth1,pretrained,na,PDS_pearson_mse_h96_score,-0.2511796459573798,-0.2563821783290372,-0.25645436316649617,-0.26180126521307145
etth1,pretrained,na,PDS_pearson_mse_havg_ci_high,0.04406741873086464,0.031543283188663486,0.033547589584225095,0.02503206683314716
etth1,pretrained,na,PDS_pearson_mse_havg_ci_low,-0.2231561412883658,-0.23585620630708595,-0.23928265455179942,-0.2588356160599465
etth1,pretrained,na,PDS_pearson_mse_havg_pvalue,0.10705154742190941,0.08416606813939444,0.08527413722256177,0.06460479610638149
etth1,pretrained,na,PDS_pearson_mse_havg_raw_corr,0.11567701897259858,0.10815051191145814,0.1082627875285075,0.1009608317014658
etth1,pretrained,na,PDS_pearson_mse_havg_score,-0.1009608317014658,-0.10815051191145814,-0.1082627875285075,-0.11567701897259858
etth1,pretrained,na,PDS_spearman_mae_h192_ci_high,0.030252966590561575,0.012306548787375837,0.017570122870056385,0.010150853232231746
etth1,pretrained,na,PDS_spearman_mae_h192_ci_low,-0.22600967008999898,-0.2363800736770069,-0.23297914882497728,-0.23654770270792602
etth1,pretrained,na,PDS_spearman_mae_h192_pvalue,0.08543245864931688,0.07461250644937237,0.0775191074061874,0.07251235711987296
etth1,pretrained,na,PDS_spearman_mae_h192_raw_corr,0.11243705653467612,0.11162522888532844,0.11059214541847866,0.10771415083543141
etth1,pretrained,na,PDS_spearman_mae_h192_score,-0.10771415083543141,-0.11162522888532844,-0.11059214541847866,-0.11243705653467612
etth1,pretrained,na,PDS_spearman_mae_h336_ci_high,0.051468727988753606,0.04480409848527694,0.044961312273155085,0.0386111103454347
etth1,pretrained,na,PDS_spearman_mae_h336_ci_low,-0.18518977786795665,-0.19927760475685935,-0.19793896911231798,-0.20934952471213789
etth1,pretrained,na,PDS_spearman_mae_h336_pvalue,0.24159991847133094,0.21194464639552874,0.20555558146893538,0.16312217953994648
etth1,pretrained,na,PDS_spearman_mae_h336_raw_corr,0.08742632753490501,0.07827806706340122,0.07971742198825055,0.0734478713664454
etth1,pretrained,na,PDS_spearman_mae_h336_score,-0.0734478713664454,-0.07827806706340122,-0.07971742198825055,-0.08742632753490501
etth1,pretrained,na,PDS_spearman_mae_h720_ci_high,0.1932053100259559,0.17289707718858524,0.17554366725416934,0.1605286145479669
etth1,pretrained,na,PDS_spearman_mae_h720_ci_low,-0.056303615114275125,-0.06065629014218872,-0.06255606726394482,-0.07070829653537061
etth1,pretrained,na,PDS_spearman_mae_h720_pvalue,0.41056732043623984,0.34911400828047184,0.34904182513270765,0.2874441466814113
etth1,pretrained,na,PDS_spearman_mae_h720_raw_corr,-0.05164940489814602,-0.05875629434653238,-0.05904740787365529,-0.06673652437628746
etth1,pretrained,na,PDS_spearman_mae_h720_score,0.06673652437628746,0.05875629434653238,0.05904740787365529,0.05164940489814602
etth1,pretrained,na,PDS_spearman_mae_h96_ci_high,0.04186328234116679,0.027534209698701222,0.03147164396107518,0.02501743984335751
etth1,pretrained,na,PDS_spearman_mae_h96_ci_low,-0.2152599862692804,-0.2243103304396689,-0.22559540014325005,-0.23721588372080088
etth1,pretrained,na,PDS_spearman_mae_h96_pvalue,0.12573091712212234,0.12306412598280345,0.12370191585570234,0.12231070446218124
etth1,pretrained,na,PDS_spearman_mae_h96_raw_corr,0.09681849393453879,0.0966246566720073,0.09646300640878917,0.09594586861982145
etth1,pretrained,na,PDS_spearman_mae_h96_score,-0.09594586861982145,-0.0966246566720073,-0.09646300640878917,-0.09681849393453879
etth1,pretrained,na,PDS_spearman_mae_havg_ci_high,0.07256357598482077,0.07153240105745608,0.06563411669278309,0.052806373036072426
etth1,pretrained,na,PDS_spearman_mae_havg_ci_low,-0.1608860774640487,-0.1780763118143315,-0.1783279498927588,-0.1960214603998962
etth1,pretrained,na,PDS_spearman_mae_havg_pvalue,0.44951064375471317,0.3567175001254453,0.3429349105971225,0.222576587911209
etth1,pretrained,na,PDS_spearman_mae_havg_raw_corr,0.07649419203479056,0.05783717669947356,0.06060049019607842,0.04747010185397115
etth1,pretrained,na,PDS_spearman_mae_havg_score,-0.04747010185397115,-0.05783717669947356,-0.06060049019607842,-0.07649419203479056
etth1,pretrained,na,PDS_spearman_mse_h192_ci_high,0.030252966590561575,0.012306548787375837,0.017570122870056385,0.010150853232231746
etth1,pretrained,na,PDS_spearman_mse_h192_ci_low,-0.22600967008999898,-0.2363800736770069,-0.23297914882497728,-0.23654770270792602
etth1,pretrained,na,PDS_spearman_mse_h192_pvalue,0.08543245864931688,0.07461250644937237,0.0775191074061874,0.07251235711987296
etth1,pretrained,na,PDS_spearman_mse_h192_raw_corr,0.11243705653467612,0.11162522888532844,0.11059214541847866,0.10771415083543141
etth1,pretrained,na,PDS_spearman_mse_h192_score,-0.10771415083543141,-0.11162522888532844,-0.11059214541847866,-0.11243705653467612
etth1,pretrained,na,PDS_spearman_mse_h336_ci_high,0.051468727988753606,0.04480409848527694,0.044961312273155085,0.0386111103454347
etth1,pretrained,na,PDS_spearman_mse_h336_ci_low,-0.18518977786795665,-0.19927760475685935,-0.19793896911231798,-0.20934952471213789
etth1,pretrained,na,PDS_spearman_mse_h336_pvalue,0.24159991847133094,0.21194464639552874,0.20555558146893538,0.16312217953994648
etth1,pretrained,na,PDS_spearman_mse_h336_raw_corr,0.08742632753490501,0.07827806706340122,0.07971742198825055,0.0734478713664454
etth1,pretrained,na,PDS_spearman_mse_h336_score,-0.0734478713664454,-0.07827806706340122,-0.07971742198825055,-0.08742632753490501
etth1,pretrained,na,PDS_spearman_mse_h720_ci_high,0.1932053100259559,0.17289707718858524,0.17554366725416934,0.1605286145479669
etth1,pretrained,na,PDS_spearman_mse_h720_ci_low,-0.056303615114275125,-0.06065629014218872,-0.06255606726394482,-0.07070829653537061
etth1,pretrained,na,PDS_spearman_mse_h720_pvalue,0.41056732043623984,0.34911400828047184,0.34904182513270765,0.2874441466814113
etth1,pretrained,na,PDS_spearman_mse_h720_raw_corr,-0.05164940489814602,-0.05875629434653238,-0.05904740787365529,-0.06673652437628746
etth1,pretrained,na,PDS_spearman_mse_h720_score,0.06673652437628746,0.05875629434653238,0.05904740787365529,0.05164940489814602
etth1,pretrained,na,PDS_spearman_mse_h96_ci_high,0.04186328234116679,0.027534209698701222,0.03147164396107518,0.02501743984335751
etth1,pretrained,na,PDS_spearman_mse_h96_ci_low,-0.2152599862692804,-0.2243103304396689,-0.22559540014325005,-0.23721588372080088
etth1,pretrained,na,PDS_spearman_mse_h96_pvalue,0.12573091712212234,0.12306412598280345,0.12370191585570234,0.12231070446218124
etth1,pretrained,na,PDS_spearman_mse_h96_raw_corr,0.09681849393453879,0.0966246566720073,0.09646300640878917,0.09594586861982145
etth1,pretrained,na,PDS_spearman_mse_h96_score,-0.09594586861982145,-0.0966246566720073,-0.09646300640878917,-0.09681849393453879
etth1,pretrained,na,PDS_spearman_mse_havg_ci_high,0.09534666546813847,0.08992717742957149,0.0821868683132455,0.06128676204202653
etth1,pretrained,na,PDS_spearman_mse_havg_ci_low,-0.14552972573193437,-0.1656902283089192,-0.1617925409016001,-0.17415766866394675
etth1,pretrained,na,PDS_spearman_mse_havg_pvalue,0.6251630796334731,0.5047749802264884,0.4855602565232693,0.3267427097098463
etth1,pretrained,na,PDS_spearman_mse_havg_raw_corr,0.06153653582055389,0.04187385557335774,0.04469582093537803,0.03067707141222247
etth1,pretrained,na,PDS_spearman_mse_havg_score,-0.03067707141222247,-0.04187385557335774,-0.04469582093537803,-0.06153653582055389
etth1,pretrained,na,TCS_avg,0.9997854232788086,0.9997854232788086,0.9997854232788086,0.9997854232788086
etth1,pretrained,na,TCS_resample,0.9993562698364258,0.9993562698364258,0.9993562698364258,0.9993562698364258
etth1,pretrained,na,TCS_scale,1.0,1.0,1.0,1.0
etth1,pretrained,na,TCS_shift,1.0,1.0,1.0,1.0
etth1,pretrained,stl,GSP_mask,0.0007115155458450317,0.0007115155458450317,0.0007115155458450317,0.0007115155458450317
etth1,pretrained,stl,GSP_noise,-0.0002901144325733185,-0.0002901144325733185,-0.0002901144325733185,-0.0002901144325733185
etth1,pretrained,stl,GSP_warp,-0.012041080743074417,-0.012041080743074417,-0.012041080743074417,-0.012041080743074417
etth1,pretrained,stl,LCS_clean,-0.048168882727622986,-0.048168882727622986,-0.048168882727622986,-0.048168882727622986
etth1,pretrained,stl,LCS_mask,-0.04888039827346802,-0.04888039827346802,-0.04888039827346802,-0.04888039827346802
etth1,pretrained,stl,LCS_noise,-0.04787876829504967,-0.04787876829504967,-0.04787876829504967,-0.04787876829504967
etth1,pretrained,stl,LCS_warp,-0.03612780198454857,-0.03612780198454857,-0.03612780198454857,-0.03612780198454857
etth1,pretrained,stl,TSI_mask,0.9998984336853027,0.9998984336853027,0.9998984336853027,0.9998984336853027
etth1,pretrained,stl,TSI_noise,0.9998518228530884,0.9998518228530884,0.9998518228530884,0.9998518228530884
etth1,pretrained,stl,TSI_warp,0.9991907477378845,0.9991907477378845,0.9991907477378845,0.9991907477378845
etth1,random-reset,na,CSS_seasonality_bal_acc,0.4807692307692308,0.4807692307692308,0.4807692307692308,0.4807692307692308
etth1,random-reset,na,CSS_seasonality_margin,0.5896856695713366,0.5896856695713366,0.5896856695713366,0.5896856695713366
etth1,random-reset,na,CSS_seasonality_pvalue,0.5238095238095238,0.5238095238095238,0.5238095238095238,0.5238095238095238
etth1,random-reset,na,CSS_trend_bal_acc,0.7307692307692308,0.7307692307692308,0.7307692307692308,0.7307692307692308
etth1,random-reset,na,CSS_trend_margin,0.6239417201044581,0.6239417201044581,0.6239417201044581,0.6239417201044581
etth1,random-reset,na,CSS_trend_pvalue,0.047619047619047616,0.047619047619047616,0.047619047619047616,0.047619047619047616
etth1,random-reset,na,CSS_volatility_bal_acc,0.5384615384615385,0.5384615384615385,0.5384615384615385,0.5384615384615385
etth1,random-reset,na,CSS_volatility_margin,0.5837427204584722,0.5837427204584722,0.5837427204584722,0.5837427204584722
etth1,random-reset,na,CSS_volatility_pvalue,0.2857142857142857,0.2857142857142857,0.2857142857142857,0.2857142857142857
etth1,random-reset,na,FSS_pearson_h192_ci_high,0.007481081562582403,0.007481081562582403,0.007481081562582403,0.007481081562582403
etth1,random-reset,na,FSS_pearson_h192_ci_low,-0.016780547471717,-0.016780547471717,-0.016780547471717,-0.016780547471717
etth1,random-reset,na,FSS_pearson_h192_pvalue,0.4923909306526184,0.4923909306526184,0.4923909306526184,0.4923909306526184
etth1,random-reset,na,FSS_pearson_h192_raw_corr,0.004862384404987097,0.004862384404987097,0.004862384404987097,0.004862384404987097
etth1,random-reset,na,FSS_pearson_h192_score,-0.004862384404987097,-0.004862384404987097,-0.004862384404987097,-0.004862384404987097
etth1,random-reset,na,FSS_pearson_h336_ci_high,-0.000492262264742749,-0.000492262264742749,-0.000492262264742749,-0.000492262264742749
etth1,random-reset,na,FSS_pearson_h336_ci_low,-0.023678185511380432,-0.023678185511380432,-0.023678185511380432,-0.023678185511380432
etth1,random-reset,na,FSS_pearson_h336_pvalue,0.08715517073869705,0.08715517073869705,0.08715517073869705,0.08715517073869705
etth1,random-reset,na,FSS_pearson_h336_raw_corr,0.012121597304940224,0.012121597304940224,0.012121597304940224,0.012121597304940224
etth1,random-reset,na,FSS_pearson_h336_score,-0.012121597304940224,-0.012121597304940224,-0.012121597304940224,-0.012121597304940224
etth1,random-reset,na,FSS_pearson_h720_ci_high,-0.0055280904285609726,-0.0055280904285609726,-0.0055280904285609726,-0.0055280904285609726
etth1,random-reset,na,FSS_pearson_h720_ci_low,-0.0316596245393157,-0.0316596245393157,-0.0316596245393157,-0.0316596245393157
etth1,random-reset,na,FSS_pearson_h720_pvalue,0.00870422087609768,0.00870422087609768,0.00870422087609768,0.00870422087609768
etth1,random-reset,na,FSS_pearson_h720_raw_corr,0.018590684980154037,0.018590684980154037,0.018590684980154037,0.018590684980154037
etth1,random-reset,na,FSS_pearson_h720_score,-0.018590684980154037,-0.018590684980154037,-0.018590684980154037,-0.018590684980154037
etth1,random-reset,na,FSS_pearson_h96_ci_high,0.032539283484220506,0.032539283484220506,0.032539283484220506,0.032539283484220506
etth1,random-reset,na,FSS_pearson_h96_ci_low,0.008678816980682314,0.008678816980682314,0.008678816980682314,0.008678816980682314
etth1,random-reset,na,FSS_pearson_h96_pvalue,0.0031882300972938538,0.0031882300972938538,0.0031882300972938538,0.0031882300972938538
etth1,random-reset,na,FSS_pearson_h96_raw_corr,-0.020889604464173317,-0.020889604464173317,-0.020889604464173317,-0.020889604464173317
etth1,random-reset,na,FSS_pearson_h96_score,0.020889604464173317,0.020889604464173317,0.020889604464173317,0.020889604464173317
etth1,random-reset,na,FSS_pearson_havg_ci_high,0.015286522591486574,0.015286522591486574,0.015286522591486574,0.015286522591486574
etth1,random-reset,na,FSS_pearson_havg_ci_low,-0.00832998368423432,-0.00832998368423432,-0.00832998368423432,-0.00832998368423432
etth1,random-reset,na,FSS_pearson_havg_pvalue,0.5870024561882019,0.5870024561882019,0.5870024561882019,0.5870024561882019
etth1,random-reset,na,FSS_pearson_havg_raw_corr,-0.0038495108019560575,-0.0038495108019560575,-0.0038495108019560575,-0.0038495108019560575
etth1,random-reset,na,FSS_pearson_havg_score,0.0038495108019560575,0.0038495108019560575,0.0038495108019560575,0.0038495108019560575
etth1,random-reset,na,FSS_spearman_h192_ci_high,0.030731008688492253,0.030731008688492253,0.030731008688492253,0.030731008688492253
etth1,random-reset,na,FSS_spearman_h192_ci_low,0.004425549087508818,0.004425549087508818,0.004425549087508818,0.004425549087508818
etth1,random-reset,na,FSS_spearman_h192_pvalue,0.01565236669099874,0.01565236669099874,0.01565236669099874,0.01565236669099874
etth1,random-reset,na,FSS_spearman_h192_raw_corr,-0.017117449490384268,-0.017117449490384268,-0.017117449490384268,-0.017117449490384268
etth1,random-reset,na,FSS_spearman_h192_score,0.017117449490384268,0.017117449490384268,0.017117449490384268,0.017117449490384268
etth1,random-reset,na,FSS_spearman_h336_ci_high,0.0026003899555270002,0.0026003899555270002,0.0026003899555270002,0.0026003899555270002
etth1,random-reset,na,FSS_spearman_h336_ci_low,-0.02355942141361173,-0.02355942141361173,-0.02355942141361173,-0.02355942141361173
etth1,random-reset,na,FSS_spearman_h336_pvalue,0.12516446347011012,0.12516446347011012,0.12516446347011012,0.12516446347011012
etth1,random-reset,na,FSS_spearman_h336_raw_corr,0.010866348684041778,0.010866348684041778,0.010866348684041778,0.010866348684041778
etth1,random-reset,na,FSS_spearman_h336_score,-0.010866348684041778,-0.010866348684041778,-0.010866348684041778,-0.010866348684041778
etth1,random-reset,na,FSS_spearman_h720_ci_high,0.0030744314735119105,0.0030744314735119105,0.0030744314735119105,0.0030744314735119105
etth1,random-reset,na,FSS_spearman_h720_ci_low,-0.026408741320266337,-0.026408741320266337,-0.026408741320266337,-0.026408741320266337
etth1,random-reset,na,FSS_spearman_h720_pvalue,0.09533745964534626,0.09533745964534626,0.09533745964534626,0.09533745964534626
etth1,random-reset,na,FSS_spearman_h720_raw_corr,0.011819831635036474,0.011819831635036474,0.011819831635036474,0.011819831635036474
etth1,random-reset,na,FSS_spearman_h720_score,-0.011819831635036474,-0.011819831635036474,-0.011819831635036474,-0.011819831635036474
etth1,random-reset,na,FSS_spearman_h96_ci_high,0.019750930026519623,0.019750930026519623,0.019750930026519623,0.019750930026519623
etth1,random-reset,na,FSS_spearman_h96_ci_low,-0.0068898655552407624,-0.0068898655552407624,-0.0068898655552407624,-0.0068898655552407624
etth1,random-reset,na,FSS_spearman_h96_pvalue,0.3502356110975217,0.3502356110975217,0.3502356110975217,0.3502356110975217
etth1,random-reset,na,FSS_spearman_h96_raw_corr,-0.006617743884401313,-0.006617743884401313,-0.006617743884401313,-0.006617743884401313
etth1,random-reset,na,FSS_spearman_h96_score,0.006617743884401313,0.006617743884401313,0.006617743884401313,0.006617743884401313
etth1,random-reset,na,FSS_spearman_havg_ci_high,0.007196392841202747,0.007196392841202747,0.007196392841202747,0.007196392841202747
etth1,random-reset,na,FSS_spearman_havg_ci_low,-0.021247458744136288,-0.021247458744136288,-0.021247458744136288,-0.021247458744136288
etth1,random-reset,na,FSS_spearman_havg_pvalue,0.35329111755393316,0.35329111755393316,0.35329111755393316,0.35329111755393316
etth1,random-reset,na,FSS_spearman_havg_raw_corr,0.006578202753855171,0.006578202753855171,0.006578202753855171,0.006578202753855171
etth1,random-reset,na,FSS_spearman_havg_score,-0.006578202753855171,-0.006578202753855171,-0.006578202753855171,-0.006578202753855171
etth1,random-reset,na,LLS_avgk,0.29637187589347985,0.29637187589347985,0.29637187589347985,0.29637187589347985
etth1,random-reset,na,LLS_k10,0.344000133452937,0.344000133452937,0.344000133452937,0.344000133452937
etth1,random-reset,na,LLS_k20,0.28506448172265664,0.28506448172265664,0.28506448172265664,0.28506448172265664
etth1,random-reset,na,LLS_k50,0.26005101250484586,0.26005101250484586,0.26005101250484586,0.26005101250484586
etth1,random-reset,na,LTC_dir,-0.41651687026023865,-0.41651687026023865,-0.41651687026023865,-0.41651687026023865
etth1,random-reset,na,LTC_step,1.72996187210083,1.72996187210083,1.72996187210083,1.72996187210083
etth1,random-reset,na,MCS_k10,1.0,1.0,1.0,1.0
etth1,random-reset,na,MCS_k20,1.0,1.0,1.0,1.0
etth1,random-reset,na,MCS_k50,1.0,1.0,1.0,1.0
etth1,random-reset,na,PDS_pearson_mae_h192_ci_high,0.12893672859963345,0.1245266069941984,0.12267436090569998,0.11455974712326811
etth1,random-reset,na,PDS_pearson_mae_h192_ci_low,-0.13318981503573987,-0.1380014629527171,-0.1400623724516874,-0.1489958393666052
etth1,random-reset,na,PDS_pearson_mae_h192_pvalue,0.6830999139418571,0.5983783087840434,0.6057082931927573,0.5356466568523714
etth1,random-reset,na,PDS_pearson_mae_h192_raw_corr,0.038888757336951886,0.03307372448399719,0.03253284633551116,0.0256360571855844
etth1,random-reset,na,PDS_pearson_mae_h192_score,-0.0256360571855844,-0.03307372448399719,-0.03253284633551116,-0.038888757336951886
etth1,random-reset,na,PDS_pearson_mae_h336_ci_high,0.0005624713792654136,-0.005466567302411009,-0.004042043087043034,-0.007222033337983505
etth1,random-reset,na,PDS_pearson_mae_h336_ci_low,-0.21925559904200387,-0.22025220723028407,-0.22015751581999646,-0.22096474118770149
etth1,random-reset,na,PDS_pearson_mae_h336_pvalue,0.07546059168507664,0.06151247889789419,0.06300626045751255,0.05204571078956679
etth1,random-reset,na,PDS_pearson_mae_h336_raw_corr,0.12156643790974808,0.11703294261809287,0.11663401060293603,0.11130265128096715
etth1,random-reset,na,PDS_pearson_mae_h336_score,-0.11130265128096715,-0.11703294261809287,-0.11663401060293603,-0.12156643790974808
etth1,random-reset,na,PDS_pearson_mae_h720_ci_high,0.17430832527897247,0.16559693499862094,0.16168973183924149,0.14516393524013105
etth1,random-reset,na,PDS_pearson_mae_h720_ci_low,-0.11185918995129812,-0.11696730685335784,-0.12021402709808383,-0.13181558448959557
etth1,random-reset,na,PDS_pearson_mae_h720_pvalue,0.994367272700295,0.8676670350748086,0.8358405599829536,0.6454873721737573
etth1,random-reset,na,PDS_pearson_mae_h720_raw_corr,0.028887882182101143,0.010464838375159841,0.01326537255175623,0.00044339709800770845
etth1,random-reset,na,PDS_pearson_mae_h720_score,-0.00044339709800770845,-0.010464838375159841,-0.01326537255175623,-0.028887882182101143
etth1,random-reset,na,PDS_pearson_mae_h96_ci_high,0.19387674011176428,0.16088726821189894,0.160596309323755,0.1270249196476017
etth1,random-reset,na,PDS_pearson_mae_h96_ci_low,-0.13202172942131574,-0.13699661208645245,-0.13767941614703513,-0.14401990693333722
etth1,random-reset,na,PDS_pearson_mae_h96_pvalue,0.8984352708278082,0.7382937905412029,0.7224018270519236,0.5304764197867596
etth1,random-reset,na,PDS_pearson_mae_h96_raw_corr,0.039382449827074395,0.020982489069920073,0.022793810576509952,0.00801649283253539
etth1,random-reset,na,PDS_pearson_mae_h96_score,-0.00801649283253539,-0.020982489069920073,-0.022793810576509952,-0.039382449827074395
etth1,random-reset,na,PDS_pearson_mae_havg_ci_high,0.20299953094444856,0.18714013258375445,0.18600338087719492,0.16787047910338176
etth1,random-reset,na,PDS_pearson_mae_havg_ci_low,-0.15356218783606798,-0.1549734123082045,-0.16531440282069176,-0.18740760831780282
etth1,random-reset,na,PDS_pearson_mae_havg_pvalue,0.9332575715184935,0.8527626131575673,0.791556773717437,0.5886501364762504
etth1,random-reset,na,PDS_pearson_mae_havg_raw_corr,0.033955999844202917,0.0116563183262174,0.01345080820444367,-0.00525989355708931
etth1,random-reset,na,PDS_pearson_mae_havg_score,0.00525989355708931,-0.0116563183262174,-0.01345080820444367,-0.033955999844202917
etth1,random-reset,na,PDS_pearson_mse_h192_ci_high,0.1264682712150906,0.1235138847431257,0.11919964408432913,0.1076167762947711
etth1,random-reset,na,PDS_pearson_mse_h192_ci_low,-0.11680865691065699,-0.1242668216139829,-0.12688664749290715,-0.13958446395408156
etth1,random-reset,na,PDS_pearson_mse_h192_pvalue,0.8181004212849577,0.7199404396403628,0.7292888306811517,0.6498256311181343
etth1,random-reset,na,PDS_pearson_mse_h192_raw_corr,0.028509026794995444,0.022515997568691697,0.021823088680642574,0.014444241678240577
etth1,random-reset,na,PDS_pearson_mse_h192_score,-0.014444241678240577,-0.022515997568691697,-0.021823088680642574,-0.028509026794995444
etth1,random-reset,na,PDS_pearson_mse_h336_ci_high,0.011363755916048246,0.0064780329884517335,0.00803810232366002,0.006272518066480082
etth1,random-reset,na,PDS_pearson_mse_h336_ci_low,-0.20781287295852288,-0.21538334701720732,-0.2155880873687744,-0.22356804213059306
etth1,random-reset,na,PDS_pearson_mse_h336_pvalue,0.2087307086771644,0.1727273711817941,0.17907970640152682,0.155781039345622
etth1,random-reset,na,PDS_pearson_mse_h336_raw_corr,0.08897218441096841,0.08548054793272278,0.08442755042203864,0.07882991892242476
etth1,random-reset,na,PDS_pearson_mse_h336_score,-0.07882991892242476,-0.08548054793272278,-0.08442755042203864,-0.08897218441096841
etth1,random-reset,na,PDS_pearson_mse_h720_ci_high,0.1721365371499412,0.1701806152956445,0.16144579584868035,0.14202023510045533
etth1,random-reset,na,PDS_pearson_mse_h720_ci_low,-0.07916014494068076,-0.08030855184274266,-0.08215002154392187,-0.08698136784834219
etth1,random-reset,na,PDS_pearson_mse_h720_pvalue,0.9815843039833844,0.7995580198271465,0.8299083785150874,0.708582811734731
etth1,random-reset,na,PDS_pearson_mse_h720_raw_corr,-0.0014497629886881906,-0.01594697923746914,-0.013622798429913055,-0.023471653063581833
etth1,random-reset,na,PDS_pearson_mse_h720_score,0.023471653063581833,0.01594697923746914,0.013622798429913055,0.0014497629886881906
etth1,random-reset,na,PDS_pearson_mse_h96_ci_high,0.18354661426222518,0.16508651385147743,0.1550457218838537,0.11650403753785853
etth1,random-reset,na,PDS_pearson_mse_h96_ci_low,-0.11423575046139899,-0.1219949002647786,-0.12254369535029706,-0.13140043532471357
etth1,random-reset,na,PDS_pearson_mse_h96_pvalue,0.9252191317431786,0.9010151163084551,0.8397404103524203,0.692986983005627
etth1,random-reset,na,PDS_pearson_mse_h96_raw_corr,0.024792835361854258,0.007811805053998953,0.008903164752051605,-0.0058951461596983955
etth1,random-reset,na,PDS_pearson_mse_h96_score,0.0058951461596983955,-0.007811805053998953,-0.008903164752051605,-0.024792835361854258
etth1,random-reset,na,PDS_pearson_mse_havg_ci_high,0.1927173865048762,0.18361024121220135,0.17924261017768214,0.1614002028159688
etth1,random-reset,na,PDS_pearson_mse_havg_ci_low,-0.12167121348197804,-0.12808478684144692,-0.134150938742164,-0.15269681590306705
etth1,random-reset,na,PDS_pearson_mse_havg_pvalue,0.9747358986218316,0.7884948913086891,0.8500383335178165,0.7868842106229288
etth1,random-reset,na,PDS_pearson_mse_havg_raw_corr,0.016847859516623417,-0.0019890538910659057,-0.0007068321818890604,-0.016979302171224692
etth1,random-reset,na,PDS_pearson_mse_havg_score,0.016979302171224692,0.0019890538910659057,0.0007068321818890604,-0.016847859516623417
etth1,random-reset,na,PDS_spearman_mae_h192_ci_high,0.19621070400017365,0.1936657165553659,0.19407403403202925,0.19234568154054812
etth1,random-reset,na,PDS_spearman_mae_h192_ci_low,-0.043013221845855314,-0.050210032909378144,-0.05084804749081117,-0.059320887717200045
etth1,random-reset,na,PDS_spearman_mae_h192_pvalue,0.2620290954704685,0.24836633359511998,0.2375494498771864,0.2022529205659708
etth1,random-reset,na,PDS_spearman_mae_h192_raw_corr,-0.07035791943236437,-0.07240501258869306,-0.07424134050507362,-0.07996108949416342
etth1,random-reset,na,PDS_spearman_mae_h192_score,0.07996108949416342,0.07240501258869306,0.07424134050507362,0.07035791943236437
etth1,random-reset,na,PDS_spearman_mae_h336_ci_high,0.06600588927274571,0.05397777483620972,0.05350600708543738,0.04053435714735672
etth1,random-reset,na,PDS_spearman_mae_h336_ci_low,-0.17636195719239298,-0.18569925992318947,-0.18311020446900253,-0.1872693962914252
etth1,random-reset,na,PDS_spearman_mae_h336_pvalue,0.28951503617025004,0.28904704806537007,0.2879869199507316,0.2853986756165748
etth1,random-reset,na,PDS_spearman_mae_h336_raw_corr,0.06701976997024489,0.06651550698100252,0.06666213664454107,0.06645113298237582
etth1,random-reset,na,PDS_spearman_mae_h336_score,-0.06645113298237582,-0.06651550698100252,-0.06666213664454107,-0.06701976997024489
etth1,random-reset,na,PDS_spearman_mae_h720_ci_high,0.24351884067850535,0.24219558886325973,0.2399092397998217,0.23401328985769998
etth1,random-reset,na,PDS_spearman_mae_h720_ci_low,0.0043477195075410585,-0.0028566586654483975,-0.0010279032219441713,-0.004574770507925175
etth1,random-reset,na,PDS_spearman_mae_h720_pvalue,0.06852096587327071,0.05019114313750153,0.05533643000830544,0.04729718101414408
etth1,random-reset,na,PDS_spearman_mae_h720_raw_corr,-0.1140342469672694,-0.12253376058594641,-0.12022416456855113,-0.1241044861524376
etth1,random-reset,na,PDS_spearman_mae_h720_score,0.1241044861524376,0.12253376058594641,0.12022416456855113,0.1140342469672694
etth1,random-reset,na,PDS_spearman_mae_h96_ci_high,0.21688978358184913,0.21075596761579685,0.21054889419900688,0.2040009313993747
etth1,random-reset,na,PDS_spearman_mae_h96_ci_low,-0.018856181799299807,-0.04407512290074483,-0.03964767715751435,-0.0560117267724984
etth1,random-reset,na,PDS_spearman_mae_h96_pvalue,0.1899259772523501,0.13983654145150318,0.15287144165292635,0.12885180625492573
etth1,random-reset,na,PDS_spearman_mae_h96_raw_corr,-0.08218842984664682,-0.09252975509269855,-0.0899612325474937,-0.09516551270313571
etth1,random-reset,na,PDS_spearman_mae_h96_score,0.09516551270313571,0.09252975509269855,0.0899612325474937,0.08218842984664682
etth1,random-reset,na,PDS_spearman_mae_havg_ci_high,0.335359324663841,0.3318058026486044,0.33242649539572544,0.330114358874731
etth1,random-reset,na,PDS_spearman_mae_havg_ci_low,0.09049023391772403,0.07162917914398374,0.07633057377350551,0.06687230825880879
etth1,random-reset,na,PDS_spearman_mae_havg_pvalue,0.001582756266200643,0.0010557703528173887,0.0011116732110374155,0.0006964930140942149
etth1,random-reset,na,PDS_spearman_mae_havg_raw_corr,-0.1964751659418631,-0.20355058365758752,-0.2035365167467765,-0.21058380064087887
etth1,random-reset,na,PDS_spearman_mae_havg_score,0.21058380064087887,0.20355058365758752,0.2035365167467765,0.1964751659418631
etth1,random-reset,na,PDS_spearman_mse_h192_ci_high,0.19621070400017365,0.1936657165553659,0.19407403403202925,0.19234568154054812
etth1,random-reset,na,PDS_spearman_mse_h192_ci_low,-0.043013221845855314,-0.050210032909378144,-0.05084804749081117,-0.059320887717200045
etth1,random-reset,na,PDS_spearman_mse_h192_pvalue,0.2620290954704685,0.24836633359511998,0.2375494498771864,0.2022529205659708
etth1,random-reset,na,PDS_spearman_mse_h192_raw_corr,-0.07035791943236437,-0.07240501258869306,-0.07424134050507362,-0.07996108949416342
etth1,random-reset,na,PDS_spearman_mse_h192_score,0.07996108949416342,0.07240501258869306,0.07424134050507362,0.07035791943236437
etth1,random-reset,na,PDS_spearman_mse_h336_ci_high,0.06600588927274571,0.05397777483620972,0.05350600708543738,0.04053435714735672
etth1,random-reset,na,PDS_spearman_mse_h336_ci_low,-0.17636195719239298,-0.18569925992318947,-0.18311020446900253,-0.1872693962914252
etth1,random-reset,na,PDS_spearman_mse_h336_pvalue,0.28951503617025004,0.28904704806537007,0.2879869199507316,0.2853986756165748
etth1,random-reset,na,PDS_spearman_mse_h336_raw_corr,0.06701976997024489,0.06651550698100252,0.06666213664454107,0.06645113298237582
etth1,random-reset,na,PDS_spearman_mse_h336_score,-0.06645113298237582,-0.06651550698100252,-0.06666213664454107,-0.06701976997024489
etth1,random-reset,na,PDS_spearman_mse_h720_ci_high,0.24351884067850535,0.24219558886325973,0.2399092397998217,0.23401328985769998
etth1,random-reset,na,PDS_spearman_mse_h720_ci_low,0.0043477195075410585,-0.0028566586654483975,-0.0010279032219441713,-0.004574770507925175
etth1,random-reset,na,PDS_spearman_mse_h720_pvalue,0.06852096587327071,0.05019114313750153,0.05533643000830544,0.04729718101414408
etth1,random-reset,na,PDS_spearman_mse_h720_raw_corr,-0.1140342469672694,-0.12253376058594641,-0.12022416456855113,-0.1241044861524376
etth1,random-reset,na,PDS_spearman_mse_h720_score,0.1241044861524376,0.12253376058594641,0.12022416456855113,0.1140342469672694
etth1,random-reset,na,PDS_spearman_mse_h96_ci_high,0.21688978358184913,0.21075596761579685,0.21054889419900688,0.2040009313993747
etth1,random-reset,na,PDS_spearman_mse_h96_ci_low,-0.018856181799299807,-0.04407512290074483,-0.03964767715751435,-0.0560117267724984
etth1,random-reset,na,PDS_spearman_mse_h96_pvalue,0.1899259772523501,0.13983654145150318,0.15287144165292635,0.12885180625492573
etth1,random-reset,na,PDS_spearman_mse_h96_raw_corr,-0.08218842984664682,-0.09252975509269855,-0.0899612325474937,-0.09516551270313571
etth1,random-reset,na,PDS_spearman_mse_h96_score,0.09516551270313571,0.09252975509269855,0.0899612325474937,0.08218842984664682
etth1,random-reset,na,PDS_spearman_mse_havg_ci_high,0.36007149807645983,0.358925932956977,0.3586590378603391,0.35697968254758045
etth1,random-reset,na,PDS_spearman_mse_havg_ci_low,0.11877769232728486,0.10027791411358128,0.105419500937322,0.09720289637109986
etth1,random-reset,na,PDS_spearman_mse_havg_pvalue,0.00030985118964024886,0.00018969148288778677,0.00020471882943311366,0.00011461381577130533
etth1,random-reset,na,PDS_spearman_mse_havg_raw_corr,-0.22366459716182188,-0.23123497940032042,-0.2312192435339894,-0.23875815403982598
etth1,random-reset,na,PDS_spearman_mse_havg_score,0.23875815403982598,0.23123497940032042,0.2312192435339894,0.22366459716182188
etth1,random-reset,na,TCS_avg,0.9998921354611715,0.9998921354611715,0.9998921354611715,0.9998921354611715
etth1,random-reset,na,TCS_resample,0.9996764063835144,0.9996764063835144,0.9996764063835144,0.9996764063835144
etth1,random-reset,na,TCS_scale,1.0,1.0,1.0,1.0
etth1,random-reset,na,TCS_shift,1.0,1.0,1.0,1.0
etth1,random-reset,stl,GSP_mask,0.0003935042768716812,0.0003935042768716812,0.0003935042768716812,0.0003935042768716812
etth1,random-reset,stl,GSP_noise,-0.002500256523489952,-0.002500256523489952,-0.002500256523489952,-0.002500256523489952
etth1,random-reset,stl,GSP_warp,0.0039328522980213165,0.0039328522980213165,0.0039328522980213165,0.0039328522980213165
etth1,random-reset,stl,LCS_clean,-0.017896834760904312,-0.017896834760904312,-0.017896834760904312,-0.017896834760904312
etth1,random-reset,stl,LCS_mask,-0.018290339037775993,-0.018290339037775993,-0.018290339037775993,-0.018290339037775993
etth1,random-reset,stl,LCS_noise,-0.01539657823741436,-0.01539657823741436,-0.01539657823741436,-0.01539657823741436
etth1,random-reset,stl,LCS_warp,-0.02182968705892563,-0.02182968705892563,-0.02182968705892563,-0.02182968705892563
etth1,random-reset,stl,TSI_mask,0.9999920725822449,0.9999920725822449,0.9999920725822449,0.9999920725822449
etth1,random-reset,stl,TSI_noise,0.9999923706054688,0.9999923706054688,0.9999923706054688,0.9999923706054688
etth1,random-reset,stl,TSI_warp,0.9996883869171143,0.9996883869171143,0.9996883869171143,0.9996883869171143
