dataset,weight_mode,label_mode,stl_setting,perturb_setting,noise_scale,mask_p,warp_ratio,metric,value
electricity,pretrained,stl,p24_k8,n0.02_m0.05_w2,0.02,0.05,2.0,LCS_clean,-0.033298417925834656
electricity,pretrained,stl,p24_k8,n0.02_m0.05_w2,0.02,0.05,2.0,LCS_noise,-0.03112507238984108
electricity,pretrained,stl,p24_k8,n0.02_m0.05_w2,0.02,0.05,2.0,LCS_mask,-0.03285820409655571
electricity,pretrained,stl,p24_k8,n0.02_m0.05_w2,0.02,0.05,2.0,LCS_warp,-0.03842981904745102
electricity,pretrained,stl,p24_k8,n0.02_m0.05_w2,0.02,0.05,2.0,TSI_noise,0.9998522400856018
electricity,pretrained,stl,p24_k8,n0.02_m0.05_w2,0.02,0.05,2.0,TSI_mask,0.9999680519104004
electricity,pretrained,stl,p24_k8,n0.02_m0.05_w2,0.02,0.05,2.0,TSI_warp,0.9988451600074768
electricity,pretrained,stl,p24_k8,n0.02_m0.05_w2,0.02,0.05,2.0,GSP_noise,-0.002173345535993576
electricity,pretrained,stl,p24_k8,n0.02_m0.05_w2,0.02,0.05,2.0,GSP_mask,-0.0004402138292789459
electricity,pretrained,stl,p24_k8,n0.02_m0.05_w2,0.02,0.05,2.0,GSP_warp,0.0051314011216163635
electricity,pretrained,na,na,clean,0.0,0.0,0.0,LTC_step,0.8451985716819763
electricity,pretrained,na,na,clean,0.0,0.0,0.0,LTC_dir,-0.6593403220176697
electricity,pretrained,na,na,clean,0.0,0.0,0.0,FSS_spearman_h96_score,-0.09443107501049021
electricity,pretrained,na,na,clean,0.0,0.0,0.0,FSS_spearman_h96_raw_corr,0.09443107501049021
electricity,pretrained,na,na,clean,0.0,0.0,0.0,FSS_spearman_h96_ci_low,-0.10868662355662155
electricity,pretrained,na,na,clean,0.0,0.0,0.0,FSS_spearman_h96_ci_high,-0.08025113716507334
electricity,pretrained,na,na,clean,0.0,0.0,0.0,FSS_spearman_h96_pvalue,9.653241220205699e-41
electricity,pretrained,na,na,clean_k10,0.0,0.0,0.0,PDS_spearman_mae_h96_score,-0.07556649118791484
electricity,pretrained,na,na,clean_k10,0.0,0.0,0.0,PDS_spearman_mae_h96_raw_corr,0.07556649118791484
electricity,pretrained,na,na,clean_k10,0.0,0.0,0.0,PDS_spearman_mae_h96_ci_low,-0.1965680022737174
electricity,pretrained,na,na,clean_k10,0.0,0.0,0.0,PDS_spearman_mae_h96_ci_high,0.053924221532610124
electricity,pretrained,na,na,clean_k10,0.0,0.0,0.0,PDS_spearman_mae_h96_pvalue,0.2282533394111685
electricity,pretrained,na,na,clean_k10,0.0,0.0,0.0,PDS_spearman_mse_h96_score,-0.07556649118791484
electricity,pretrained,na,na,clean_k10,0.0,0.0,0.0,PDS_spearman_mse_h96_raw_corr,0.07556649118791484
electricity,pretrained,na,na,clean_k10,0.0,0.0,0.0,PDS_spearman_mse_h96_ci_low,-0.1965680022737174
electricity,pretrained,na,na,clean_k10,0.0,0.0,0.0,PDS_spearman_mse_h96_ci_high,0.053924221532610124
electricity,pretrained,na,na,clean_k10,0.0,0.0,0.0,PDS_spearman_mse_h96_pvalue,0.2282533394111685
electricity,pretrained,na,na,clean_k20,0.0,0.0,0.0,PDS_spearman_mae_h96_score,-0.07853055619134813
electricity,pretrained,na,na,clean_k20,0.0,0.0,0.0,PDS_spearman_mae_h96_raw_corr,0.07853055619134813
electricity,pretrained,na,na,clean_k20,0.0,0.0,0.0,PDS_spearman_mae_h96_ci_low,-0.21265592179526088
electricity,pretrained,na,na,clean_k20,0.0,0.0,0.0,PDS_spearman_mae_h96_ci_high,0.055453302699830245
electricity,pretrained,na,na,clean_k20,0.0,0.0,0.0,PDS_spearman_mae_h96_pvalue,0.21046978710874328
electricity,pretrained,na,na,clean_k20,0.0,0.0,0.0,PDS_spearman_mse_h96_score,-0.07853055619134813
electricity,pretrained,na,na,clean_k20,0.0,0.0,0.0,PDS_spearman_mse_h96_raw_corr,0.07853055619134813
electricity,pretrained,na,na,clean_k20,0.0,0.0,0.0,PDS_spearman_mse_h96_ci_low,-0.21265592179526088
electricity,pretrained,na,na,clean_k20,0.0,0.0,0.0,PDS_spearman_mse_h96_ci_high,0.055453302699830245
electricity,pretrained,na,na,clean_k20,0.0,0.0,0.0,PDS_spearman_mse_h96_pvalue,0.21046978710874328
electricity,pretrained,na,na,clean_k50,0.0,0.0,0.0,PDS_spearman_mae_h96_score,-0.06999098764019225
electricity,pretrained,na,na,clean_k50,0.0,0.0,0.0,PDS_spearman_mae_h96_raw_corr,0.06999098764019225
electricity,pretrained,na,na,clean_k50,0.0,0.0,0.0,PDS_spearman_mae_h96_ci_low,-0.21816019439921017
electricity,pretrained,na,na,clean_k50,0.0,0.0,0.0,PDS_spearman_mae_h96_ci_high,0.06305607576485057
electricity,pretrained,na,na,clean_k50,0.0,0.0,0.0,PDS_spearman_mae_h96_pvalue,0.26453161634349326
electricity,pretrained,na,na,clean_k50,0.0,0.0,0.0,PDS_spearman_mse_h96_score,-0.06999098764019225
electricity,pretrained,na,na,clean_k50,0.0,0.0,0.0,PDS_spearman_mse_h96_raw_corr,0.06999098764019225
electricity,pretrained,na,na,clean_k50,0.0,0.0,0.0,PDS_spearman_mse_h96_ci_low,-0.21816019439921017
electricity,pretrained,na,na,clean_k50,0.0,0.0,0.0,PDS_spearman_mse_h96_ci_high,0.06305607576485057
electricity,pretrained,na,na,clean_k50,0.0,0.0,0.0,PDS_spearman_mse_h96_pvalue,0.26453161634349326
electricity,pretrained,na,na,clean,0.0,0.0,0.0,FSS_pearson_h96_score,-0.0017031998140737414
electricity,pretrained,na,na,clean,0.0,0.0,0.0,FSS_pearson_h96_raw_corr,0.0017031998140737414
electricity,pretrained,na,na,clean,0.0,0.0,0.0,FSS_pearson_h96_ci_low,-0.013722235662862636
electricity,pretrained,na,na,clean,0.0,0.0,0.0,FSS_pearson_h96_ci_high,0.01023992176633328
electricity,pretrained,na,na,clean,0.0,0.0,0.0,FSS_pearson_h96_pvalue,0.8099313974380493
electricity,pretrained,na,na,clean_k10,0.0,0.0,0.0,PDS_pearson_mae_h96_score,-0.07592094795230915
electricity,pretrained,na,na,clean_k10,0.0,0.0,0.0,PDS_pearson_mae_h96_raw_corr,0.07592094795230915
electricity,pretrained,na,na,clean_k10,0.0,0.0,0.0,PDS_pearson_mae_h96_ci_low,-0.40368908662993175
electricity,pretrained,na,na,clean_k10,0.0,0.0,0.0,PDS_pearson_mae_h96_ci_high,0.028959062052113897
electricity,pretrained,na,na,clean_k10,0.0,0.0,0.0,PDS_pearson_mae_h96_pvalue,0.2260723783183925
electricity,pretrained,na,na,clean_k10,0.0,0.0,0.0,PDS_pearson_mse_h96_score,-0.08868413428620804
electricity,pretrained,na,na,clean_k10,0.0,0.0,0.0,PDS_pearson_mse_h96_raw_corr,0.08868413428620804
electricity,pretrained,na,na,clean_k10,0.0,0.0,0.0,PDS_pearson_mse_h96_ci_low,-0.39046918263274866
electricity,pretrained,na,na,clean_k10,0.0,0.0,0.0,PDS_pearson_mse_h96_ci_high,-0.017634246151080727
electricity,pretrained,na,na,clean_k10,0.0,0.0,0.0,PDS_pearson_mse_h96_pvalue,0.157129728162885
electricity,pretrained,na,na,clean_k20,0.0,0.0,0.0,PDS_pearson_mae_h96_score,-0.07478237407781614
electricity,pretrained,na,na,clean_k20,0.0,0.0,0.0,PDS_pearson_mae_h96_raw_corr,0.07478237407781614
electricity,pretrained,na,na,clean_k20,0.0,0.0,0.0,PDS_pearson_mae_h96_ci_low,-0.40456913697619457
electricity,pretrained,na,na,clean_k20,0.0,0.0,0.0,PDS_pearson_mae_h96_ci_high,0.03920336252104147
electricity,pretrained,na,na,clean_k20,0.0,0.0,0.0,PDS_pearson_mae_h96_pvalue,0.2331308120196111
electricity,pretrained,na,na,clean_k20,0.0,0.0,0.0,PDS_pearson_mse_h96_score,-0.08783870632884104
electricity,pretrained,na,na,clean_k20,0.0,0.0,0.0,PDS_pearson_mse_h96_raw_corr,0.08783870632884104
electricity,pretrained,na,na,clean_k20,0.0,0.0,0.0,PDS_pearson_mse_h96_ci_low,-0.36818535936807956
electricity,pretrained,na,na,clean_k20,0.0,0.0,0.0,PDS_pearson_mse_h96_ci_high,-0.012432385777263457
electricity,pretrained,na,na,clean_k20,0.0,0.0,0.0,PDS_pearson_mse_h96_pvalue,0.1611389352088887
electricity,pretrained,na,na,clean_k50,0.0,0.0,0.0,PDS_pearson_mae_h96_score,-0.06742248527283577
electricity,pretrained,na,na,clean_k50,0.0,0.0,0.0,PDS_pearson_mae_h96_raw_corr,0.06742248527283577
electricity,pretrained,na,na,clean_k50,0.0,0.0,0.0,PDS_pearson_mae_h96_ci_low,-0.41519693339838604
electricity,pretrained,na,na,clean_k50,0.0,0.0,0.0,PDS_pearson_mae_h96_ci_high,0.03948269437256784
electricity,pretrained,na,na,clean_k50,0.0,0.0,0.0,PDS_pearson_mae_h96_pvalue,0.28250732880456925
electricity,pretrained,na,na,clean_k50,0.0,0.0,0.0,PDS_pearson_mse_h96_score,-0.08281268374689964
electricity,pretrained,na,na,clean_k50,0.0,0.0,0.0,PDS_pearson_mse_h96_raw_corr,0.08281268374689964
electricity,pretrained,na,na,clean_k50,0.0,0.0,0.0,PDS_pearson_mse_h96_ci_low,-0.40065791639767306
electricity,pretrained,na,na,clean_k50,0.0,0.0,0.0,PDS_pearson_mse_h96_ci_high,-0.008425194224699468
electricity,pretrained,na,na,clean_k50,0.0,0.0,0.0,PDS_pearson_mse_h96_pvalue,0.18657193780464482
electricity,pretrained,na,na,clean,0.0,0.0,0.0,FSS_spearman_h192_score,-0.0809537096291325
electricity,pretrained,na,na,clean,0.0,0.0,0.0,FSS_spearman_h192_raw_corr,0.0809537096291325
electricity,pretrained,na,na,clean,0.0,0.0,0.0,FSS_spearman_h192_ci_low,-0.09363669333800691
electricity,pretrained,na,na,clean,0.0,0.0,0.0,FSS_spearman_h192_ci_high,-0.06796473796858833
electricity,pretrained,na,na,clean,0.0,0.0,0.0,FSS_spearman_h192_pvalue,2.4698142478077542e-30
electricity,pretrained,na,na,clean_k10,0.0,0.0,0.0,PDS_spearman_mae_h192_score,-0.09992918860151064
electricity,pretrained,na,na,clean_k10,0.0,0.0,0.0,PDS_spearman_mae_h192_raw_corr,0.09992918860151064
electricity,pretrained,na,na,clean_k10,0.0,0.0,0.0,PDS_spearman_mae_h192_ci_low,-0.2294449050736407
electricity,pretrained,na,na,clean_k10,0.0,0.0,0.0,PDS_spearman_mae_h192_ci_high,0.029974512584954587
electricity,pretrained,na,na,clean_k10,0.0,0.0,0.0,PDS_spearman_mae_h192_pvalue,0.11070388069323443
electricity,pretrained,na,na,clean_k10,0.0,0.0,0.0,PDS_spearman_mse_h192_score,-0.09992918860151064
electricity,pretrained,na,na,clean_k10,0.0,0.0,0.0,PDS_spearman_mse_h192_raw_corr,0.09992918860151064
electricity,pretrained,na,na,clean_k10,0.0,0.0,0.0,PDS_spearman_mse_h192_ci_low,-0.2294449050736407
electricity,pretrained,na,na,clean_k10,0.0,0.0,0.0,PDS_spearman_mse_h192_ci_high,0.029974512584954587
electricity,pretrained,na,na,clean_k10,0.0,0.0,0.0,PDS_spearman_mse_h192_pvalue,0.11070388069323443
electricity,pretrained,na,na,clean_k20,0.0,0.0,0.0,PDS_spearman_mae_h192_score,-0.0905692092011902
electricity,pretrained,na,na,clean_k20,0.0,0.0,0.0,PDS_spearman_mae_h192_raw_corr,0.0905692092011902
electricity,pretrained,na,na,clean_k20,0.0,0.0,0.0,PDS_spearman_mae_h192_ci_low,-0.2240154440200031
electricity,pretrained,na,na,clean_k20,0.0,0.0,0.0,PDS_spearman_mae_h192_ci_high,0.037668995678954126
electricity,pretrained,na,na,clean_k20,0.0,0.0,0.0,PDS_spearman_mae_h192_pvalue,0.1484615384012648
electricity,pretrained,na,na,clean_k20,0.0,0.0,0.0,PDS_spearman_mse_h192_score,-0.0905692092011902
electricity,pretrained,na,na,clean_k20,0.0,0.0,0.0,PDS_spearman_mse_h192_raw_corr,0.0905692092011902
electricity,pretrained,na,na,clean_k20,0.0,0.0,0.0,PDS_spearman_mse_h192_ci_low,-0.2240154440200031
electricity,pretrained,na,na,clean_k20,0.0,0.0,0.0,PDS_spearman_mse_h192_ci_high,0.037668995678954126
electricity,pretrained,na,na,clean_k20,0.0,0.0,0.0,PDS_spearman_mse_h192_pvalue,0.1484615384012648
electricity,pretrained,na,na,clean_k50,0.0,0.0,0.0,PDS_spearman_mae_h192_score,-0.07524605172808423
electricity,pretrained,na,na,clean_k50,0.0,0.0,0.0,PDS_spearman_mae_h192_raw_corr,0.07524605172808423
electricity,pretrained,na,na,clean_k50,0.0,0.0,0.0,PDS_spearman_mae_h192_ci_low,-0.21033187036783715
electricity,pretrained,na,na,clean_k50,0.0,0.0,0.0,PDS_spearman_mae_h192_ci_high,0.04745748070158829
electricity,pretrained,na,na,clean_k50,0.0,0.0,0.0,PDS_spearman_mae_h192_pvalue,0.2302377781015515
electricity,pretrained,na,na,clean_k50,0.0,0.0,0.0,PDS_spearman_mse_h192_score,-0.07524605172808423
electricity,pretrained,na,na,clean_k50,0.0,0.0,0.0,PDS_spearman_mse_h192_raw_corr,0.07524605172808423
electricity,pretrained,na,na,clean_k50,0.0,0.0,0.0,PDS_spearman_mse_h192_ci_low,-0.21033187036783715
electricity,pretrained,na,na,clean_k50,0.0,0.0,0.0,PDS_spearman_mse_h192_ci_high,0.04745748070158829
electricity,pretrained,na,na,clean_k50,0.0,0.0,0.0,PDS_spearman_mse_h192_pvalue,0.2302377781015515
electricity,pretrained,na,na,clean,0.0,0.0,0.0,FSS_pearson_h192_score,0.006162651348859072
electricity,pretrained,na,na,clean,0.0,0.0,0.0,FSS_pearson_h192_raw_corr,-0.006162651348859072
electricity,pretrained,na,na,clean,0.0,0.0,0.0,FSS_pearson_h192_ci_low,-0.005778671964071688
electricity,pretrained,na,na,clean,0.0,0.0,0.0,FSS_pearson_h192_ci_high,0.017137150466442107
electricity,pretrained,na,na,clean,0.0,0.0,0.0,FSS_pearson_h192_pvalue,0.3843599259853363
electricity,pretrained,na,na,clean_k10,0.0,0.0,0.0,PDS_pearson_mae_h192_score,-0.08696969543489297
electricity,pretrained,na,na,clean_k10,0.0,0.0,0.0,PDS_pearson_mae_h192_raw_corr,0.08696969543489297
electricity,pretrained,na,na,clean_k10,0.0,0.0,0.0,PDS_pearson_mae_h192_ci_low,-0.38867833745840175
electricity,pretrained,na,na,clean_k10,0.0,0.0,0.0,PDS_pearson_mae_h192_ci_high,-0.0052220704655578975
electricity,pretrained,na,na,clean_k10,0.0,0.0,0.0,PDS_pearson_mae_h192_pvalue,0.16533953525732736
electricity,pretrained,na,na,clean_k10,0.0,0.0,0.0,PDS_pearson_mse_h192_score,-0.09515929622917567
electricity,pretrained,na,na,clean_k10,0.0,0.0,0.0,PDS_pearson_mse_h192_raw_corr,0.09515929622917567
electricity,pretrained,na,na,clean_k10,0.0,0.0,0.0,PDS_pearson_mse_h192_ci_low,-0.39895403911239946
electricity,pretrained,na,na,clean_k10,0.0,0.0,0.0,PDS_pearson_mse_h192_ci_high,-0.012192405484490867
electricity,pretrained,na,na,clean_k10,0.0,0.0,0.0,PDS_pearson_mse_h192_pvalue,0.12887690593577017
electricity,pretrained,na,na,clean_k20,0.0,0.0,0.0,PDS_pearson_mae_h192_score,-0.08709204013819367
electricity,pretrained,na,na,clean_k20,0.0,0.0,0.0,PDS_pearson_mae_h192_raw_corr,0.08709204013819367
electricity,pretrained,na,na,clean_k20,0.0,0.0,0.0,PDS_pearson_mae_h192_ci_low,-0.3879747288285051
electricity,pretrained,na,na,clean_k20,0.0,0.0,0.0,PDS_pearson_mae_h192_ci_high,0.0011321084209180673
electricity,pretrained,na,na,clean_k20,0.0,0.0,0.0,PDS_pearson_mae_h192_pvalue,0.1647432432024286
electricity,pretrained,na,na,clean_k20,0.0,0.0,0.0,PDS_pearson_mse_h192_score,-0.09543541869323897
electricity,pretrained,na,na,clean_k20,0.0,0.0,0.0,PDS_pearson_mse_h192_raw_corr,0.09543541869323897
electricity,pretrained,na,na,clean_k20,0.0,0.0,0.0,PDS_pearson_mse_h192_ci_low,-0.4005796225293687
electricity,pretrained,na,na,clean_k20,0.0,0.0,0.0,PDS_pearson_mse_h192_ci_high,-0.007955712036895803
electricity,pretrained,na,na,clean_k20,0.0,0.0,0.0,PDS_pearson_mse_h192_pvalue,0.12776566841016299
electricity,pretrained,na,na,clean_k50,0.0,0.0,0.0,PDS_pearson_mae_h192_score,-0.08015658599593015
electricity,pretrained,na,na,clean_k50,0.0,0.0,0.0,PDS_pearson_mae_h192_raw_corr,0.08015658599593015
electricity,pretrained,na,na,clean_k50,0.0,0.0,0.0,PDS_pearson_mae_h192_ci_low,-0.390539939529546
electricity,pretrained,na,na,clean_k50,0.0,0.0,0.0,PDS_pearson_mae_h192_ci_high,-0.0018427115144641075
electricity,pretrained,na,na,clean_k50,0.0,0.0,0.0,PDS_pearson_mae_h192_pvalue,0.20114830961959168
electricity,pretrained,na,na,clean_k50,0.0,0.0,0.0,PDS_pearson_mse_h192_score,-0.0885321837379571
electricity,pretrained,na,na,clean_k50,0.0,0.0,0.0,PDS_pearson_mse_h192_raw_corr,0.0885321837379571
electricity,pretrained,na,na,clean_k50,0.0,0.0,0.0,PDS_pearson_mse_h192_ci_low,-0.4115670736713234
electricity,pretrained,na,na,clean_k50,0.0,0.0,0.0,PDS_pearson_mse_h192_ci_high,-0.01002178064875346
electricity,pretrained,na,na,clean_k50,0.0,0.0,0.0,PDS_pearson_mse_h192_pvalue,0.1578447161241967
electricity,pretrained,na,na,clean,0.0,0.0,0.0,FSS_spearman_h336_score,-0.06967609886310491
electricity,pretrained,na,na,clean,0.0,0.0,0.0,FSS_spearman_h336_raw_corr,0.06967609886310491
electricity,pretrained,na,na,clean,0.0,0.0,0.0,FSS_spearman_h336_ci_low,-0.08278230432248879
electricity,pretrained,na,na,clean,0.0,0.0,0.0,FSS_spearman_h336_ci_high,-0.05441780942285704
electricity,pretrained,na,na,clean,0.0,0.0,0.0,FSS_spearman_h336_pvalue,7.360431883453777e-23
electricity,pretrained,na,na,clean_k10,0.0,0.0,0.0,PDS_spearman_mae_h336_score,-0.023728255893797203
electricity,pretrained,na,na,clean_k10,0.0,0.0,0.0,PDS_spearman_mae_h336_raw_corr,0.023728255893797203
electricity,pretrained,na,na,clean_k10,0.0,0.0,0.0,PDS_spearman_mae_h336_ci_low,-0.14952965909179555
electricity,pretrained,na,na,clean_k10,0.0,0.0,0.0,PDS_spearman_mae_h336_ci_high,0.10508496045911991
electricity,pretrained,na,na,clean_k10,0.0,0.0,0.0,PDS_spearman_mae_h336_pvalue,0.7055439928972743
electricity,pretrained,na,na,clean_k10,0.0,0.0,0.0,PDS_spearman_mse_h336_score,-0.023728255893797203
electricity,pretrained,na,na,clean_k10,0.0,0.0,0.0,PDS_spearman_mse_h336_raw_corr,0.023728255893797203
electricity,pretrained,na,na,clean_k10,0.0,0.0,0.0,PDS_spearman_mse_h336_ci_low,-0.14952965909179555
electricity,pretrained,na,na,clean_k10,0.0,0.0,0.0,PDS_spearman_mse_h336_ci_high,0.10508496045911991
electricity,pretrained,na,na,clean_k10,0.0,0.0,0.0,PDS_spearman_mse_h336_pvalue,0.7055439928972743
electricity,pretrained,na,na,clean_k20,0.0,0.0,0.0,PDS_spearman_mae_h336_score,-0.011662422751201645
electricity,pretrained,na,na,clean_k20,0.0,0.0,0.0,PDS_spearman_mae_h336_raw_corr,0.011662422751201645
electricity,pretrained,na,na,clean_k20,0.0,0.0,0.0,PDS_spearman_mae_h336_ci_low,-0.15373586244106527
electricity,pretrained,na,na,clean_k20,0.0,0.0,0.0,PDS_spearman_mae_h336_ci_high,0.11835998078455606
electricity,pretrained,na,na,clean_k20,0.0,0.0,0.0,PDS_spearman_mae_h336_pvalue,0.8526863815841582
electricity,pretrained,na,na,clean_k20,0.0,0.0,0.0,PDS_spearman_mse_h336_score,-0.011662422751201645
electricity,pretrained,na,na,clean_k20,0.0,0.0,0.0,PDS_spearman_mse_h336_raw_corr,0.011662422751201645
electricity,pretrained,na,na,clean_k20,0.0,0.0,0.0,PDS_spearman_mse_h336_ci_low,-0.15373586244106527
electricity,pretrained,na,na,clean_k20,0.0,0.0,0.0,PDS_spearman_mse_h336_ci_high,0.11835998078455606
electricity,pretrained,na,na,clean_k20,0.0,0.0,0.0,PDS_spearman_mse_h336_pvalue,0.8526863815841582
electricity,pretrained,na,na,clean_k50,0.0,0.0,0.0,PDS_spearman_mae_h336_score,0.007202019913023573
electricity,pretrained,na,na,clean_k50,0.0,0.0,0.0,PDS_spearman_mae_h336_raw_corr,-0.007202019913023573
electricity,pretrained,na,na,clean_k50,0.0,0.0,0.0,PDS_spearman_mae_h336_ci_low,-0.12922917078593366
electricity,pretrained,na,na,clean_k50,0.0,0.0,0.0,PDS_spearman_mae_h336_ci_high,0.13025879763450823
electricity,pretrained,na,na,clean_k50,0.0,0.0,0.0,PDS_spearman_mae_h336_pvalue,0.9087067891880878
electricity,pretrained,na,na,clean_k50,0.0,0.0,0.0,PDS_spearman_mse_h336_score,0.007202019913023573
electricity,pretrained,na,na,clean_k50,0.0,0.0,0.0,PDS_spearman_mse_h336_raw_corr,-0.007202019913023573
electricity,pretrained,na,na,clean_k50,0.0,0.0,0.0,PDS_spearman_mse_h336_ci_low,-0.12922917078593366
electricity,pretrained,na,na,clean_k50,0.0,0.0,0.0,PDS_spearman_mse_h336_ci_high,0.13025879763450823
electricity,pretrained,na,na,clean_k50,0.0,0.0,0.0,PDS_spearman_mse_h336_pvalue,0.9087067891880878
electricity,pretrained,na,na,clean,0.0,0.0,0.0,FSS_pearson_h336_score,0.002886143745854497
electricity,pretrained,na,na,clean,0.0,0.0,0.0,FSS_pearson_h336_raw_corr,-0.002886143745854497
electricity,pretrained,na,na,clean,0.0,0.0,0.0,FSS_pearson_h336_ci_low,-0.010445575020276009
electricity,pretrained,na,na,clean,0.0,0.0,0.0,FSS_pearson_h336_ci_high,0.014172530826181173
electricity,pretrained,na,na,clean,0.0,0.0,0.0,FSS_pearson_h336_pvalue,0.6838443279266357
electricity,pretrained,na,na,clean_k10,0.0,0.0,0.0,PDS_pearson_mae_h336_score,-0.042320721214154346
electricity,pretrained,na,na,clean_k10,0.0,0.0,0.0,PDS_pearson_mae_h336_raw_corr,0.042320721214154346
electricity,pretrained,na,na,clean_k10,0.0,0.0,0.0,PDS_pearson_mae_h336_ci_low,-0.2946961463014465
electricity,pretrained,na,na,clean_k10,0.0,0.0,0.0,PDS_pearson_mae_h336_ci_high,0.033290803314661326
electricity,pretrained,na,na,clean_k10,0.0,0.0,0.0,PDS_pearson_mae_h336_pvalue,0.5002351025543829
electricity,pretrained,na,na,clean_k10,0.0,0.0,0.0,PDS_pearson_mse_h336_score,-0.0506563001856551
electricity,pretrained,na,na,clean_k10,0.0,0.0,0.0,PDS_pearson_mse_h336_raw_corr,0.0506563001856551
electricity,pretrained,na,na,clean_k10,0.0,0.0,0.0,PDS_pearson_mse_h336_ci_low,-0.2970841283165741
electricity,pretrained,na,na,clean_k10,0.0,0.0,0.0,PDS_pearson_mse_h336_ci_high,0.004990296726497093
electricity,pretrained,na,na,clean_k10,0.0,0.0,0.0,PDS_pearson_mse_h336_pvalue,0.41963615071299715
electricity,pretrained,na,na,clean_k20,0.0,0.0,0.0,PDS_pearson_mae_h336_score,-0.04103344775477488
electricity,pretrained,na,na,clean_k20,0.0,0.0,0.0,PDS_pearson_mae_h336_raw_corr,0.04103344775477488
electricity,pretrained,na,na,clean_k20,0.0,0.0,0.0,PDS_pearson_mae_h336_ci_low,-0.2857292373076325
electricity,pretrained,na,na,clean_k20,0.0,0.0,0.0,PDS_pearson_mae_h336_ci_high,0.03874191769284216
electricity,pretrained,na,na,clean_k20,0.0,0.0,0.0,PDS_pearson_mae_h336_pvalue,0.5133711264219522
electricity,pretrained,na,na,clean_k20,0.0,0.0,0.0,PDS_pearson_mse_h336_score,-0.05030722206505645
electricity,pretrained,na,na,clean_k20,0.0,0.0,0.0,PDS_pearson_mse_h336_raw_corr,0.05030722206505645
electricity,pretrained,na,na,clean_k20,0.0,0.0,0.0,PDS_pearson_mse_h336_ci_low,-0.31510484176587833
electricity,pretrained,na,na,clean_k20,0.0,0.0,0.0,PDS_pearson_mse_h336_ci_high,0.008111833743964595
electricity,pretrained,na,na,clean_k20,0.0,0.0,0.0,PDS_pearson_mse_h336_pvalue,0.4228514558087858
electricity,pretrained,na,na,clean_k50,0.0,0.0,0.0,PDS_pearson_mae_h336_score,-0.03397338331573004
electricity,pretrained,na,na,clean_k50,0.0,0.0,0.0,PDS_pearson_mae_h336_raw_corr,0.03397338331573004
electricity,pretrained,na,na,clean_k50,0.0,0.0,0.0,PDS_pearson_mae_h336_ci_low,-0.29266266512889494
electricity,pretrained,na,na,clean_k50,0.0,0.0,0.0,PDS_pearson_mae_h336_ci_high,0.03414886357368607
electricity,pretrained,na,na,clean_k50,0.0,0.0,0.0,PDS_pearson_mae_h336_pvalue,0.5884591936903998
electricity,pretrained,na,na,clean_k50,0.0,0.0,0.0,PDS_pearson_mse_h336_score,-0.04372620675441826
electricity,pretrained,na,na,clean_k50,0.0,0.0,0.0,PDS_pearson_mse_h336_raw_corr,0.04372620675441826
electricity,pretrained,na,na,clean_k50,0.0,0.0,0.0,PDS_pearson_mse_h336_ci_low,-0.3131774102953733
electricity,pretrained,na,na,clean_k50,0.0,0.0,0.0,PDS_pearson_mse_h336_ci_high,0.007475406005430071
electricity,pretrained,na,na,clean_k50,0.0,0.0,0.0,PDS_pearson_mse_h336_pvalue,0.4860977733290838
electricity,pretrained,na,na,clean,0.0,0.0,0.0,FSS_spearman_h720_score,-0.07726077041531236
electricity,pretrained,na,na,clean,0.0,0.0,0.0,FSS_spearman_h720_raw_corr,0.07726077041531236
electricity,pretrained,na,na,clean,0.0,0.0,0.0,FSS_spearman_h720_ci_low,-0.09127241123131692
electricity,pretrained,na,na,clean,0.0,0.0,0.0,FSS_spearman_h720_ci_high,-0.06455732362204095
electricity,pretrained,na,na,clean,0.0,0.0,0.0,FSS_spearman_h720_pvalue,9.020095691581155e-28
electricity,pretrained,na,na,clean_k10,0.0,0.0,0.0,PDS_spearman_mae_h720_score,-0.15073815518425265
electricity,pretrained,na,na,clean_k10,0.0,0.0,0.0,PDS_spearman_mae_h720_raw_corr,0.15073815518425265
electricity,pretrained,na,na,clean_k10,0.0,0.0,0.0,PDS_spearman_mae_h720_ci_low,-0.26014535084889334
electricity,pretrained,na,na,clean_k10,0.0,0.0,0.0,PDS_spearman_mae_h720_ci_high,-0.04249642979773055
electricity,pretrained,na,na,clean_k10,0.0,0.0,0.0,PDS_spearman_mae_h720_pvalue,0.015786444872824906
electricity,pretrained,na,na,clean_k10,0.0,0.0,0.0,PDS_spearman_mse_h720_score,-0.15073815518425265
electricity,pretrained,na,na,clean_k10,0.0,0.0,0.0,PDS_spearman_mse_h720_raw_corr,0.15073815518425265
electricity,pretrained,na,na,clean_k10,0.0,0.0,0.0,PDS_spearman_mse_h720_ci_low,-0.26014535084889334
electricity,pretrained,na,na,clean_k10,0.0,0.0,0.0,PDS_spearman_mse_h720_ci_high,-0.04249642979773055
electricity,pretrained,na,na,clean_k10,0.0,0.0,0.0,PDS_spearman_mse_h720_pvalue,0.015786444872824906
electricity,pretrained,na,na,clean_k20,0.0,0.0,0.0,PDS_spearman_mae_h720_score,-0.14738069352254518
electricity,pretrained,na,na,clean_k20,0.0,0.0,0.0,PDS_spearman_mae_h720_raw_corr,0.14738069352254518
electricity,pretrained,na,na,clean_k20,0.0,0.0,0.0,PDS_spearman_mae_h720_ci_low,-0.2700347712956225
electricity,pretrained,na,na,clean_k20,0.0,0.0,0.0,PDS_spearman_mae_h720_ci_high,-0.026998368361280493
electricity,pretrained,na,na,clean_k20,0.0,0.0,0.0,PDS_spearman_mae_h720_pvalue,0.018302055925417872
electricity,pretrained,na,na,clean_k20,0.0,0.0,0.0,PDS_spearman_mse_h720_score,-0.14738069352254518
electricity,pretrained,na,na,clean_k20,0.0,0.0,0.0,PDS_spearman_mse_h720_raw_corr,0.14738069352254518
electricity,pretrained,na,na,clean_k20,0.0,0.0,0.0,PDS_spearman_mse_h720_ci_low,-0.2700347712956225
electricity,pretrained,na,na,clean_k20,0.0,0.0,0.0,PDS_spearman_mse_h720_ci_high,-0.026998368361280493
electricity,pretrained,na,na,clean_k20,0.0,0.0,0.0,PDS_spearman_mse_h720_pvalue,0.018302055925417872
electricity,pretrained,na,na,clean_k50,0.0,0.0,0.0,PDS_spearman_mae_h720_score,-0.13290512703135726
electricity,pretrained,na,na,clean_k50,0.0,0.0,0.0,PDS_spearman_mae_h720_raw_corr,0.13290512703135726
electricity,pretrained,na,na,clean_k50,0.0,0.0,0.0,PDS_spearman_mae_h720_ci_low,-0.2561011595540201
electricity,pretrained,na,na,clean_k50,0.0,0.0,0.0,PDS_spearman_mae_h720_ci_high,-0.01353056000099518
electricity,pretrained,na,na,clean_k50,0.0,0.0,0.0,PDS_spearman_mae_h720_pvalue,0.0335437913972221
electricity,pretrained,na,na,clean_k50,0.0,0.0,0.0,PDS_spearman_mse_h720_score,-0.13290512703135726
electricity,pretrained,na,na,clean_k50,0.0,0.0,0.0,PDS_spearman_mse_h720_raw_corr,0.13290512703135726
electricity,pretrained,na,na,clean_k50,0.0,0.0,0.0,PDS_spearman_mse_h720_ci_low,-0.2561011595540201
electricity,pretrained,na,na,clean_k50,0.0,0.0,0.0,PDS_spearman_mse_h720_ci_high,-0.01353056000099518
electricity,pretrained,na,na,clean_k50,0.0,0.0,0.0,PDS_spearman_mse_h720_pvalue,0.0335437913972221
electricity,pretrained,na,na,clean,0.0,0.0,0.0,FSS_pearson_h720_score,0.0076928217895329
electricity,pretrained,na,na,clean,0.0,0.0,0.0,FSS_pearson_h720_raw_corr,-0.0076928217895329
electricity,pretrained,na,na,clean,0.0,0.0,0.0,FSS_pearson_h720_ci_low,-0.0043667895370163015
electricity,pretrained,na,na,clean,0.0,0.0,0.0,FSS_pearson_h720_ci_high,0.019771979283541442
electricity,pretrained,na,na,clean,0.0,0.0,0.0,FSS_pearson_h720_pvalue,0.27751612663269043
electricity,pretrained,na,na,clean_k10,0.0,0.0,0.0,PDS_pearson_mae_h720_score,-0.039341397347374955
electricity,pretrained,na,na,clean_k10,0.0,0.0,0.0,PDS_pearson_mae_h720_raw_corr,0.039341397347374955
electricity,pretrained,na,na,clean_k10,0.0,0.0,0.0,PDS_pearson_mae_h720_ci_low,-0.3050242018965655
electricity,pretrained,na,na,clean_k10,0.0,0.0,0.0,PDS_pearson_mae_h720_ci_high,0.0436401189556141
electricity,pretrained,na,na,clean_k10,0.0,0.0,0.0,PDS_pearson_mae_h720_pvalue,0.5309053833077941
electricity,pretrained,na,na,clean_k10,0.0,0.0,0.0,PDS_pearson_mse_h720_score,-0.056694835150314364
electricity,pretrained,na,na,clean_k10,0.0,0.0,0.0,PDS_pearson_mse_h720_raw_corr,0.056694835150314364
electricity,pretrained,na,na,clean_k10,0.0,0.0,0.0,PDS_pearson_mse_h720_ci_low,-0.30698636634985604
electricity,pretrained,na,na,clean_k10,0.0,0.0,0.0,PDS_pearson_mse_h720_ci_high,0.017990125838630792
electricity,pretrained,na,na,clean_k10,0.0,0.0,0.0,PDS_pearson_mse_h720_pvalue,0.3663110060101051
electricity,pretrained,na,na,clean_k20,0.0,0.0,0.0,PDS_pearson_mae_h720_score,-0.03722721227770199
electricity,pretrained,na,na,clean_k20,0.0,0.0,0.0,PDS_pearson_mae_h720_raw_corr,0.03722721227770199
electricity,pretrained,na,na,clean_k20,0.0,0.0,0.0,PDS_pearson_mae_h720_ci_low,-0.3012965439754171
electricity,pretrained,na,na,clean_k20,0.0,0.0,0.0,PDS_pearson_mae_h720_ci_high,0.0402495413219919
electricity,pretrained,na,na,clean_k20,0.0,0.0,0.0,PDS_pearson_mae_h720_pvalue,0.5532306494327779
electricity,pretrained,na,na,clean_k20,0.0,0.0,0.0,PDS_pearson_mse_h720_score,-0.053799018658329124
electricity,pretrained,na,na,clean_k20,0.0,0.0,0.0,PDS_pearson_mse_h720_raw_corr,0.053799018658329124
electricity,pretrained,na,na,clean_k20,0.0,0.0,0.0,PDS_pearson_mse_h720_ci_low,-0.32208249990825283
electricity,pretrained,na,na,clean_k20,0.0,0.0,0.0,PDS_pearson_mse_h720_ci_high,0.016182570322801106
electricity,pretrained,na,na,clean_k20,0.0,0.0,0.0,PDS_pearson_mse_h720_pvalue,0.39133836825841173
electricity,pretrained,na,na,clean_k50,0.0,0.0,0.0,PDS_pearson_mae_h720_score,-0.028526888467909236
electricity,pretrained,na,na,clean_k50,0.0,0.0,0.0,PDS_pearson_mae_h720_raw_corr,0.028526888467909236
electricity,pretrained,na,na,clean_k50,0.0,0.0,0.0,PDS_pearson_mae_h720_ci_low,-0.3100061397341782
electricity,pretrained,na,na,clean_k50,0.0,0.0,0.0,PDS_pearson_mae_h720_ci_high,0.05103538713303541
electricity,pretrained,na,na,clean_k50,0.0,0.0,0.0,PDS_pearson_mae_h720_pvalue,0.6496208309807553
electricity,pretrained,na,na,clean_k50,0.0,0.0,0.0,PDS_pearson_mse_h720_score,-0.0448537900882067
electricity,pretrained,na,na,clean_k50,0.0,0.0,0.0,PDS_pearson_mse_h720_raw_corr,0.0448537900882067
electricity,pretrained,na,na,clean_k50,0.0,0.0,0.0,PDS_pearson_mse_h720_ci_low,-0.31718815154702096
electricity,pretrained,na,na,clean_k50,0.0,0.0,0.0,PDS_pearson_mse_h720_ci_high,0.022079688714484232
electricity,pretrained,na,na,clean_k50,0.0,0.0,0.0,PDS_pearson_mse_h720_pvalue,0.4749129634821133
electricity,pretrained,na,na,clean,0.0,0.0,0.0,FSS_spearman_havg_score,-0.0430943318237052
electricity,pretrained,na,na,clean,0.0,0.0,0.0,FSS_spearman_havg_raw_corr,0.0430943318237052
electricity,pretrained,na,na,clean,0.0,0.0,0.0,FSS_spearman_havg_ci_low,-0.055204507530942803
electricity,pretrained,na,na,clean,0.0,0.0,0.0,FSS_spearman_havg_ci_high,-0.03032484703695435
electricity,pretrained,na,na,clean,0.0,0.0,0.0,FSS_spearman_havg_pvalue,1.1582104935979013e-09
electricity,pretrained,na,na,clean_k10,0.0,0.0,0.0,PDS_spearman_mae_havg_score,-0.33529554818036156
electricity,pretrained,na,na,clean_k10,0.0,0.0,0.0,PDS_spearman_mae_havg_raw_corr,0.33529554818036156
electricity,pretrained,na,na,clean_k10,0.0,0.0,0.0,PDS_spearman_mae_havg_ci_low,-0.4421839585855444
electricity,pretrained,na,na,clean_k10,0.0,0.0,0.0,PDS_spearman_mae_havg_ci_high,-0.20971394882901018
electricity,pretrained,na,na,clean_k10,0.0,0.0,0.0,PDS_spearman_mae_havg_pvalue,3.831166809209345e-08
electricity,pretrained,na,na,clean_k10,0.0,0.0,0.0,PDS_spearman_mse_havg_score,-0.36019970244907296
electricity,pretrained,na,na,clean_k10,0.0,0.0,0.0,PDS_spearman_mse_havg_raw_corr,0.36019970244907296
electricity,pretrained,na,na,clean_k10,0.0,0.0,0.0,PDS_spearman_mse_havg_ci_low,-0.4594592213064853
electricity,pretrained,na,na,clean_k10,0.0,0.0,0.0,PDS_spearman_mse_havg_ci_high,-0.22659067506840477
electricity,pretrained,na,na,clean_k10,0.0,0.0,0.0,PDS_spearman_mse_havg_pvalue,2.9309969185046368e-09
electricity,pretrained,na,na,clean_k20,0.0,0.0,0.0,PDS_spearman_mae_havg_score,-0.33531700617990384
electricity,pretrained,na,na,clean_k20,0.0,0.0,0.0,PDS_spearman_mae_havg_raw_corr,0.33531700617990384
electricity,pretrained,na,na,clean_k20,0.0,0.0,0.0,PDS_spearman_mae_havg_ci_low,-0.4418731093047694
electricity,pretrained,na,na,clean_k20,0.0,0.0,0.0,PDS_spearman_mae_havg_ci_high,-0.2067876387004891
electricity,pretrained,na,na,clean_k20,0.0,0.0,0.0,PDS_spearman_mae_havg_pvalue,3.823056643234601e-08
electricity,pretrained,na,na,clean_k20,0.0,0.0,0.0,PDS_spearman_mse_havg_score,-0.35885142481116955
electricity,pretrained,na,na,clean_k20,0.0,0.0,0.0,PDS_spearman_mse_havg_raw_corr,0.35885142481116955
electricity,pretrained,na,na,clean_k20,0.0,0.0,0.0,PDS_spearman_mse_havg_ci_low,-0.46373331619311714
electricity,pretrained,na,na,clean_k20,0.0,0.0,0.0,PDS_spearman_mse_havg_ci_high,-0.23074045663557807
electricity,pretrained,na,na,clean_k20,0.0,0.0,0.0,PDS_spearman_mse_havg_pvalue,3.3881787817599667e-09
electricity,pretrained,na,na,clean_k50,0.0,0.0,0.0,PDS_spearman_mae_havg_score,-0.3274176012817578
electricity,pretrained,na,na,clean_k50,0.0,0.0,0.0,PDS_spearman_mae_havg_raw_corr,0.3274176012817578
electricity,pretrained,na,na,clean_k50,0.0,0.0,0.0,PDS_spearman_mae_havg_ci_low,-0.44002579029783656
electricity,pretrained,na,na,clean_k50,0.0,0.0,0.0,PDS_spearman_mae_havg_ci_high,-0.20134221380800685
electricity,pretrained,na,na,clean_k50,0.0,0.0,0.0,PDS_spearman_mae_havg_pvalue,8.250796154050736e-08
electricity,pretrained,na,na,clean_k50,0.0,0.0,0.0,PDS_spearman_mse_havg_score,-0.35046134699015785
electricity,pretrained,na,na,clean_k50,0.0,0.0,0.0,PDS_spearman_mse_havg_raw_corr,0.35046134699015785
electricity,pretrained,na,na,clean_k50,0.0,0.0,0.0,PDS_spearman_mse_havg_ci_low,-0.4656812068377935
electricity,pretrained,na,na,clean_k50,0.0,0.0,0.0,PDS_spearman_mse_havg_ci_high,-0.22792476229218053
electricity,pretrained,na,na,clean_k50,0.0,0.0,0.0,PDS_spearman_mse_havg_pvalue,8.22527958906134e-09
electricity,pretrained,na,na,clean,0.0,0.0,0.0,FSS_pearson_havg_score,0.0004747303610201925
electricity,pretrained,na,na,clean,0.0,0.0,0.0,FSS_pearson_havg_raw_corr,-0.0004747303610201925
electricity,pretrained,na,na,clean,0.0,0.0,0.0,FSS_pearson_havg_ci_low,-0.011376210860908027
electricity,pretrained,na,na,clean,0.0,0.0,0.0,FSS_pearson_havg_ci_high,0.012196573102846742
electricity,pretrained,na,na,clean,0.0,0.0,0.0,FSS_pearson_havg_pvalue,0.9465766549110413
electricity,pretrained,na,na,clean_k10,0.0,0.0,0.0,PDS_pearson_mae_havg_score,-0.149908809135287
electricity,pretrained,na,na,clean_k10,0.0,0.0,0.0,PDS_pearson_mae_havg_raw_corr,0.149908809135287
electricity,pretrained,na,na,clean_k10,0.0,0.0,0.0,PDS_pearson_mae_havg_ci_low,-0.5075072322338736
electricity,pretrained,na,na,clean_k10,0.0,0.0,0.0,PDS_pearson_mae_havg_ci_high,-0.060707946230012765
electricity,pretrained,na,na,clean_k10,0.0,0.0,0.0,PDS_pearson_mae_havg_pvalue,0.016377944337934602
electricity,pretrained,na,na,clean_k10,0.0,0.0,0.0,PDS_pearson_mse_havg_score,-0.13014109517550349
electricity,pretrained,na,na,clean_k10,0.0,0.0,0.0,PDS_pearson_mse_havg_raw_corr,0.13014109517550349
electricity,pretrained,na,na,clean_k10,0.0,0.0,0.0,PDS_pearson_mse_havg_ci_low,-0.4857619969666274
electricity,pretrained,na,na,clean_k10,0.0,0.0,0.0,PDS_pearson_mse_havg_ci_high,-0.08861007034555768
electricity,pretrained,na,na,clean_k10,0.0,0.0,0.0,PDS_pearson_mse_havg_pvalue,0.03744075702555008
electricity,pretrained,na,na,clean_k20,0.0,0.0,0.0,PDS_pearson_mae_havg_score,-0.14939161493715658
electricity,pretrained,na,na,clean_k20,0.0,0.0,0.0,PDS_pearson_mae_havg_raw_corr,0.14939161493715658
electricity,pretrained,na,na,clean_k20,0.0,0.0,0.0,PDS_pearson_mae_havg_ci_low,-0.5187852490132384
electricity,pretrained,na,na,clean_k20,0.0,0.0,0.0,PDS_pearson_mae_havg_ci_high,-0.0649451948455624
electricity,pretrained,na,na,clean_k20,0.0,0.0,0.0,PDS_pearson_mae_havg_pvalue,0.016756534023805676
electricity,pretrained,na,na,clean_k20,0.0,0.0,0.0,PDS_pearson_mse_havg_score,-0.13000927818804062
electricity,pretrained,na,na,clean_k20,0.0,0.0,0.0,PDS_pearson_mse_havg_raw_corr,0.13000927818804062
electricity,pretrained,na,na,clean_k20,0.0,0.0,0.0,PDS_pearson_mse_havg_ci_low,-0.481149828005707
electricity,pretrained,na,na,clean_k20,0.0,0.0,0.0,PDS_pearson_mse_havg_ci_high,-0.08764551841905907
electricity,pretrained,na,na,clean_k20,0.0,0.0,0.0,PDS_pearson_mse_havg_pvalue,0.037635796442855626
electricity,pretrained,na,na,clean_k50,0.0,0.0,0.0,PDS_pearson_mae_havg_score,-0.1382624873370178
electricity,pretrained,na,na,clean_k50,0.0,0.0,0.0,PDS_pearson_mae_havg_raw_corr,0.1382624873370178
electricity,pretrained,na,na,clean_k50,0.0,0.0,0.0,PDS_pearson_mae_havg_ci_low,-0.5208555367976415
electricity,pretrained,na,na,clean_k50,0.0,0.0,0.0,PDS_pearson_mae_havg_ci_high,-0.057423486870889495
electricity,pretrained,na,na,clean_k50,0.0,0.0,0.0,PDS_pearson_mae_havg_pvalue,0.026966098441271423
electricity,pretrained,na,na,clean_k50,0.0,0.0,0.0,PDS_pearson_mse_havg_score,-0.12408161486539841
electricity,pretrained,na,na,clean_k50,0.0,0.0,0.0,PDS_pearson_mse_havg_raw_corr,0.12408161486539841
electricity,pretrained,na,na,clean_k50,0.0,0.0,0.0,PDS_pearson_mse_havg_ci_low,-0.47634103306093345
electricity,pretrained,na,na,clean_k50,0.0,0.0,0.0,PDS_pearson_mse_havg_ci_high,-0.08367689837047243
electricity,pretrained,na,na,clean_k50,0.0,0.0,0.0,PDS_pearson_mse_havg_pvalue,0.04733829690275765
electricity,pretrained,na,na,clean,0.0,0.0,0.0,LLS_k10,0.3151952546904795
electricity,pretrained,na,na,clean,0.0,0.0,0.0,LLS_k20,0.26802783989114687
electricity,pretrained,na,na,clean,0.0,0.0,0.0,LLS_k50,0.25336493080249056
electricity,pretrained,na,na,clean,0.0,0.0,0.0,LLS_avgk,0.278862675128039
electricity,pretrained,na,q0.95,clean,0.0,0.0,0.0,MCS_k10,0.9615384615384616
electricity,pretrained,na,q0.95,clean,0.0,0.0,0.0,MCS_k20,0.9615384615384616
electricity,pretrained,na,q0.95,clean,0.0,0.0,0.0,MCS_k50,0.9615384615384616
electricity,pretrained,na,na,clean,0.0,0.0,0.0,CSS_seasonality_bal_acc,0.8269230769230769
electricity,pretrained,na,na,clean,0.0,0.0,0.0,CSS_seasonality_margin,0.6470425656709301
electricity,pretrained,na,na,clean,0.0,0.0,0.0,CSS_seasonality_pvalue,0.047619047619047616
electricity,pretrained,na,na,clean,0.0,0.0,0.0,CSS_trend_bal_acc,0.6153846153846154
electricity,pretrained,na,na,clean,0.0,0.0,0.0,CSS_trend_margin,0.5621031896511959
electricity,pretrained,na,na,clean,0.0,0.0,0.0,CSS_trend_pvalue,0.14285714285714285
electricity,pretrained,na,na,clean,0.0,0.0,0.0,CSS_volatility_bal_acc,0.75
electricity,pretrained,na,na,clean,0.0,0.0,0.0,CSS_volatility_margin,0.6092371070870117
electricity,pretrained,na,na,clean,0.0,0.0,0.0,CSS_volatility_pvalue,0.047619047619047616
electricity,pretrained,na,na,clean,0.0,0.0,0.0,TCS_scale,1.0
electricity,pretrained,na,na,clean,0.0,0.0,0.0,TCS_shift,1.0
electricity,pretrained,na,na,clean,0.0,0.0,0.0,TCS_resample,0.9990487098693848
electricity,pretrained,na,na,clean,0.0,0.0,0.0,TCS_avg,0.9996829032897949
electricity,random-reset,stl,p24_k8,n0.02_m0.05_w2,0.02,0.05,2.0,LCS_clean,-0.21730920672416687
electricity,random-reset,stl,p24_k8,n0.02_m0.05_w2,0.02,0.05,2.0,LCS_noise,-0.21475842595100403
electricity,random-reset,stl,p24_k8,n0.02_m0.05_w2,0.02,0.05,2.0,LCS_mask,-0.21804150938987732
electricity,random-reset,stl,p24_k8,n0.02_m0.05_w2,0.02,0.05,2.0,LCS_warp,-0.23380088806152344
electricity,random-reset,stl,p24_k8,n0.02_m0.05_w2,0.02,0.05,2.0,TSI_noise,0.9997459650039673
electricity,random-reset,stl,p24_k8,n0.02_m0.05_w2,0.02,0.05,2.0,TSI_mask,0.9999935626983643
electricity,random-reset,stl,p24_k8,n0.02_m0.05_w2,0.02,0.05,2.0,TSI_warp,0.9991210699081421
electricity,random-reset,stl,p24_k8,n0.02_m0.05_w2,0.02,0.05,2.0,GSP_noise,-0.002550780773162842
electricity,random-reset,stl,p24_k8,n0.02_m0.05_w2,0.02,0.05,2.0,GSP_mask,0.0007323026657104492
electricity,random-reset,stl,p24_k8,n0.02_m0.05_w2,0.02,0.05,2.0,GSP_warp,0.016491681337356567
electricity,random-reset,na,na,clean,0.0,0.0,0.0,LTC_step,1.788691759109497
electricity,random-reset,na,na,clean,0.0,0.0,0.0,LTC_dir,-0.7587582468986511
electricity,random-reset,na,na,clean,0.0,0.0,0.0,FSS_spearman_h96_score,-0.1498830510912934
electricity,random-reset,na,na,clean,0.0,0.0,0.0,FSS_spearman_h96_raw_corr,0.1498830510912934
electricity,random-reset,na,na,clean,0.0,0.0,0.0,FSS_spearman_h96_ci_low,-0.16291040601547122
electricity,random-reset,na,na,clean,0.0,0.0,0.0,FSS_spearman_h96_ci_high,-0.13773901309358383
electricity,random-reset,na,na,clean,0.0,0.0,0.0,FSS_spearman_h96_pvalue,1.5137276037727593e-100
electricity,random-reset,na,na,clean_k10,0.0,0.0,0.0,PDS_spearman_mae_h96_score,0.07729099908445868
electricity,random-reset,na,na,clean_k10,0.0,0.0,0.0,PDS_spearman_mae_h96_raw_corr,-0.07729099908445868
electricity,random-reset,na,na,clean_k10,0.0,0.0,0.0,PDS_spearman_mae_h96_ci_low,-0.06157298531371365
electricity,random-reset,na,na,clean_k10,0.0,0.0,0.0,PDS_spearman_mae_h96_ci_high,0.21128816633800956
electricity,random-reset,na,na,clean_k10,0.0,0.0,0.0,PDS_spearman_mae_h96_pvalue,0.2177816073071105
electricity,random-reset,na,na,clean_k10,0.0,0.0,0.0,PDS_spearman_mse_h96_score,0.07729099908445868
electricity,random-reset,na,na,clean_k10,0.0,0.0,0.0,PDS_spearman_mse_h96_raw_corr,-0.07729099908445868
electricity,random-reset,na,na,clean_k10,0.0,0.0,0.0,PDS_spearman_mse_h96_ci_low,-0.06157298531371365
electricity,random-reset,na,na,clean_k10,0.0,0.0,0.0,PDS_spearman_mse_h96_ci_high,0.21128816633800956
electricity,random-reset,na,na,clean_k10,0.0,0.0,0.0,PDS_spearman_mse_h96_pvalue,0.2177816073071105
electricity,random-reset,na,na,clean_k20,0.0,0.0,0.0,PDS_spearman_mae_h96_score,0.07525034332799266
electricity,random-reset,na,na,clean_k20,0.0,0.0,0.0,PDS_spearman_mae_h96_raw_corr,-0.07525034332799266
electricity,random-reset,na,na,clean_k20,0.0,0.0,0.0,PDS_spearman_mae_h96_ci_low,-0.040536338895142604
electricity,random-reset,na,na,clean_k20,0.0,0.0,0.0,PDS_spearman_mae_h96_ci_high,0.21235722023285303
electricity,random-reset,na,na,clean_k20,0.0,0.0,0.0,PDS_spearman_mae_h96_pvalue,0.2302111204851248
electricity,random-reset,na,na,clean_k20,0.0,0.0,0.0,PDS_spearman_mse_h96_score,0.07525034332799266
electricity,random-reset,na,na,clean_k20,0.0,0.0,0.0,PDS_spearman_mse_h96_raw_corr,-0.07525034332799266
electricity,random-reset,na,na,clean_k20,0.0,0.0,0.0,PDS_spearman_mse_h96_ci_low,-0.040536338895142604
electricity,random-reset,na,na,clean_k20,0.0,0.0,0.0,PDS_spearman_mse_h96_ci_high,0.21235722023285303
electricity,random-reset,na,na,clean_k20,0.0,0.0,0.0,PDS_spearman_mse_h96_pvalue,0.2302111204851248
electricity,random-reset,na,na,clean_k50,0.0,0.0,0.0,PDS_spearman_mae_h96_score,0.029122796978713655
electricity,random-reset,na,na,clean_k50,0.0,0.0,0.0,PDS_spearman_mae_h96_raw_corr,-0.029122796978713655
electricity,random-reset,na,na,clean_k50,0.0,0.0,0.0,PDS_spearman_mae_h96_ci_low,-0.10719780076168915
electricity,random-reset,na,na,clean_k50,0.0,0.0,0.0,PDS_spearman_mae_h96_ci_high,0.1574794510583317
electricity,random-reset,na,na,clean_k50,0.0,0.0,0.0,PDS_spearman_mae_h96_pvalue,0.6428033699876723
electricity,random-reset,na,na,clean_k50,0.0,0.0,0.0,PDS_spearman_mse_h96_score,0.029122796978713655
electricity,random-reset,na,na,clean_k50,0.0,0.0,0.0,PDS_spearman_mse_h96_raw_corr,-0.029122796978713655
electricity,random-reset,na,na,clean_k50,0.0,0.0,0.0,PDS_spearman_mse_h96_ci_low,-0.10719780076168915
electricity,random-reset,na,na,clean_k50,0.0,0.0,0.0,PDS_spearman_mse_h96_ci_high,0.1574794510583317
electricity,random-reset,na,na,clean_k50,0.0,0.0,0.0,PDS_spearman_mse_h96_pvalue,0.6428033699876723
electricity,random-reset,na,na,clean,0.0,0.0,0.0,FSS_pearson_h96_score,-0.055284902453422546
electricity,random-reset,na,na,clean,0.0,0.0,0.0,FSS_pearson_h96_raw_corr,0.055284902453422546
electricity,random-reset,na,na,clean,0.0,0.0,0.0,FSS_pearson_h96_ci_low,-0.06835952140390873
electricity,random-reset,na,na,clean,0.0,0.0,0.0,FSS_pearson_h96_ci_high,-0.04262572657316923
electricity,random-reset,na,na,clean,0.0,0.0,0.0,FSS_pearson_h96_pvalue,5.575938270678017e-15
electricity,random-reset,na,na,clean_k10,0.0,0.0,0.0,PDS_pearson_mae_h96_score,0.08026894653639187
electricity,random-reset,na,na,clean_k10,0.0,0.0,0.0,PDS_pearson_mae_h96_raw_corr,-0.08026894653639187
electricity,random-reset,na,na,clean_k10,0.0,0.0,0.0,PDS_pearson_mae_h96_ci_low,-0.05985417813167039
electricity,random-reset,na,na,clean_k10,0.0,0.0,0.0,PDS_pearson_mae_h96_ci_high,0.15510699756232227
electricity,random-reset,na,na,clean_k10,0.0,0.0,0.0,PDS_pearson_mae_h96_pvalue,0.2005154237711844
electricity,random-reset,na,na,clean_k10,0.0,0.0,0.0,PDS_pearson_mse_h96_score,0.03409628544019488
electricity,random-reset,na,na,clean_k10,0.0,0.0,0.0,PDS_pearson_mse_h96_raw_corr,-0.03409628544019488
electricity,random-reset,na,na,clean_k10,0.0,0.0,0.0,PDS_pearson_mse_h96_ci_low,-0.09861061918753408
electricity,random-reset,na,na,clean_k10,0.0,0.0,0.0,PDS_pearson_mse_h96_ci_high,0.12902216306260997
electricity,random-reset,na,na,clean_k10,0.0,0.0,0.0,PDS_pearson_mse_h96_pvalue,0.5871100295730451
electricity,random-reset,na,na,clean_k20,0.0,0.0,0.0,PDS_pearson_mae_h96_score,0.08030244600017018
electricity,random-reset,na,na,clean_k20,0.0,0.0,0.0,PDS_pearson_mae_h96_raw_corr,-0.08030244600017018
electricity,random-reset,na,na,clean_k20,0.0,0.0,0.0,PDS_pearson_mae_h96_ci_low,-0.06118431985575807
electricity,random-reset,na,na,clean_k20,0.0,0.0,0.0,PDS_pearson_mae_h96_ci_high,0.15252192010802207
electricity,random-reset,na,na,clean_k20,0.0,0.0,0.0,PDS_pearson_mae_h96_pvalue,0.200327013438061
electricity,random-reset,na,na,clean_k20,0.0,0.0,0.0,PDS_pearson_mse_h96_score,0.03442191668236383
electricity,random-reset,na,na,clean_k20,0.0,0.0,0.0,PDS_pearson_mse_h96_raw_corr,-0.03442191668236383
electricity,random-reset,na,na,clean_k20,0.0,0.0,0.0,PDS_pearson_mse_h96_ci_low,-0.11000989357997315
electricity,random-reset,na,na,clean_k20,0.0,0.0,0.0,PDS_pearson_mse_h96_ci_high,0.13117532880925367
electricity,random-reset,na,na,clean_k20,0.0,0.0,0.0,PDS_pearson_mse_h96_pvalue,0.5835422987933362
electricity,random-reset,na,na,clean_k50,0.0,0.0,0.0,PDS_pearson_mae_h96_score,0.0765766539674616
electricity,random-reset,na,na,clean_k50,0.0,0.0,0.0,PDS_pearson_mae_h96_raw_corr,-0.0765766539674616
electricity,random-reset,na,na,clean_k50,0.0,0.0,0.0,PDS_pearson_mae_h96_ci_low,-0.04252018068414746
electricity,random-reset,na,na,clean_k50,0.0,0.0,0.0,PDS_pearson_mae_h96_ci_high,0.14689615151791124
electricity,random-reset,na,na,clean_k50,0.0,0.0,0.0,PDS_pearson_mae_h96_pvalue,0.2220768960489093
electricity,random-reset,na,na,clean_k50,0.0,0.0,0.0,PDS_pearson_mse_h96_score,0.03372957148541862
electricity,random-reset,na,na,clean_k50,0.0,0.0,0.0,PDS_pearson_mse_h96_raw_corr,-0.03372957148541862
electricity,random-reset,na,na,clean_k50,0.0,0.0,0.0,PDS_pearson_mse_h96_ci_low,-0.06962831574638292
electricity,random-reset,na,na,clean_k50,0.0,0.0,0.0,PDS_pearson_mse_h96_ci_high,0.10208061700715
electricity,random-reset,na,na,clean_k50,0.0,0.0,0.0,PDS_pearson_mse_h96_pvalue,0.5911398549923774
electricity,random-reset,na,na,clean,0.0,0.0,0.0,FSS_spearman_h192_score,-0.03331212103097239
electricity,random-reset,na,na,clean,0.0,0.0,0.0,FSS_spearman_h192_raw_corr,0.03331212103097239
electricity,random-reset,na,na,clean,0.0,0.0,0.0,FSS_spearman_h192_ci_low,-0.04693715481403682
electricity,random-reset,na,na,clean,0.0,0.0,0.0,FSS_spearman_h192_ci_high,-0.020350546359859174
electricity,random-reset,na,na,clean,0.0,0.0,0.0,FSS_spearman_h192_pvalue,2.5580162441676502e-06
electricity,random-reset,na,na,clean_k10,0.0,0.0,0.0,PDS_spearman_mae_h192_score,0.1479450389105058
electricity,random-reset,na,na,clean_k10,0.0,0.0,0.0,PDS_spearman_mae_h192_raw_corr,-0.1479450389105058
electricity,random-reset,na,na,clean_k10,0.0,0.0,0.0,PDS_spearman_mae_h192_ci_low,0.030605873896384694
electricity,random-reset,na,na,clean_k10,0.0,0.0,0.0,PDS_spearman_mae_h192_ci_high,0.26343779412261137
electricity,random-reset,na,na,clean_k10,0.0,0.0,0.0,PDS_spearman_mae_h192_pvalue,0.01785627197888957
electricity,random-reset,na,na,clean_k10,0.0,0.0,0.0,PDS_spearman_mse_h192_score,0.1479450389105058
electricity,random-reset,na,na,clean_k10,0.0,0.0,0.0,PDS_spearman_mse_h192_raw_corr,-0.1479450389105058
electricity,random-reset,na,na,clean_k10,0.0,0.0,0.0,PDS_spearman_mse_h192_ci_low,0.030605873896384694
electricity,random-reset,na,na,clean_k10,0.0,0.0,0.0,PDS_spearman_mse_h192_ci_high,0.26343779412261137
electricity,random-reset,na,na,clean_k10,0.0,0.0,0.0,PDS_spearman_mse_h192_pvalue,0.01785627197888957
electricity,random-reset,na,na,clean_k20,0.0,0.0,0.0,PDS_spearman_mae_h192_score,0.15535734721904323
electricity,random-reset,na,na,clean_k20,0.0,0.0,0.0,PDS_spearman_mae_h192_raw_corr,-0.15535734721904323
electricity,random-reset,na,na,clean_k20,0.0,0.0,0.0,PDS_spearman_mae_h192_ci_low,0.037077696141313385
electricity,random-reset,na,na,clean_k20,0.0,0.0,0.0,PDS_spearman_mae_h192_ci_high,0.2808579832530362
electricity,random-reset,na,na,clean_k20,0.0,0.0,0.0,PDS_spearman_mae_h192_pvalue,0.012821773525795698
electricity,random-reset,na,na,clean_k20,0.0,0.0,0.0,PDS_spearman_mse_h192_score,0.15535734721904323
electricity,random-reset,na,na,clean_k20,0.0,0.0,0.0,PDS_spearman_mse_h192_raw_corr,-0.15535734721904323
electricity,random-reset,na,na,clean_k20,0.0,0.0,0.0,PDS_spearman_mse_h192_ci_low,0.037077696141313385
electricity,random-reset,na,na,clean_k20,0.0,0.0,0.0,PDS_spearman_mse_h192_ci_high,0.2808579832530362
electricity,random-reset,na,na,clean_k20,0.0,0.0,0.0,PDS_spearman_mse_h192_pvalue,0.012821773525795698
electricity,random-reset,na,na,clean_k50,0.0,0.0,0.0,PDS_spearman_mae_h192_score,0.10872196154726482
electricity,random-reset,na,na,clean_k50,0.0,0.0,0.0,PDS_spearman_mae_h192_raw_corr,-0.10872196154726482
electricity,random-reset,na,na,clean_k50,0.0,0.0,0.0,PDS_spearman_mae_h192_ci_low,-0.014560376724651092
electricity,random-reset,na,na,clean_k50,0.0,0.0,0.0,PDS_spearman_mae_h192_ci_high,0.22906313527305924
electricity,random-reset,na,na,clean_k50,0.0,0.0,0.0,PDS_spearman_mae_h192_pvalue,0.08253051743921225
electricity,random-reset,na,na,clean_k50,0.0,0.0,0.0,PDS_spearman_mse_h192_score,0.10872196154726482
electricity,random-reset,na,na,clean_k50,0.0,0.0,0.0,PDS_spearman_mse_h192_raw_corr,-0.10872196154726482
electricity,random-reset,na,na,clean_k50,0.0,0.0,0.0,PDS_spearman_mse_h192_ci_low,-0.014560376724651092
electricity,random-reset,na,na,clean_k50,0.0,0.0,0.0,PDS_spearman_mse_h192_ci_high,0.22906313527305924
electricity,random-reset,na,na,clean_k50,0.0,0.0,0.0,PDS_spearman_mse_h192_pvalue,0.08253051743921225
electricity,random-reset,na,na,clean,0.0,0.0,0.0,FSS_pearson_h192_score,0.009620314463973045
electricity,random-reset,na,na,clean,0.0,0.0,0.0,FSS_pearson_h192_raw_corr,-0.009620314463973045
electricity,random-reset,na,na,clean,0.0,0.0,0.0,FSS_pearson_h192_ci_low,-0.000516652654914646
electricity,random-reset,na,na,clean,0.0,0.0,0.0,FSS_pearson_h192_ci_high,0.01991238007321954
electricity,random-reset,na,na,clean,0.0,0.0,0.0,FSS_pearson_h192_pvalue,0.17447061836719513
electricity,random-reset,na,na,clean_k10,0.0,0.0,0.0,PDS_pearson_mae_h192_score,0.07131027144668638
electricity,random-reset,na,na,clean_k10,0.0,0.0,0.0,PDS_pearson_mae_h192_raw_corr,-0.07131027144668638
electricity,random-reset,na,na,clean_k10,0.0,0.0,0.0,PDS_pearson_mae_h192_ci_low,-0.046420621688145175
electricity,random-reset,na,na,clean_k10,0.0,0.0,0.0,PDS_pearson_mae_h192_ci_high,0.17201011059769916
electricity,random-reset,na,na,clean_k10,0.0,0.0,0.0,PDS_pearson_mae_h192_pvalue,0.25560997555657516
electricity,random-reset,na,na,clean_k10,0.0,0.0,0.0,PDS_pearson_mse_h192_score,0.05340992013153334
electricity,random-reset,na,na,clean_k10,0.0,0.0,0.0,PDS_pearson_mse_h192_raw_corr,-0.05340992013153334
electricity,random-reset,na,na,clean_k10,0.0,0.0,0.0,PDS_pearson_mse_h192_ci_low,-0.047159858279325964
electricity,random-reset,na,na,clean_k10,0.0,0.0,0.0,PDS_pearson_mse_h192_ci_high,0.16049542749635579
electricity,random-reset,na,na,clean_k10,0.0,0.0,0.0,PDS_pearson_mse_h192_pvalue,0.39477810142770675
electricity,random-reset,na,na,clean_k20,0.0,0.0,0.0,PDS_pearson_mae_h192_score,0.07032927559750304
electricity,random-reset,na,na,clean_k20,0.0,0.0,0.0,PDS_pearson_mae_h192_raw_corr,-0.07032927559750304
electricity,random-reset,na,na,clean_k20,0.0,0.0,0.0,PDS_pearson_mae_h192_ci_low,-0.03683247667105044
electricity,random-reset,na,na,clean_k20,0.0,0.0,0.0,PDS_pearson_mae_h192_ci_high,0.14895963199992643
electricity,random-reset,na,na,clean_k20,0.0,0.0,0.0,PDS_pearson_mae_h192_pvalue,0.26222386289922284
electricity,random-reset,na,na,clean_k20,0.0,0.0,0.0,PDS_pearson_mse_h192_score,0.052625260375706855
electricity,random-reset,na,na,clean_k20,0.0,0.0,0.0,PDS_pearson_mse_h192_raw_corr,-0.052625260375706855
electricity,random-reset,na,na,clean_k20,0.0,0.0,0.0,PDS_pearson_mse_h192_ci_low,-0.041974320448488894
electricity,random-reset,na,na,clean_k20,0.0,0.0,0.0,PDS_pearson_mse_h192_ci_high,0.12903060245976652
electricity,random-reset,na,na,clean_k20,0.0,0.0,0.0,PDS_pearson_mse_h192_pvalue,0.40176975338647564
electricity,random-reset,na,na,clean_k50,0.0,0.0,0.0,PDS_pearson_mae_h192_score,0.0636132598013487
electricity,random-reset,na,na,clean_k50,0.0,0.0,0.0,PDS_pearson_mae_h192_raw_corr,-0.0636132598013487
electricity,random-reset,na,na,clean_k50,0.0,0.0,0.0,PDS_pearson_mae_h192_ci_low,-0.08397977985723716
electricity,random-reset,na,na,clean_k50,0.0,0.0,0.0,PDS_pearson_mae_h192_ci_high,0.14043932563397835
electricity,random-reset,na,na,clean_k50,0.0,0.0,0.0,PDS_pearson_mae_h192_pvalue,0.3106503260924552
electricity,random-reset,na,na,clean_k50,0.0,0.0,0.0,PDS_pearson_mse_h192_score,0.04731165918211156
electricity,random-reset,na,na,clean_k50,0.0,0.0,0.0,PDS_pearson_mse_h192_raw_corr,-0.04731165918211156
electricity,random-reset,na,na,clean_k50,0.0,0.0,0.0,PDS_pearson_mse_h192_ci_low,-0.08791514732528294
electricity,random-reset,na,na,clean_k50,0.0,0.0,0.0,PDS_pearson_mse_h192_ci_high,0.12390886181102459
electricity,random-reset,na,na,clean_k50,0.0,0.0,0.0,PDS_pearson_mse_h192_pvalue,0.45102687510522155
electricity,random-reset,na,na,clean,0.0,0.0,0.0,FSS_spearman_h336_score,-0.09619714448008
electricity,random-reset,na,na,clean,0.0,0.0,0.0,FSS_spearman_h336_raw_corr,0.09619714448008
electricity,random-reset,na,na,clean,0.0,0.0,0.0,FSS_spearman_h336_ci_low,-0.11087268541299071
electricity,random-reset,na,na,clean,0.0,0.0,0.0,FSS_spearman_h336_ci_high,-0.08246034893964183
electricity,random-reset,na,na,clean,0.0,0.0,0.0,FSS_spearman_h336_pvalue,3.770857898983129e-42
electricity,random-reset,na,na,clean_k10,0.0,0.0,0.0,PDS_spearman_mae_h336_score,0.2285019455252918
electricity,random-reset,na,na,clean_k10,0.0,0.0,0.0,PDS_spearman_mae_h336_raw_corr,-0.2285019455252918
electricity,random-reset,na,na,clean_k10,0.0,0.0,0.0,PDS_spearman_mae_h336_ci_low,0.09955322388089193
electricity,random-reset,na,na,clean_k10,0.0,0.0,0.0,PDS_spearman_mae_h336_ci_high,0.35352516350323976
electricity,random-reset,na,na,clean_k10,0.0,0.0,0.0,PDS_spearman_mae_h336_pvalue,0.00022688011295741767
electricity,random-reset,na,na,clean_k10,0.0,0.0,0.0,PDS_spearman_mse_h336_score,0.2285019455252918
electricity,random-reset,na,na,clean_k10,0.0,0.0,0.0,PDS_spearman_mse_h336_raw_corr,-0.2285019455252918
electricity,random-reset,na,na,clean_k10,0.0,0.0,0.0,PDS_spearman_mse_h336_ci_low,0.09955322388089193
electricity,random-reset,na,na,clean_k10,0.0,0.0,0.0,PDS_spearman_mse_h336_ci_high,0.35352516350323976
electricity,random-reset,na,na,clean_k10,0.0,0.0,0.0,PDS_spearman_mse_h336_pvalue,0.00022688011295741767
electricity,random-reset,na,na,clean_k20,0.0,0.0,0.0,PDS_spearman_mae_h336_score,0.21498412108033874
electricity,random-reset,na,na,clean_k20,0.0,0.0,0.0,PDS_spearman_mae_h336_raw_corr,-0.21498412108033874
electricity,random-reset,na,na,clean_k20,0.0,0.0,0.0,PDS_spearman_mae_h336_ci_low,0.09393473802539824
electricity,random-reset,na,na,clean_k20,0.0,0.0,0.0,PDS_spearman_mae_h336_ci_high,0.3284456874031591
electricity,random-reset,na,na,clean_k20,0.0,0.0,0.0,PDS_spearman_mae_h336_pvalue,0.0005332003196310922
electricity,random-reset,na,na,clean_k20,0.0,0.0,0.0,PDS_spearman_mse_h336_score,0.21498412108033874
electricity,random-reset,na,na,clean_k20,0.0,0.0,0.0,PDS_spearman_mse_h336_raw_corr,-0.21498412108033874
electricity,random-reset,na,na,clean_k20,0.0,0.0,0.0,PDS_spearman_mse_h336_ci_low,0.09393473802539824
electricity,random-reset,na,na,clean_k20,0.0,0.0,0.0,PDS_spearman_mse_h336_ci_high,0.3284456874031591
electricity,random-reset,na,na,clean_k20,0.0,0.0,0.0,PDS_spearman_mse_h336_pvalue,0.0005332003196310922
electricity,random-reset,na,na,clean_k50,0.0,0.0,0.0,PDS_spearman_mae_h336_score,0.23398661020828557
electricity,random-reset,na,na,clean_k50,0.0,0.0,0.0,PDS_spearman_mae_h336_raw_corr,-0.23398661020828557
electricity,random-reset,na,na,clean_k50,0.0,0.0,0.0,PDS_spearman_mae_h336_ci_low,0.10845027133406031
electricity,random-reset,na,na,clean_k50,0.0,0.0,0.0,PDS_spearman_mae_h336_ci_high,0.3585123360910657
electricity,random-reset,na,na,clean_k50,0.0,0.0,0.0,PDS_spearman_mae_h336_pvalue,0.00015806483356092482
electricity,random-reset,na,na,clean_k50,0.0,0.0,0.0,PDS_spearman_mse_h336_score,0.23398661020828557
electricity,random-reset,na,na,clean_k50,0.0,0.0,0.0,PDS_spearman_mse_h336_raw_corr,-0.23398661020828557
electricity,random-reset,na,na,clean_k50,0.0,0.0,0.0,PDS_spearman_mse_h336_ci_low,0.10845027133406031
electricity,random-reset,na,na,clean_k50,0.0,0.0,0.0,PDS_spearman_mse_h336_ci_high,0.3585123360910657
electricity,random-reset,na,na,clean_k50,0.0,0.0,0.0,PDS_spearman_mse_h336_pvalue,0.00015806483356092482
electricity,random-reset,na,na,clean,0.0,0.0,0.0,FSS_pearson_h336_score,-0.16032789647579193
electricity,random-reset,na,na,clean,0.0,0.0,0.0,FSS_pearson_h336_raw_corr,0.16032789647579193
electricity,random-reset,na,na,clean,0.0,0.0,0.0,FSS_pearson_h336_ci_low,-0.17642038278281688
electricity,random-reset,na,na,clean,0.0,0.0,0.0,FSS_pearson_h336_ci_high,-0.14534254744648933
electricity,random-reset,na,na,clean,0.0,0.0,0.0,FSS_pearson_h336_pvalue,0.0
electricity,random-reset,na,na,clean_k10,0.0,0.0,0.0,PDS_pearson_mae_h336_score,0.17649605480203484
electricity,random-reset,na,na,clean_k10,0.0,0.0,0.0,PDS_pearson_mae_h336_raw_corr,-0.17649605480203484
electricity,random-reset,na,na,clean_k10,0.0,0.0,0.0,PDS_pearson_mae_h336_ci_low,0.1468741551928365
electricity,random-reset,na,na,clean_k10,0.0,0.0,0.0,PDS_pearson_mae_h336_ci_high,0.3384735457843623
electricity,random-reset,na,na,clean_k10,0.0,0.0,0.0,PDS_pearson_mae_h336_pvalue,0.004620204167055733
electricity,random-reset,na,na,clean_k10,0.0,0.0,0.0,PDS_pearson_mse_h336_score,0.10105200664439971
electricity,random-reset,na,na,clean_k10,0.0,0.0,0.0,PDS_pearson_mse_h336_raw_corr,-0.10105200664439971
electricity,random-reset,na,na,clean_k10,0.0,0.0,0.0,PDS_pearson_mse_h336_ci_low,0.06774713042950217
electricity,random-reset,na,na,clean_k10,0.0,0.0,0.0,PDS_pearson_mse_h336_ci_high,0.25983650966237304
electricity,random-reset,na,na,clean_k10,0.0,0.0,0.0,PDS_pearson_mse_h336_pvalue,0.10673337928409832
electricity,random-reset,na,na,clean_k20,0.0,0.0,0.0,PDS_pearson_mae_h336_score,0.17393631739655843
electricity,random-reset,na,na,clean_k20,0.0,0.0,0.0,PDS_pearson_mae_h336_raw_corr,-0.17393631739655843
electricity,random-reset,na,na,clean_k20,0.0,0.0,0.0,PDS_pearson_mae_h336_ci_low,0.1509868725947071
electricity,random-reset,na,na,clean_k20,0.0,0.0,0.0,PDS_pearson_mae_h336_ci_high,0.34044055647608823
electricity,random-reset,na,na,clean_k20,0.0,0.0,0.0,PDS_pearson_mae_h336_pvalue,0.005259987192861088
electricity,random-reset,na,na,clean_k20,0.0,0.0,0.0,PDS_pearson_mse_h336_score,0.09919065846117998
electricity,random-reset,na,na,clean_k20,0.0,0.0,0.0,PDS_pearson_mse_h336_raw_corr,-0.09919065846117998
electricity,random-reset,na,na,clean_k20,0.0,0.0,0.0,PDS_pearson_mse_h336_ci_low,0.0689104727070963
electricity,random-reset,na,na,clean_k20,0.0,0.0,0.0,PDS_pearson_mse_h336_ci_high,0.24204244334999747
electricity,random-reset,na,na,clean_k20,0.0,0.0,0.0,PDS_pearson_mse_h336_pvalue,0.11337805682295432
electricity,random-reset,na,na,clean_k50,0.0,0.0,0.0,PDS_pearson_mae_h336_score,0.171318714301417
electricity,random-reset,na,na,clean_k50,0.0,0.0,0.0,PDS_pearson_mae_h336_raw_corr,-0.171318714301417
electricity,random-reset,na,na,clean_k50,0.0,0.0,0.0,PDS_pearson_mae_h336_ci_low,0.1451661076319528
electricity,random-reset,na,na,clean_k50,0.0,0.0,0.0,PDS_pearson_mae_h336_ci_high,0.34874169473477795
electricity,random-reset,na,na,clean_k50,0.0,0.0,0.0,PDS_pearson_mae_h336_pvalue,0.005995438198933268
electricity,random-reset,na,na,clean_k50,0.0,0.0,0.0,PDS_pearson_mse_h336_score,0.09895353970073363
electricity,random-reset,na,na,clean_k50,0.0,0.0,0.0,PDS_pearson_mse_h336_raw_corr,-0.09895353970073363
electricity,random-reset,na,na,clean_k50,0.0,0.0,0.0,PDS_pearson_mse_h336_ci_low,0.07194744014329907
electricity,random-reset,na,na,clean_k50,0.0,0.0,0.0,PDS_pearson_mse_h336_ci_high,0.26097330419261155
electricity,random-reset,na,na,clean_k50,0.0,0.0,0.0,PDS_pearson_mse_h336_pvalue,0.11424729635736997
electricity,random-reset,na,na,clean,0.0,0.0,0.0,FSS_spearman_h720_score,-0.09956082186033477
electricity,random-reset,na,na,clean,0.0,0.0,0.0,FSS_spearman_h720_raw_corr,0.09956082186033477
electricity,random-reset,na,na,clean,0.0,0.0,0.0,FSS_spearman_h720_ci_low,-0.11288283939590125
electricity,random-reset,na,na,clean,0.0,0.0,0.0,FSS_spearman_h720_ci_high,-0.0853201003385859
electricity,random-reset,na,na,clean,0.0,0.0,0.0,FSS_spearman_h720_pvalue,4.451050597111895e-45
electricity,random-reset,na,na,clean_k10,0.0,0.0,0.0,PDS_spearman_mae_h720_score,0.24040040627145795
electricity,random-reset,na,na,clean_k10,0.0,0.0,0.0,PDS_spearman_mae_h720_raw_corr,-0.24040040627145795
electricity,random-reset,na,na,clean_k10,0.0,0.0,0.0,PDS_spearman_mae_h720_ci_low,0.11014064695360928
electricity,random-reset,na,na,clean_k10,0.0,0.0,0.0,PDS_spearman_mae_h720_ci_high,0.3540795983297054
electricity,random-reset,na,na,clean_k10,0.0,0.0,0.0,PDS_spearman_mae_h720_pvalue,0.00010245435228353839
electricity,random-reset,na,na,clean_k10,0.0,0.0,0.0,PDS_spearman_mse_h720_score,0.24040040627145795
electricity,random-reset,na,na,clean_k10,0.0,0.0,0.0,PDS_spearman_mse_h720_raw_corr,-0.24040040627145795
electricity,random-reset,na,na,clean_k10,0.0,0.0,0.0,PDS_spearman_mse_h720_ci_low,0.11014064695360928
electricity,random-reset,na,na,clean_k10,0.0,0.0,0.0,PDS_spearman_mse_h720_ci_high,0.3540795983297054
electricity,random-reset,na,na,clean_k10,0.0,0.0,0.0,PDS_spearman_mse_h720_pvalue,0.00010245435228353839
electricity,random-reset,na,na,clean_k20,0.0,0.0,0.0,PDS_spearman_mae_h720_score,0.22468671320668337
electricity,random-reset,na,na,clean_k20,0.0,0.0,0.0,PDS_spearman_mae_h720_raw_corr,-0.22468671320668337
electricity,random-reset,na,na,clean_k20,0.0,0.0,0.0,PDS_spearman_mae_h720_ci_low,0.09644247425464843
electricity,random-reset,na,na,clean_k20,0.0,0.0,0.0,PDS_spearman_mae_h720_ci_high,0.34361070413130995
electricity,random-reset,na,na,clean_k20,0.0,0.0,0.0,PDS_spearman_mae_h720_pvalue,0.0002902631539452607
electricity,random-reset,na,na,clean_k20,0.0,0.0,0.0,PDS_spearman_mse_h720_score,0.22468671320668337
electricity,random-reset,na,na,clean_k20,0.0,0.0,0.0,PDS_spearman_mse_h720_raw_corr,-0.22468671320668337
electricity,random-reset,na,na,clean_k20,0.0,0.0,0.0,PDS_spearman_mse_h720_ci_low,0.09644247425464843
electricity,random-reset,na,na,clean_k20,0.0,0.0,0.0,PDS_spearman_mse_h720_ci_high,0.34361070413130995
electricity,random-reset,na,na,clean_k20,0.0,0.0,0.0,PDS_spearman_mse_h720_pvalue,0.0002902631539452607
electricity,random-reset,na,na,clean_k50,0.0,0.0,0.0,PDS_spearman_mae_h720_score,0.23301599336232542
electricity,random-reset,na,na,clean_k50,0.0,0.0,0.0,PDS_spearman_mae_h720_raw_corr,-0.23301599336232542
electricity,random-reset,na,na,clean_k50,0.0,0.0,0.0,PDS_spearman_mae_h720_ci_low,0.10102286677219287
electricity,random-reset,na,na,clean_k50,0.0,0.0,0.0,PDS_spearman_mae_h720_ci_high,0.3658272392367962
electricity,random-reset,na,na,clean_k50,0.0,0.0,0.0,PDS_spearman_mae_h720_pvalue,0.0001686103658412434
electricity,random-reset,na,na,clean_k50,0.0,0.0,0.0,PDS_spearman_mse_h720_score,0.23301599336232542
electricity,random-reset,na,na,clean_k50,0.0,0.0,0.0,PDS_spearman_mse_h720_raw_corr,-0.23301599336232542
electricity,random-reset,na,na,clean_k50,0.0,0.0,0.0,PDS_spearman_mse_h720_ci_low,0.10102286677219287
electricity,random-reset,na,na,clean_k50,0.0,0.0,0.0,PDS_spearman_mse_h720_ci_high,0.3658272392367962
electricity,random-reset,na,na,clean_k50,0.0,0.0,0.0,PDS_spearman_mse_h720_pvalue,0.0001686103658412434
electricity,random-reset,na,na,clean,0.0,0.0,0.0,FSS_pearson_h720_score,-0.1518346071243286
electricity,random-reset,na,na,clean,0.0,0.0,0.0,FSS_pearson_h720_raw_corr,0.1518346071243286
electricity,random-reset,na,na,clean,0.0,0.0,0.0,FSS_pearson_h720_ci_low,-0.16770670078694822
electricity,random-reset,na,na,clean,0.0,0.0,0.0,FSS_pearson_h720_ci_high,-0.13459105230867863
electricity,random-reset,na,na,clean,0.0,0.0,0.0,FSS_pearson_h720_pvalue,0.0
electricity,random-reset,na,na,clean_k10,0.0,0.0,0.0,PDS_pearson_mae_h720_score,0.17662736953424304
electricity,random-reset,na,na,clean_k10,0.0,0.0,0.0,PDS_pearson_mae_h720_raw_corr,-0.17662736953424304
electricity,random-reset,na,na,clean_k10,0.0,0.0,0.0,PDS_pearson_mae_h720_ci_low,0.13809593006971585
electricity,random-reset,na,na,clean_k10,0.0,0.0,0.0,PDS_pearson_mae_h720_ci_high,0.3282350964490267
electricity,random-reset,na,na,clean_k10,0.0,0.0,0.0,PDS_pearson_mae_h720_pvalue,0.004589357355716126
electricity,random-reset,na,na,clean_k10,0.0,0.0,0.0,PDS_pearson_mse_h720_score,0.10091755506854025
electricity,random-reset,na,na,clean_k10,0.0,0.0,0.0,PDS_pearson_mse_h720_raw_corr,-0.10091755506854025
electricity,random-reset,na,na,clean_k10,0.0,0.0,0.0,PDS_pearson_mse_h720_ci_low,0.06150077267978213
electricity,random-reset,na,na,clean_k10,0.0,0.0,0.0,PDS_pearson_mse_h720_ci_high,0.25241801778332645
electricity,random-reset,na,na,clean_k10,0.0,0.0,0.0,PDS_pearson_mse_h720_pvalue,0.10720282868650327
electricity,random-reset,na,na,clean_k20,0.0,0.0,0.0,PDS_pearson_mae_h720_score,0.1741917716136951
electricity,random-reset,na,na,clean_k20,0.0,0.0,0.0,PDS_pearson_mae_h720_raw_corr,-0.1741917716136951
electricity,random-reset,na,na,clean_k20,0.0,0.0,0.0,PDS_pearson_mae_h720_ci_low,0.14316673523144854
electricity,random-reset,na,na,clean_k20,0.0,0.0,0.0,PDS_pearson_mae_h720_ci_high,0.33110439974132666
electricity,random-reset,na,na,clean_k20,0.0,0.0,0.0,PDS_pearson_mae_h720_pvalue,0.005192743293962634
electricity,random-reset,na,na,clean_k20,0.0,0.0,0.0,PDS_pearson_mse_h720_score,0.09936780400833876
electricity,random-reset,na,na,clean_k20,0.0,0.0,0.0,PDS_pearson_mse_h720_raw_corr,-0.09936780400833876
electricity,random-reset,na,na,clean_k20,0.0,0.0,0.0,PDS_pearson_mse_h720_ci_low,0.07002707751916179
electricity,random-reset,na,na,clean_k20,0.0,0.0,0.0,PDS_pearson_mse_h720_ci_high,0.2461609205638567
electricity,random-reset,na,na,clean_k20,0.0,0.0,0.0,PDS_pearson_mse_h720_pvalue,0.11273205598532574
electricity,random-reset,na,na,clean_k50,0.0,0.0,0.0,PDS_pearson_mae_h720_score,0.17084539226572307
electricity,random-reset,na,na,clean_k50,0.0,0.0,0.0,PDS_pearson_mae_h720_raw_corr,-0.17084539226572307
electricity,random-reset,na,na,clean_k50,0.0,0.0,0.0,PDS_pearson_mae_h720_ci_low,0.14364005973316665
electricity,random-reset,na,na,clean_k50,0.0,0.0,0.0,PDS_pearson_mae_h720_ci_high,0.3383084841684146
electricity,random-reset,na,na,clean_k50,0.0,0.0,0.0,PDS_pearson_mae_h720_pvalue,0.0061378514645789835
electricity,random-reset,na,na,clean_k50,0.0,0.0,0.0,PDS_pearson_mse_h720_score,0.09875609945093877
electricity,random-reset,na,na,clean_k50,0.0,0.0,0.0,PDS_pearson_mse_h720_raw_corr,-0.09875609945093877
electricity,random-reset,na,na,clean_k50,0.0,0.0,0.0,PDS_pearson_mse_h720_ci_low,0.07121308618525991
electricity,random-reset,na,na,clean_k50,0.0,0.0,0.0,PDS_pearson_mse_h720_ci_high,0.2636381322201088
electricity,random-reset,na,na,clean_k50,0.0,0.0,0.0,PDS_pearson_mse_h720_pvalue,0.11497505221400472
electricity,random-reset,na,na,clean,0.0,0.0,0.0,FSS_spearman_havg_score,-0.0925599011692138
electricity,random-reset,na,na,clean,0.0,0.0,0.0,FSS_spearman_havg_raw_corr,0.0925599011692138
electricity,random-reset,na,na,clean,0.0,0.0,0.0,FSS_spearman_havg_ci_low,-0.10404811792292305
electricity,random-reset,na,na,clean,0.0,0.0,0.0,FSS_spearman_havg_ci_high,-0.07866812606647902
electricity,random-reset,na,na,clean,0.0,0.0,0.0,FSS_spearman_havg_pvalue,3.579405754981825e-39
electricity,random-reset,na,na,clean_k10,0.0,0.0,0.0,PDS_spearman_mae_havg_score,0.2484886415655756
electricity,random-reset,na,na,clean_k10,0.0,0.0,0.0,PDS_spearman_mae_havg_raw_corr,-0.2484886415655756
electricity,random-reset,na,na,clean_k10,0.0,0.0,0.0,PDS_spearman_mae_havg_ci_low,0.12563633327222792
electricity,random-reset,na,na,clean_k10,0.0,0.0,0.0,PDS_spearman_mae_havg_ci_high,0.36768220135889035
electricity,random-reset,na,na,clean_k10,0.0,0.0,0.0,PDS_spearman_mae_havg_pvalue,5.8300252544021103e-05
electricity,random-reset,na,na,clean_k10,0.0,0.0,0.0,PDS_spearman_mse_havg_score,0.2396994449530785
electricity,random-reset,na,na,clean_k10,0.0,0.0,0.0,PDS_spearman_mse_havg_raw_corr,-0.2396994449530785
electricity,random-reset,na,na,clean_k10,0.0,0.0,0.0,PDS_spearman_mse_havg_ci_low,0.11664944792355968
electricity,random-reset,na,na,clean_k10,0.0,0.0,0.0,PDS_spearman_mse_havg_ci_high,0.3544766060205198
electricity,random-reset,na,na,clean_k10,0.0,0.0,0.0,PDS_spearman_mse_havg_pvalue,0.00010748832408134349
electricity,random-reset,na,na,clean_k20,0.0,0.0,0.0,PDS_spearman_mae_havg_score,0.24303759441519796
electricity,random-reset,na,na,clean_k20,0.0,0.0,0.0,PDS_spearman_mae_havg_raw_corr,-0.24303759441519796
electricity,random-reset,na,na,clean_k20,0.0,0.0,0.0,PDS_spearman_mae_havg_ci_low,0.12796384747188358
electricity,random-reset,na,na,clean_k20,0.0,0.0,0.0,PDS_spearman_mae_havg_ci_high,0.36602051012521264
electricity,random-reset,na,na,clean_k20,0.0,0.0,0.0,PDS_spearman_mae_havg_pvalue,8.542883431248471e-05
electricity,random-reset,na,na,clean_k20,0.0,0.0,0.0,PDS_spearman_mse_havg_score,0.23349736781872277
electricity,random-reset,na,na,clean_k20,0.0,0.0,0.0,PDS_spearman_mse_havg_raw_corr,-0.23349736781872277
electricity,random-reset,na,na,clean_k20,0.0,0.0,0.0,PDS_spearman_mse_havg_ci_low,0.11928957553307082
electricity,random-reset,na,na,clean_k20,0.0,0.0,0.0,PDS_spearman_mse_havg_ci_high,0.35604768255212255
electricity,random-reset,na,na,clean_k20,0.0,0.0,0.0,PDS_spearman_mse_havg_pvalue,0.00016330071921629634
electricity,random-reset,na,na,clean_k50,0.0,0.0,0.0,PDS_spearman_mae_havg_score,0.24361552986953533
electricity,random-reset,na,na,clean_k50,0.0,0.0,0.0,PDS_spearman_mae_havg_raw_corr,-0.24361552986953533
electricity,random-reset,na,na,clean_k50,0.0,0.0,0.0,PDS_spearman_mae_havg_ci_low,0.11973936076601038
electricity,random-reset,na,na,clean_k50,0.0,0.0,0.0,PDS_spearman_mae_havg_ci_high,0.36336676632336684
electricity,random-reset,na,na,clean_k50,0.0,0.0,0.0,PDS_spearman_mae_havg_pvalue,8.207115704556928e-05
electricity,random-reset,na,na,clean_k50,0.0,0.0,0.0,PDS_spearman_mse_havg_score,0.2320689803158617
electricity,random-reset,na,na,clean_k50,0.0,0.0,0.0,PDS_spearman_mse_havg_raw_corr,-0.2320689803158617
electricity,random-reset,na,na,clean_k50,0.0,0.0,0.0,PDS_spearman_mse_havg_ci_low,0.11000340550400531
electricity,random-reset,na,na,clean_k50,0.0,0.0,0.0,PDS_spearman_mse_havg_ci_high,0.35325072395465007
electricity,random-reset,na,na,clean_k50,0.0,0.0,0.0,PDS_spearman_mse_havg_pvalue,0.00017953053157862523
electricity,random-reset,na,na,clean,0.0,0.0,0.0,FSS_pearson_havg_score,-0.01535961963236332
electricity,random-reset,na,na,clean,0.0,0.0,0.0,FSS_pearson_havg_raw_corr,0.01535961963236332
electricity,random-reset,na,na,clean,0.0,0.0,0.0,FSS_pearson_havg_ci_low,-0.027740824129432438
electricity,random-reset,na,na,clean,0.0,0.0,0.0,FSS_pearson_havg_ci_high,-0.003036018437705934
electricity,random-reset,na,na,clean,0.0,0.0,0.0,FSS_pearson_havg_pvalue,0.03013894334435463
electricity,random-reset,na,na,clean_k10,0.0,0.0,0.0,PDS_pearson_mae_havg_score,0.19146867932958966
electricity,random-reset,na,na,clean_k10,0.0,0.0,0.0,PDS_pearson_mae_havg_raw_corr,-0.19146867932958966
electricity,random-reset,na,na,clean_k10,0.0,0.0,0.0,PDS_pearson_mae_havg_ci_low,0.0984824236637435
electricity,random-reset,na,na,clean_k10,0.0,0.0,0.0,PDS_pearson_mae_havg_ci_high,0.32312925321003694
electricity,random-reset,na,na,clean_k10,0.0,0.0,0.0,PDS_pearson_mae_havg_pvalue,0.002090779469874353
electricity,random-reset,na,na,clean_k10,0.0,0.0,0.0,PDS_pearson_mse_havg_score,0.09462536054399133
electricity,random-reset,na,na,clean_k10,0.0,0.0,0.0,PDS_pearson_mse_havg_raw_corr,-0.09462536054399133
electricity,random-reset,na,na,clean_k10,0.0,0.0,0.0,PDS_pearson_mse_havg_ci_low,0.002746812899132422
electricity,random-reset,na,na,clean_k10,0.0,0.0,0.0,PDS_pearson_mse_havg_ci_high,0.2564054980531744
electricity,random-reset,na,na,clean_k10,0.0,0.0,0.0,PDS_pearson_mse_havg_pvalue,0.13104685272133218
electricity,random-reset,na,na,clean_k20,0.0,0.0,0.0,PDS_pearson_mae_havg_score,0.18885626031381053
electricity,random-reset,na,na,clean_k20,0.0,0.0,0.0,PDS_pearson_mae_havg_raw_corr,-0.18885626031381053
electricity,random-reset,na,na,clean_k20,0.0,0.0,0.0,PDS_pearson_mae_havg_ci_low,0.11277859109400488
electricity,random-reset,na,na,clean_k20,0.0,0.0,0.0,PDS_pearson_mae_havg_ci_high,0.3128362236652691
electricity,random-reset,na,na,clean_k20,0.0,0.0,0.0,PDS_pearson_mae_havg_pvalue,0.0024112335356552997
electricity,random-reset,na,na,clean_k20,0.0,0.0,0.0,PDS_pearson_mse_havg_score,0.09330985109096174
electricity,random-reset,na,na,clean_k20,0.0,0.0,0.0,PDS_pearson_mse_havg_raw_corr,-0.09330985109096174
electricity,random-reset,na,na,clean_k20,0.0,0.0,0.0,PDS_pearson_mse_havg_ci_low,0.01903417021510614
electricity,random-reset,na,na,clean_k20,0.0,0.0,0.0,PDS_pearson_mse_havg_ci_high,0.24606006822410822
electricity,random-reset,na,na,clean_k20,0.0,0.0,0.0,PDS_pearson_mse_havg_pvalue,0.13651329613858346
electricity,random-reset,na,na,clean_k50,0.0,0.0,0.0,PDS_pearson_mae_havg_score,0.18367004288005892
electricity,random-reset,na,na,clean_k50,0.0,0.0,0.0,PDS_pearson_mae_havg_raw_corr,-0.18367004288005892
electricity,random-reset,na,na,clean_k50,0.0,0.0,0.0,PDS_pearson_mae_havg_ci_low,0.11178124062594132
electricity,random-reset,na,na,clean_k50,0.0,0.0,0.0,PDS_pearson_mae_havg_ci_high,0.31154552510416716
electricity,random-reset,na,na,clean_k50,0.0,0.0,0.0,PDS_pearson_mae_havg_pvalue,0.0031831793262767126
electricity,random-reset,na,na,clean_k50,0.0,0.0,0.0,PDS_pearson_mse_havg_score,0.09137641034207494
electricity,random-reset,na,na,clean_k50,0.0,0.0,0.0,PDS_pearson_mse_havg_raw_corr,-0.09137641034207494
electricity,random-reset,na,na,clean_k50,0.0,0.0,0.0,PDS_pearson_mse_havg_ci_low,0.01978708088496034
electricity,random-reset,na,na,clean_k50,0.0,0.0,0.0,PDS_pearson_mse_havg_ci_high,0.25208423711387506
electricity,random-reset,na,na,clean_k50,0.0,0.0,0.0,PDS_pearson_mse_havg_pvalue,0.14486275788069655
electricity,random-reset,na,na,clean,0.0,0.0,0.0,LLS_k10,0.4090979220927693
electricity,random-reset,na,na,clean,0.0,0.0,0.0,LLS_k20,0.39620371075579897
electricity,random-reset,na,na,clean,0.0,0.0,0.0,LLS_k50,0.4179783831932582
electricity,random-reset,na,na,clean,0.0,0.0,0.0,LLS_avgk,0.40776000534727547
electricity,random-reset,na,q0.95,clean,0.0,0.0,0.0,MCS_k10,0.9807692307692307
electricity,random-reset,na,q0.95,clean,0.0,0.0,0.0,MCS_k20,0.9807692307692307
electricity,random-reset,na,q0.95,clean,0.0,0.0,0.0,MCS_k50,0.9807692307692307
electricity,random-reset,na,na,clean,0.0,0.0,0.0,CSS_seasonality_bal_acc,0.6153846153846154
electricity,random-reset,na,na,clean,0.0,0.0,0.0,CSS_seasonality_margin,0.5838829856382398
electricity,random-reset,na,na,clean,0.0,0.0,0.0,CSS_seasonality_pvalue,0.047619047619047616
electricity,random-reset,na,na,clean,0.0,0.0,0.0,CSS_trend_bal_acc,0.6346153846153846
electricity,random-reset,na,na,clean,0.0,0.0,0.0,CSS_trend_margin,0.5909833914352056
electricity,random-reset,na,na,clean,0.0,0.0,0.0,CSS_trend_pvalue,0.047619047619047616
electricity,random-reset,na,na,clean,0.0,0.0,0.0,CSS_volatility_bal_acc,0.40384615384615385
electricity,random-reset,na,na,clean,0.0,0.0,0.0,CSS_volatility_margin,0.5859676728921002
electricity,random-reset,na,na,clean,0.0,0.0,0.0,CSS_volatility_pvalue,1.0
electricity,random-reset,na,na,clean,0.0,0.0,0.0,TCS_scale,1.0
electricity,random-reset,na,na,clean,0.0,0.0,0.0,TCS_shift,1.0
electricity,random-reset,na,na,clean,0.0,0.0,0.0,TCS_resample,0.9985694885253906
electricity,random-reset,na,na,clean,0.0,0.0,0.0,TCS_avg,0.9995231628417969
