dataset,model,metric,best,median,mean,worst
csi300,chronos-forecasting_random-reset,CSS_seasonality_bal_acc,0.7181818181818183,0.7181818181818183,0.7181818181818183,0.7181818181818183
csi300,chronos-forecasting_random-reset,CSS_seasonality_margin,0.5099938853419739,0.5099938853419739,0.5099938853419739,0.5099938853419739
csi300,chronos-forecasting_random-reset,CSS_seasonality_pvalue,0.03278688524590164,0.03278688524590164,0.03278688524590164,0.03278688524590164
csi300,chronos-forecasting_random-reset,CSS_trend_bal_acc,0.3727272727272727,0.3727272727272727,0.3727272727272727,0.3727272727272727
csi300,chronos-forecasting_random-reset,CSS_trend_margin,0.513441367919493,0.513441367919493,0.513441367919493,0.513441367919493
csi300,chronos-forecasting_random-reset,CSS_trend_pvalue,0.9180327868852459,0.9180327868852459,0.9180327868852459,0.9180327868852459
csi300,chronos-forecasting_random-reset,CSS_volatility_bal_acc,0.3318181818181818,0.3318181818181818,0.3318181818181818,0.3318181818181818
csi300,chronos-forecasting_random-reset,CSS_volatility_margin,0.510309011600424,0.510309011600424,0.510309011600424,0.510309011600424
csi300,chronos-forecasting_random-reset,CSS_volatility_pvalue,0.9508196721311475,0.9508196721311475,0.9508196721311475,0.9508196721311475
csi300,lightgts_random-reset,CSS_seasonality_bal_acc,0.5772727272727273,0.5772727272727273,0.5772727272727273,0.5772727272727273
csi300,lightgts_random-reset,CSS_seasonality_margin,0.7526079825140302,0.7526079825140302,0.7526079825140302,0.7526079825140302
csi300,lightgts_random-reset,CSS_seasonality_pvalue,0.2459016393442623,0.2459016393442623,0.2459016393442623,0.2459016393442623
csi300,lightgts_random-reset,CSS_trend_bal_acc,0.37727272727272726,0.37727272727272726,0.37727272727272726,0.37727272727272726
csi300,lightgts_random-reset,CSS_trend_margin,0.7819176612231405,0.7819176612231405,0.7819176612231405,0.7819176612231405
csi300,lightgts_random-reset,CSS_trend_pvalue,0.8852459016393442,0.8852459016393442,0.8852459016393442,0.8852459016393442
csi300,lightgts_random-reset,CSS_volatility_bal_acc,0.34090909090909094,0.34090909090909094,0.34090909090909094,0.34090909090909094
csi300,lightgts_random-reset,CSS_volatility_margin,0.7339540843927147,0.7339540843927147,0.7339540843927147,0.7339540843927147
csi300,lightgts_random-reset,CSS_volatility_pvalue,0.8688524590163934,0.8688524590163934,0.8688524590163934,0.8688524590163934
csi300,moment_random-reset,CSS_seasonality_bal_acc,0.6272727272727273,0.6272727272727273,0.6272727272727273,0.6272727272727273
csi300,moment_random-reset,CSS_seasonality_margin,0.7342373831882087,0.7342373831882087,0.7342373831882087,0.7342373831882087
csi300,moment_random-reset,CSS_seasonality_pvalue,0.18032786885245902,0.18032786885245902,0.18032786885245902,0.18032786885245902
csi300,moment_random-reset,CSS_trend_bal_acc,0.38636363636363635,0.38636363636363635,0.38636363636363635,0.38636363636363635
csi300,moment_random-reset,CSS_trend_margin,0.704065825587684,0.704065825587684,0.704065825587684,0.704065825587684
csi300,moment_random-reset,CSS_trend_pvalue,0.9016393442622951,0.9016393442622951,0.9016393442622951,0.9016393442622951
csi300,moment_random-reset,CSS_volatility_bal_acc,0.4636363636363636,0.4636363636363636,0.4636363636363636,0.4636363636363636
csi300,moment_random-reset,CSS_volatility_margin,0.672763322503946,0.672763322503946,0.672763322503946,0.672763322503946
csi300,moment_random-reset,CSS_volatility_pvalue,0.639344262295082,0.639344262295082,0.639344262295082,0.639344262295082
csi300,neurips2023-one-fits-all_random-reset,CSS_seasonality_bal_acc,0.5681818181818181,0.5681818181818181,0.5681818181818181,0.5681818181818181
csi300,neurips2023-one-fits-all_random-reset,CSS_seasonality_margin,0.9114283627811449,0.9114283627811449,0.9114283627811449,0.9114283627811449
csi300,neurips2023-one-fits-all_random-reset,CSS_seasonality_pvalue,0.4426229508196721,0.4426229508196721,0.4426229508196721,0.4426229508196721
csi300,neurips2023-one-fits-all_random-reset,CSS_trend_bal_acc,0.4818181818181818,0.4818181818181818,0.4818181818181818,0.4818181818181818
csi300,neurips2023-one-fits-all_random-reset,CSS_trend_margin,0.8897327327656764,0.8897327327656764,0.8897327327656764,0.8897327327656764
csi300,neurips2023-one-fits-all_random-reset,CSS_trend_pvalue,0.6065573770491803,0.6065573770491803,0.6065573770491803,0.6065573770491803
csi300,neurips2023-one-fits-all_random-reset,CSS_volatility_bal_acc,0.5181818181818182,0.5181818181818182,0.5181818181818182,0.5181818181818182
csi300,neurips2023-one-fits-all_random-reset,CSS_volatility_margin,0.914351530198053,0.914351530198053,0.914351530198053,0.914351530198053
csi300,neurips2023-one-fits-all_random-reset,CSS_volatility_pvalue,0.5409836065573771,0.5409836065573771,0.5409836065573771,0.5409836065573771
csi300,sundial_random-reset,CSS_seasonality_bal_acc,0.6681818181818182,0.6681818181818182,0.6681818181818182,0.6681818181818182
csi300,sundial_random-reset,CSS_seasonality_margin,0.8718328527702252,0.8718328527702252,0.8718328527702252,0.8718328527702252
csi300,sundial_random-reset,CSS_seasonality_pvalue,0.04918032786885246,0.04918032786885246,0.04918032786885246,0.04918032786885246
csi300,sundial_random-reset,CSS_trend_bal_acc,0.2909090909090909,0.2909090909090909,0.2909090909090909,0.2909090909090909
csi300,sundial_random-reset,CSS_trend_margin,0.803948416518196,0.803948416518196,0.803948416518196,0.803948416518196
csi300,sundial_random-reset,CSS_trend_pvalue,0.9836065573770492,0.9836065573770492,0.9836065573770492,0.9836065573770492
csi300,sundial_random-reset,CSS_volatility_bal_acc,0.6227272727272727,0.6227272727272727,0.6227272727272727,0.6227272727272727
csi300,sundial_random-reset,CSS_volatility_margin,0.8517191863939796,0.8517191863939796,0.8517191863939796,0.8517191863939796
csi300,sundial_random-reset,CSS_volatility_pvalue,0.21311475409836064,0.21311475409836064,0.21311475409836064,0.21311475409836064
csi300,time-moe_random-reset,CSS_seasonality_bal_acc,0.6136363636363636,0.6136363636363636,0.6136363636363636,0.6136363636363636
csi300,time-moe_random-reset,CSS_seasonality_margin,0.60653962892747,0.60653962892747,0.60653962892747,0.60653962892747
csi300,time-moe_random-reset,CSS_seasonality_pvalue,0.16393442622950818,0.16393442622950818,0.16393442622950818,0.16393442622950818
csi300,time-moe_random-reset,CSS_trend_bal_acc,0.6545454545454545,0.6545454545454545,0.6545454545454545,0.6545454545454545
csi300,time-moe_random-reset,CSS_trend_margin,0.609329975111802,0.609329975111802,0.609329975111802,0.609329975111802
csi300,time-moe_random-reset,CSS_trend_pvalue,0.11475409836065574,0.11475409836065574,0.11475409836065574,0.11475409836065574
csi300,time-moe_random-reset,CSS_volatility_bal_acc,0.5727272727272728,0.5727272727272728,0.5727272727272728,0.5727272727272728
csi300,time-moe_random-reset,CSS_volatility_margin,0.6109243034931039,0.6109243034931039,0.6109243034931039,0.6109243034931039
csi300,time-moe_random-reset,CSS_volatility_pvalue,0.36065573770491804,0.36065573770491804,0.36065573770491804,0.36065573770491804
csi300,tirex_random-reset,CSS_seasonality_bal_acc,0.6636363636363636,0.6636363636363636,0.6636363636363636,0.6636363636363636
csi300,tirex_random-reset,CSS_seasonality_margin,0.5195805656037082,0.5195805656037082,0.5195805656037082,0.5195805656037082
csi300,tirex_random-reset,CSS_seasonality_pvalue,0.03278688524590164,0.03278688524590164,0.03278688524590164,0.03278688524590164
csi300,tirex_random-reset,CSS_trend_bal_acc,0.2909090909090909,0.2909090909090909,0.2909090909090909,0.2909090909090909
csi300,tirex_random-reset,CSS_trend_margin,0.5063451435817916,0.5063451435817916,0.5063451435817916,0.5063451435817916
csi300,tirex_random-reset,CSS_trend_pvalue,0.9836065573770492,0.9836065573770492,0.9836065573770492,0.9836065573770492
csi300,tirex_random-reset,CSS_volatility_bal_acc,0.34090909090909094,0.34090909090909094,0.34090909090909094,0.34090909090909094
csi300,tirex_random-reset,CSS_volatility_margin,0.5131449117972744,0.5131449117972744,0.5131449117972744,0.5131449117972744
csi300,tirex_random-reset,CSS_volatility_pvalue,0.9016393442622951,0.9016393442622951,0.9016393442622951,0.9016393442622951
csi300,uni2ts_random-reset,CSS_seasonality_bal_acc,0.5136363636363637,0.5136363636363637,0.5136363636363637,0.5136363636363637
csi300,uni2ts_random-reset,CSS_seasonality_margin,0.725878864245519,0.725878864245519,0.725878864245519,0.725878864245519
csi300,uni2ts_random-reset,CSS_seasonality_pvalue,0.47540983606557374,0.47540983606557374,0.47540983606557374,0.47540983606557374
csi300,uni2ts_random-reset,CSS_trend_bal_acc,0.4772727272727273,0.4772727272727273,0.4772727272727273,0.4772727272727273
csi300,uni2ts_random-reset,CSS_trend_margin,0.7336119913156555,0.7336119913156555,0.7336119913156555,0.7336119913156555
csi300,uni2ts_random-reset,CSS_trend_pvalue,0.5409836065573771,0.5409836065573771,0.5409836065573771,0.5409836065573771
csi300,uni2ts_random-reset,CSS_volatility_bal_acc,0.5636363636363637,0.5636363636363637,0.5636363636363637,0.5636363636363637
csi300,uni2ts_random-reset,CSS_volatility_margin,0.7333194778853149,0.7333194778853149,0.7333194778853149,0.7333194778853149
csi300,uni2ts_random-reset,CSS_volatility_pvalue,0.3114754098360656,0.3114754098360656,0.3114754098360656,0.3114754098360656
csi300,unitime_random-reset,CSS_seasonality_bal_acc,0.46818181818181814,0.46818181818181814,0.46818181818181814,0.46818181818181814
csi300,unitime_random-reset,CSS_seasonality_margin,0.6757510561671264,0.6757510561671264,0.6757510561671264,0.6757510561671264
csi300,unitime_random-reset,CSS_seasonality_pvalue,0.6065573770491803,0.6065573770491803,0.6065573770491803,0.6065573770491803
csi300,unitime_random-reset,CSS_trend_bal_acc,0.29545454545454547,0.29545454545454547,0.29545454545454547,0.29545454545454547
csi300,unitime_random-reset,CSS_trend_margin,0.7422809031963526,0.7422809031963526,0.7422809031963526,0.7422809031963526
csi300,unitime_random-reset,CSS_trend_pvalue,0.9508196721311475,0.9508196721311475,0.9508196721311475,0.9508196721311475
csi300,unitime_random-reset,CSS_volatility_bal_acc,0.4727272727272727,0.4727272727272727,0.4727272727272727,0.4727272727272727
csi300,unitime_random-reset,CSS_volatility_margin,0.7419660962111133,0.7419660962111133,0.7419660962111133,0.7419660962111133
csi300,unitime_random-reset,CSS_volatility_pvalue,0.5901639344262295,0.5901639344262295,0.5901639344262295,0.5901639344262295
csi300,visionts_random-reset,CSS_seasonality_bal_acc,0.46818181818181814,0.46818181818181814,0.46818181818181814,0.46818181818181814
csi300,visionts_random-reset,CSS_seasonality_margin,0.5797169656950547,0.5797169656950547,0.5797169656950547,0.5797169656950547
csi300,visionts_random-reset,CSS_seasonality_pvalue,0.7377049180327869,0.7377049180327869,0.7377049180327869,0.7377049180327869
csi300,visionts_random-reset,CSS_trend_bal_acc,0.5318181818181817,0.5318181818181817,0.5318181818181817,0.5318181818181817
csi300,visionts_random-reset,CSS_trend_margin,0.5293196324326226,0.5293196324326226,0.5293196324326226,0.5293196324326226
csi300,visionts_random-reset,CSS_trend_pvalue,0.3114754098360656,0.3114754098360656,0.3114754098360656,0.3114754098360656
csi300,visionts_random-reset,CSS_volatility_bal_acc,0.2409090909090909,0.2409090909090909,0.2409090909090909,0.2409090909090909
csi300,visionts_random-reset,CSS_volatility_margin,0.5466075700488431,0.5466075700488431,0.5466075700488431,0.5466075700488431
csi300,visionts_random-reset,CSS_volatility_pvalue,1.0,1.0,1.0,1.0
csi800,chronos-forecasting_random-reset,CSS_seasonality_bal_acc,0.7181818181818183,0.7181818181818183,0.7181818181818183,0.7181818181818183
csi800,chronos-forecasting_random-reset,CSS_seasonality_margin,0.5099938853419739,0.5099938853419739,0.5099938853419739,0.5099938853419739
csi800,chronos-forecasting_random-reset,CSS_seasonality_pvalue,0.03278688524590164,0.03278688524590164,0.03278688524590164,0.03278688524590164
csi800,chronos-forecasting_random-reset,CSS_trend_bal_acc,0.3727272727272727,0.3727272727272727,0.3727272727272727,0.3727272727272727
csi800,chronos-forecasting_random-reset,CSS_trend_margin,0.513441367919493,0.513441367919493,0.513441367919493,0.513441367919493
csi800,chronos-forecasting_random-reset,CSS_trend_pvalue,0.9180327868852459,0.9180327868852459,0.9180327868852459,0.9180327868852459
csi800,chronos-forecasting_random-reset,CSS_volatility_bal_acc,0.3318181818181818,0.3318181818181818,0.3318181818181818,0.3318181818181818
csi800,chronos-forecasting_random-reset,CSS_volatility_margin,0.510309011600424,0.510309011600424,0.510309011600424,0.510309011600424
csi800,chronos-forecasting_random-reset,CSS_volatility_pvalue,0.9508196721311475,0.9508196721311475,0.9508196721311475,0.9508196721311475
csi800,lightgts_random-reset,CSS_seasonality_bal_acc,0.5772727272727273,0.5772727272727273,0.5772727272727273,0.5772727272727273
csi800,lightgts_random-reset,CSS_seasonality_margin,0.7526079825140302,0.7526079825140302,0.7526079825140302,0.7526079825140302
csi800,lightgts_random-reset,CSS_seasonality_pvalue,0.2459016393442623,0.2459016393442623,0.2459016393442623,0.2459016393442623
csi800,lightgts_random-reset,CSS_trend_bal_acc,0.37727272727272726,0.37727272727272726,0.37727272727272726,0.37727272727272726
csi800,lightgts_random-reset,CSS_trend_margin,0.7819176612231405,0.7819176612231405,0.7819176612231405,0.7819176612231405
csi800,lightgts_random-reset,CSS_trend_pvalue,0.8852459016393442,0.8852459016393442,0.8852459016393442,0.8852459016393442
csi800,lightgts_random-reset,CSS_volatility_bal_acc,0.34090909090909094,0.34090909090909094,0.34090909090909094,0.34090909090909094
csi800,lightgts_random-reset,CSS_volatility_margin,0.7339540843927147,0.7339540843927147,0.7339540843927147,0.7339540843927147
csi800,lightgts_random-reset,CSS_volatility_pvalue,0.8688524590163934,0.8688524590163934,0.8688524590163934,0.8688524590163934
csi800,moment_random-reset,CSS_seasonality_bal_acc,0.6272727272727273,0.6272727272727273,0.6272727272727273,0.6272727272727273
csi800,moment_random-reset,CSS_seasonality_margin,0.7342373831882087,0.7342373831882087,0.7342373831882087,0.7342373831882087
csi800,moment_random-reset,CSS_seasonality_pvalue,0.18032786885245902,0.18032786885245902,0.18032786885245902,0.18032786885245902
csi800,moment_random-reset,CSS_trend_bal_acc,0.38636363636363635,0.38636363636363635,0.38636363636363635,0.38636363636363635
csi800,moment_random-reset,CSS_trend_margin,0.704065825587684,0.704065825587684,0.704065825587684,0.704065825587684
csi800,moment_random-reset,CSS_trend_pvalue,0.9016393442622951,0.9016393442622951,0.9016393442622951,0.9016393442622951
csi800,moment_random-reset,CSS_volatility_bal_acc,0.4636363636363636,0.4636363636363636,0.4636363636363636,0.4636363636363636
csi800,moment_random-reset,CSS_volatility_margin,0.672763322503946,0.672763322503946,0.672763322503946,0.672763322503946
csi800,moment_random-reset,CSS_volatility_pvalue,0.639344262295082,0.639344262295082,0.639344262295082,0.639344262295082
csi800,neurips2023-one-fits-all_random-reset,CSS_seasonality_bal_acc,0.5681818181818181,0.5681818181818181,0.5681818181818181,0.5681818181818181
csi800,neurips2023-one-fits-all_random-reset,CSS_seasonality_margin,0.9114283627811449,0.9114283627811449,0.9114283627811449,0.9114283627811449
csi800,neurips2023-one-fits-all_random-reset,CSS_seasonality_pvalue,0.4426229508196721,0.4426229508196721,0.4426229508196721,0.4426229508196721
csi800,neurips2023-one-fits-all_random-reset,CSS_trend_bal_acc,0.4818181818181818,0.4818181818181818,0.4818181818181818,0.4818181818181818
csi800,neurips2023-one-fits-all_random-reset,CSS_trend_margin,0.8897327327656764,0.8897327327656764,0.8897327327656764,0.8897327327656764
csi800,neurips2023-one-fits-all_random-reset,CSS_trend_pvalue,0.6065573770491803,0.6065573770491803,0.6065573770491803,0.6065573770491803
csi800,neurips2023-one-fits-all_random-reset,CSS_volatility_bal_acc,0.5181818181818182,0.5181818181818182,0.5181818181818182,0.5181818181818182
csi800,neurips2023-one-fits-all_random-reset,CSS_volatility_margin,0.914351530198053,0.914351530198053,0.914351530198053,0.914351530198053
csi800,neurips2023-one-fits-all_random-reset,CSS_volatility_pvalue,0.5409836065573771,0.5409836065573771,0.5409836065573771,0.5409836065573771
csi800,sundial_random-reset,CSS_seasonality_bal_acc,0.6681818181818182,0.6681818181818182,0.6681818181818182,0.6681818181818182
csi800,sundial_random-reset,CSS_seasonality_margin,0.8718328527702252,0.8718328527702252,0.8718328527702252,0.8718328527702252
csi800,sundial_random-reset,CSS_seasonality_pvalue,0.04918032786885246,0.04918032786885246,0.04918032786885246,0.04918032786885246
csi800,sundial_random-reset,CSS_trend_bal_acc,0.2909090909090909,0.2909090909090909,0.2909090909090909,0.2909090909090909
csi800,sundial_random-reset,CSS_trend_margin,0.803948416518196,0.803948416518196,0.803948416518196,0.803948416518196
csi800,sundial_random-reset,CSS_trend_pvalue,0.9836065573770492,0.9836065573770492,0.9836065573770492,0.9836065573770492
csi800,sundial_random-reset,CSS_volatility_bal_acc,0.6227272727272727,0.6227272727272727,0.6227272727272727,0.6227272727272727
csi800,sundial_random-reset,CSS_volatility_margin,0.8517191863939796,0.8517191863939796,0.8517191863939796,0.8517191863939796
csi800,sundial_random-reset,CSS_volatility_pvalue,0.21311475409836064,0.21311475409836064,0.21311475409836064,0.21311475409836064
csi800,time-moe_random-reset,CSS_seasonality_bal_acc,0.6136363636363636,0.6136363636363636,0.6136363636363636,0.6136363636363636
csi800,time-moe_random-reset,CSS_seasonality_margin,0.60653962892747,0.60653962892747,0.60653962892747,0.60653962892747
csi800,time-moe_random-reset,CSS_seasonality_pvalue,0.16393442622950818,0.16393442622950818,0.16393442622950818,0.16393442622950818
csi800,time-moe_random-reset,CSS_trend_bal_acc,0.6545454545454545,0.6545454545454545,0.6545454545454545,0.6545454545454545
csi800,time-moe_random-reset,CSS_trend_margin,0.609329975111802,0.609329975111802,0.609329975111802,0.609329975111802
csi800,time-moe_random-reset,CSS_trend_pvalue,0.11475409836065574,0.11475409836065574,0.11475409836065574,0.11475409836065574
csi800,time-moe_random-reset,CSS_volatility_bal_acc,0.5727272727272728,0.5727272727272728,0.5727272727272728,0.5727272727272728
csi800,time-moe_random-reset,CSS_volatility_margin,0.6109243034931039,0.6109243034931039,0.6109243034931039,0.6109243034931039
csi800,time-moe_random-reset,CSS_volatility_pvalue,0.36065573770491804,0.36065573770491804,0.36065573770491804,0.36065573770491804
csi800,tirex_random-reset,CSS_seasonality_bal_acc,0.6636363636363636,0.6636363636363636,0.6636363636363636,0.6636363636363636
csi800,tirex_random-reset,CSS_seasonality_margin,0.5195805656037082,0.5195805656037082,0.5195805656037082,0.5195805656037082
csi800,tirex_random-reset,CSS_seasonality_pvalue,0.03278688524590164,0.03278688524590164,0.03278688524590164,0.03278688524590164
csi800,tirex_random-reset,CSS_trend_bal_acc,0.2909090909090909,0.2909090909090909,0.2909090909090909,0.2909090909090909
csi800,tirex_random-reset,CSS_trend_margin,0.5063451435817916,0.5063451435817916,0.5063451435817916,0.5063451435817916
csi800,tirex_random-reset,CSS_trend_pvalue,0.9836065573770492,0.9836065573770492,0.9836065573770492,0.9836065573770492
csi800,tirex_random-reset,CSS_volatility_bal_acc,0.34090909090909094,0.34090909090909094,0.34090909090909094,0.34090909090909094
csi800,tirex_random-reset,CSS_volatility_margin,0.5131449117972744,0.5131449117972744,0.5131449117972744,0.5131449117972744
csi800,tirex_random-reset,CSS_volatility_pvalue,0.9016393442622951,0.9016393442622951,0.9016393442622951,0.9016393442622951
csi800,uni2ts_random-reset,CSS_seasonality_bal_acc,0.5136363636363637,0.5136363636363637,0.5136363636363637,0.5136363636363637
csi800,uni2ts_random-reset,CSS_seasonality_margin,0.725878864245519,0.725878864245519,0.725878864245519,0.725878864245519
csi800,uni2ts_random-reset,CSS_seasonality_pvalue,0.47540983606557374,0.47540983606557374,0.47540983606557374,0.47540983606557374
csi800,uni2ts_random-reset,CSS_trend_bal_acc,0.4772727272727273,0.4772727272727273,0.4772727272727273,0.4772727272727273
csi800,uni2ts_random-reset,CSS_trend_margin,0.7336119913156555,0.7336119913156555,0.7336119913156555,0.7336119913156555
csi800,uni2ts_random-reset,CSS_trend_pvalue,0.5409836065573771,0.5409836065573771,0.5409836065573771,0.5409836065573771
csi800,uni2ts_random-reset,CSS_volatility_bal_acc,0.5636363636363637,0.5636363636363637,0.5636363636363637,0.5636363636363637
csi800,uni2ts_random-reset,CSS_volatility_margin,0.7333194778853149,0.7333194778853149,0.7333194778853149,0.7333194778853149
csi800,uni2ts_random-reset,CSS_volatility_pvalue,0.3114754098360656,0.3114754098360656,0.3114754098360656,0.3114754098360656
csi800,unitime_random-reset,CSS_seasonality_bal_acc,0.46818181818181814,0.46818181818181814,0.46818181818181814,0.46818181818181814
csi800,unitime_random-reset,CSS_seasonality_margin,0.6757510561671264,0.6757510561671264,0.6757510561671264,0.6757510561671264
csi800,unitime_random-reset,CSS_seasonality_pvalue,0.6065573770491803,0.6065573770491803,0.6065573770491803,0.6065573770491803
csi800,unitime_random-reset,CSS_trend_bal_acc,0.29545454545454547,0.29545454545454547,0.29545454545454547,0.29545454545454547
csi800,unitime_random-reset,CSS_trend_margin,0.7422809031963526,0.7422809031963526,0.7422809031963526,0.7422809031963526
csi800,unitime_random-reset,CSS_trend_pvalue,0.9508196721311475,0.9508196721311475,0.9508196721311475,0.9508196721311475
csi800,unitime_random-reset,CSS_volatility_bal_acc,0.4727272727272727,0.4727272727272727,0.4727272727272727,0.4727272727272727
csi800,unitime_random-reset,CSS_volatility_margin,0.7419660962111133,0.7419660962111133,0.7419660962111133,0.7419660962111133
csi800,unitime_random-reset,CSS_volatility_pvalue,0.5901639344262295,0.5901639344262295,0.5901639344262295,0.5901639344262295
csi800,visionts_random-reset,CSS_seasonality_bal_acc,0.46818181818181814,0.46818181818181814,0.46818181818181814,0.46818181818181814
csi800,visionts_random-reset,CSS_seasonality_margin,0.5797169656950547,0.5797169656950547,0.5797169656950547,0.5797169656950547
csi800,visionts_random-reset,CSS_seasonality_pvalue,0.7377049180327869,0.7377049180327869,0.7377049180327869,0.7377049180327869
csi800,visionts_random-reset,CSS_trend_bal_acc,0.5318181818181817,0.5318181818181817,0.5318181818181817,0.5318181818181817
csi800,visionts_random-reset,CSS_trend_margin,0.5293196324326226,0.5293196324326226,0.5293196324326226,0.5293196324326226
csi800,visionts_random-reset,CSS_trend_pvalue,0.3114754098360656,0.3114754098360656,0.3114754098360656,0.3114754098360656
csi800,visionts_random-reset,CSS_volatility_bal_acc,0.2409090909090909,0.2409090909090909,0.2409090909090909,0.2409090909090909
csi800,visionts_random-reset,CSS_volatility_margin,0.5466075700488431,0.5466075700488431,0.5466075700488431,0.5466075700488431
csi800,visionts_random-reset,CSS_volatility_pvalue,1.0,1.0,1.0,1.0
electricity,chronos-forecasting_random-reset,CSS_seasonality_bal_acc,0.48636363636363633,0.48636363636363633,0.48636363636363633,0.48636363636363633
electricity,chronos-forecasting_random-reset,CSS_seasonality_margin,0.5197767322842137,0.5197767322842137,0.5197767322842137,0.5197767322842137
electricity,chronos-forecasting_random-reset,CSS_seasonality_pvalue,0.47540983606557374,0.47540983606557374,0.47540983606557374,0.47540983606557374
electricity,chronos-forecasting_random-reset,CSS_trend_bal_acc,0.38181818181818183,0.38181818181818183,0.38181818181818183,0.38181818181818183
electricity,chronos-forecasting_random-reset,CSS_trend_margin,0.5170123400219699,0.5170123400219699,0.5170123400219699,0.5170123400219699
electricity,chronos-forecasting_random-reset,CSS_trend_pvalue,0.819672131147541,0.819672131147541,0.819672131147541,0.819672131147541
electricity,chronos-forecasting_random-reset,CSS_volatility_bal_acc,0.5181818181818182,0.5181818181818182,0.5181818181818182,0.5181818181818182
electricity,chronos-forecasting_random-reset,CSS_volatility_margin,0.5199648751366925,0.5199648751366925,0.5199648751366925,0.5199648751366925
electricity,chronos-forecasting_random-reset,CSS_volatility_pvalue,0.4262295081967213,0.4262295081967213,0.4262295081967213,0.4262295081967213
electricity,lightgts_random-reset,CSS_seasonality_bal_acc,0.43636363636363634,0.43636363636363634,0.43636363636363634,0.43636363636363634
electricity,lightgts_random-reset,CSS_seasonality_margin,0.8366440617814681,0.8366440617814681,0.8366440617814681,0.8366440617814681
electricity,lightgts_random-reset,CSS_seasonality_pvalue,0.6721311475409836,0.6721311475409836,0.6721311475409836,0.6721311475409836
electricity,lightgts_random-reset,CSS_trend_bal_acc,0.33636363636363636,0.33636363636363636,0.33636363636363636,0.33636363636363636
electricity,lightgts_random-reset,CSS_trend_margin,0.824042551028214,0.824042551028214,0.824042551028214,0.824042551028214
electricity,lightgts_random-reset,CSS_trend_pvalue,0.8852459016393442,0.8852459016393442,0.8852459016393442,0.8852459016393442
electricity,lightgts_random-reset,CSS_volatility_bal_acc,0.5227272727272727,0.5227272727272727,0.5227272727272727,0.5227272727272727
electricity,lightgts_random-reset,CSS_volatility_margin,0.8635592995093239,0.8635592995093239,0.8635592995093239,0.8635592995093239
electricity,lightgts_random-reset,CSS_volatility_pvalue,0.5081967213114754,0.5081967213114754,0.5081967213114754,0.5081967213114754
electricity,moment_random-reset,CSS_seasonality_bal_acc,0.4409090909090909,0.4409090909090909,0.4409090909090909,0.4409090909090909
electricity,moment_random-reset,CSS_seasonality_margin,0.6749572843493061,0.6749572843493061,0.6749572843493061,0.6749572843493061
electricity,moment_random-reset,CSS_seasonality_pvalue,0.7049180327868853,0.7049180327868853,0.7049180327868853,0.7049180327868853
electricity,moment_random-reset,CSS_trend_bal_acc,0.6090909090909091,0.6090909090909091,0.6090909090909091,0.6090909090909091
electricity,moment_random-reset,CSS_trend_margin,0.7072431136883671,0.7072431136883671,0.7072431136883671,0.7072431136883671
electricity,moment_random-reset,CSS_trend_pvalue,0.2459016393442623,0.2459016393442623,0.2459016393442623,0.2459016393442623
electricity,moment_random-reset,CSS_volatility_bal_acc,0.5090909090909091,0.5090909090909091,0.5090909090909091,0.5090909090909091
electricity,moment_random-reset,CSS_volatility_margin,0.6717691814437848,0.6717691814437848,0.6717691814437848,0.6717691814437848
electricity,moment_random-reset,CSS_volatility_pvalue,0.5081967213114754,0.5081967213114754,0.5081967213114754,0.5081967213114754
electricity,neurips2023-one-fits-all_random-reset,CSS_seasonality_bal_acc,0.6181818181818182,0.6181818181818182,0.6181818181818182,0.6181818181818182
electricity,neurips2023-one-fits-all_random-reset,CSS_seasonality_margin,0.8655784459982441,0.8655784459982441,0.8655784459982441,0.8655784459982441
electricity,neurips2023-one-fits-all_random-reset,CSS_seasonality_pvalue,0.18032786885245902,0.18032786885245902,0.18032786885245902,0.18032786885245902
electricity,neurips2023-one-fits-all_random-reset,CSS_trend_bal_acc,0.5181818181818182,0.5181818181818182,0.5181818181818182,0.5181818181818182
electricity,neurips2023-one-fits-all_random-reset,CSS_trend_margin,0.8249224703437473,0.8249224703437473,0.8249224703437473,0.8249224703437473
electricity,neurips2023-one-fits-all_random-reset,CSS_trend_pvalue,0.4262295081967213,0.4262295081967213,0.4262295081967213,0.4262295081967213
electricity,neurips2023-one-fits-all_random-reset,CSS_volatility_bal_acc,0.5136363636363637,0.5136363636363637,0.5136363636363637,0.5136363636363637
electricity,neurips2023-one-fits-all_random-reset,CSS_volatility_margin,0.8006338470340008,0.8006338470340008,0.8006338470340008,0.8006338470340008
electricity,neurips2023-one-fits-all_random-reset,CSS_volatility_pvalue,0.4262295081967213,0.4262295081967213,0.4262295081967213,0.4262295081967213
electricity,sundial_random-reset,CSS_seasonality_bal_acc,0.4772727272727273,0.4772727272727273,0.4772727272727273,0.4772727272727273
electricity,sundial_random-reset,CSS_seasonality_margin,0.9170911413338733,0.9170911413338733,0.9170911413338733,0.9170911413338733
electricity,sundial_random-reset,CSS_seasonality_pvalue,0.6885245901639344,0.6885245901639344,0.6885245901639344,0.6885245901639344
electricity,sundial_random-reset,CSS_trend_bal_acc,0.5727272727272728,0.5727272727272728,0.5727272727272728,0.5727272727272728
electricity,sundial_random-reset,CSS_trend_margin,0.7816285305478975,0.7816285305478975,0.7816285305478975,0.7816285305478975
electricity,sundial_random-reset,CSS_trend_pvalue,0.29508196721311475,0.29508196721311475,0.29508196721311475,0.29508196721311475
electricity,sundial_random-reset,CSS_volatility_bal_acc,0.5090909090909091,0.5090909090909091,0.5090909090909091,0.5090909090909091
electricity,sundial_random-reset,CSS_volatility_margin,0.8097020575057902,0.8097020575057902,0.8097020575057902,0.8097020575057902
electricity,sundial_random-reset,CSS_volatility_pvalue,0.5901639344262295,0.5901639344262295,0.5901639344262295,0.5901639344262295
electricity,time-moe_random-reset,CSS_seasonality_bal_acc,0.5727272727272728,0.5727272727272728,0.5727272727272728,0.5727272727272728
electricity,time-moe_random-reset,CSS_seasonality_margin,0.5941045617833003,0.5941045617833003,0.5941045617833003,0.5941045617833003
electricity,time-moe_random-reset,CSS_seasonality_pvalue,0.2786885245901639,0.2786885245901639,0.2786885245901639,0.2786885245901639
electricity,time-moe_random-reset,CSS_trend_bal_acc,0.5227272727272727,0.5227272727272727,0.5227272727272727,0.5227272727272727
electricity,time-moe_random-reset,CSS_trend_margin,0.6166991076417977,0.6166991076417977,0.6166991076417977,0.6166991076417977
electricity,time-moe_random-reset,CSS_trend_pvalue,0.4098360655737705,0.4098360655737705,0.4098360655737705,0.4098360655737705
electricity,time-moe_random-reset,CSS_volatility_bal_acc,0.43636363636363634,0.43636363636363634,0.43636363636363634,0.43636363636363634
electricity,time-moe_random-reset,CSS_volatility_margin,0.5445128595783734,0.5445128595783734,0.5445128595783734,0.5445128595783734
electricity,time-moe_random-reset,CSS_volatility_pvalue,0.6885245901639344,0.6885245901639344,0.6885245901639344,0.6885245901639344
electricity,tirex_random-reset,CSS_seasonality_bal_acc,0.7181818181818183,0.7181818181818183,0.7181818181818183,0.7181818181818183
electricity,tirex_random-reset,CSS_seasonality_margin,0.524859012768471,0.524859012768471,0.524859012768471,0.524859012768471
electricity,tirex_random-reset,CSS_seasonality_pvalue,0.03278688524590164,0.03278688524590164,0.03278688524590164,0.03278688524590164
electricity,tirex_random-reset,CSS_trend_bal_acc,0.4818181818181818,0.4818181818181818,0.4818181818181818,0.4818181818181818
electricity,tirex_random-reset,CSS_trend_margin,0.5266696292269393,0.5266696292269393,0.5266696292269393,0.5266696292269393
electricity,tirex_random-reset,CSS_trend_pvalue,0.6229508196721312,0.6229508196721312,0.6229508196721312,0.6229508196721312
electricity,tirex_random-reset,CSS_volatility_bal_acc,0.6727272727272727,0.6727272727272727,0.6727272727272727,0.6727272727272727
electricity,tirex_random-reset,CSS_volatility_margin,0.520449650108636,0.520449650108636,0.520449650108636,0.520449650108636
electricity,tirex_random-reset,CSS_volatility_pvalue,0.08196721311475409,0.08196721311475409,0.08196721311475409,0.08196721311475409
electricity,uni2ts_random-reset,CSS_seasonality_bal_acc,0.5727272727272728,0.5727272727272728,0.5727272727272728,0.5727272727272728
electricity,uni2ts_random-reset,CSS_seasonality_margin,0.7281222940065107,0.7281222940065107,0.7281222940065107,0.7281222940065107
electricity,uni2ts_random-reset,CSS_seasonality_pvalue,0.32786885245901637,0.32786885245901637,0.32786885245901637,0.32786885245901637
electricity,uni2ts_random-reset,CSS_trend_bal_acc,0.6227272727272727,0.6227272727272727,0.6227272727272727,0.6227272727272727
electricity,uni2ts_random-reset,CSS_trend_margin,0.7351716719650653,0.7351716719650653,0.7351716719650653,0.7351716719650653
electricity,uni2ts_random-reset,CSS_trend_pvalue,0.16393442622950818,0.16393442622950818,0.16393442622950818,0.16393442622950818
electricity,uni2ts_random-reset,CSS_volatility_bal_acc,0.4727272727272727,0.4727272727272727,0.4727272727272727,0.4727272727272727
electricity,uni2ts_random-reset,CSS_volatility_margin,0.6981640888597203,0.6981640888597203,0.6981640888597203,0.6981640888597203
electricity,uni2ts_random-reset,CSS_volatility_pvalue,0.6557377049180327,0.6557377049180327,0.6557377049180327,0.6557377049180327
electricity,unitime_random-reset,CSS_seasonality_bal_acc,0.6590909090909092,0.6590909090909092,0.6590909090909092,0.6590909090909092
electricity,unitime_random-reset,CSS_seasonality_margin,0.6567642581907733,0.6567642581907733,0.6567642581907733,0.6567642581907733
electricity,unitime_random-reset,CSS_seasonality_pvalue,0.09836065573770492,0.09836065573770492,0.09836065573770492,0.09836065573770492
electricity,unitime_random-reset,CSS_trend_bal_acc,0.38636363636363635,0.38636363636363635,0.38636363636363635,0.38636363636363635
electricity,unitime_random-reset,CSS_trend_margin,0.7348106225735476,0.7348106225735476,0.7348106225735476,0.7348106225735476
electricity,unitime_random-reset,CSS_trend_pvalue,0.8524590163934426,0.8524590163934426,0.8524590163934426,0.8524590163934426
electricity,unitime_random-reset,CSS_volatility_bal_acc,0.42272727272727273,0.42272727272727273,0.42272727272727273,0.42272727272727273
electricity,unitime_random-reset,CSS_volatility_margin,0.6660762226958741,0.6660762226958741,0.6660762226958741,0.6660762226958741
electricity,unitime_random-reset,CSS_volatility_pvalue,0.8524590163934426,0.8524590163934426,0.8524590163934426,0.8524590163934426
electricity,visionts_random-reset,CSS_seasonality_bal_acc,0.4772727272727273,0.4772727272727273,0.4772727272727273,0.4772727272727273
electricity,visionts_random-reset,CSS_seasonality_margin,0.5745990654501661,0.5745990654501661,0.5745990654501661,0.5745990654501661
electricity,visionts_random-reset,CSS_seasonality_pvalue,0.5901639344262295,0.5901639344262295,0.5901639344262295,0.5901639344262295
electricity,visionts_random-reset,CSS_trend_bal_acc,0.7636363636363637,0.7636363636363637,0.7636363636363637,0.7636363636363637
electricity,visionts_random-reset,CSS_trend_margin,0.5998819172317573,0.5998819172317573,0.5998819172317573,0.5998819172317573
electricity,visionts_random-reset,CSS_trend_pvalue,0.01639344262295082,0.01639344262295082,0.01639344262295082,0.01639344262295082
electricity,visionts_random-reset,CSS_volatility_bal_acc,0.4727272727272727,0.4727272727272727,0.4727272727272727,0.4727272727272727
electricity,visionts_random-reset,CSS_volatility_margin,0.5759206150148392,0.5759206150148392,0.5759206150148392,0.5759206150148392
electricity,visionts_random-reset,CSS_volatility_pvalue,0.6885245901639344,0.6885245901639344,0.6885245901639344,0.6885245901639344
ett,chronos-forecasting_random-reset,CSS_seasonality_bal_acc,0.32727272727272727,0.32727272727272727,0.32727272727272727,0.32727272727272727
ett,chronos-forecasting_random-reset,CSS_seasonality_margin,0.5283849752107648,0.5283849752107648,0.5283849752107648,0.5283849752107648
ett,chronos-forecasting_random-reset,CSS_seasonality_pvalue,0.9672131147540983,0.9672131147540983,0.9672131147540983,0.9672131147540983
ett,chronos-forecasting_random-reset,CSS_trend_bal_acc,0.4318181818181818,0.4318181818181818,0.4318181818181818,0.4318181818181818
ett,chronos-forecasting_random-reset,CSS_trend_margin,0.5222188842160679,0.5222188842160679,0.5222188842160679,0.5222188842160679
ett,chronos-forecasting_random-reset,CSS_trend_pvalue,0.7704918032786885,0.7704918032786885,0.7704918032786885,0.7704918032786885
ett,chronos-forecasting_random-reset,CSS_volatility_bal_acc,0.7181818181818183,0.7181818181818183,0.7181818181818183,0.7181818181818183
ett,chronos-forecasting_random-reset,CSS_volatility_margin,0.527064108339639,0.527064108339639,0.527064108339639,0.527064108339639
ett,chronos-forecasting_random-reset,CSS_volatility_pvalue,0.01639344262295082,0.01639344262295082,0.01639344262295082,0.01639344262295082
ett,lightgts_random-reset,CSS_seasonality_bal_acc,0.6590909090909092,0.6590909090909092,0.6590909090909092,0.6590909090909092
ett,lightgts_random-reset,CSS_seasonality_margin,0.8368455880133325,0.8368455880133325,0.8368455880133325,0.8368455880133325
ett,lightgts_random-reset,CSS_seasonality_pvalue,0.09836065573770492,0.09836065573770492,0.09836065573770492,0.09836065573770492
ett,lightgts_random-reset,CSS_trend_bal_acc,0.5727272727272728,0.5727272727272728,0.5727272727272728,0.5727272727272728
ett,lightgts_random-reset,CSS_trend_margin,0.8343845939886539,0.8343845939886539,0.8343845939886539,0.8343845939886539
ett,lightgts_random-reset,CSS_trend_pvalue,0.29508196721311475,0.29508196721311475,0.29508196721311475,0.29508196721311475
ett,lightgts_random-reset,CSS_volatility_bal_acc,0.6272727272727273,0.6272727272727273,0.6272727272727273,0.6272727272727273
ett,lightgts_random-reset,CSS_volatility_margin,0.763774660483522,0.763774660483522,0.763774660483522,0.763774660483522
ett,lightgts_random-reset,CSS_volatility_pvalue,0.11475409836065574,0.11475409836065574,0.11475409836065574,0.11475409836065574
ett,moment_random-reset,CSS_seasonality_bal_acc,0.6727272727272727,0.6727272727272727,0.6727272727272727,0.6727272727272727
ett,moment_random-reset,CSS_seasonality_margin,0.7269706398502416,0.7269706398502416,0.7269706398502416,0.7269706398502416
ett,moment_random-reset,CSS_seasonality_pvalue,0.06557377049180328,0.06557377049180328,0.06557377049180328,0.06557377049180328
ett,moment_random-reset,CSS_trend_bal_acc,0.7681818181818182,0.7681818181818182,0.7681818181818182,0.7681818181818182
ett,moment_random-reset,CSS_trend_margin,0.7737000349356797,0.7737000349356797,0.7737000349356797,0.7737000349356797
ett,moment_random-reset,CSS_trend_pvalue,0.01639344262295082,0.01639344262295082,0.01639344262295082,0.01639344262295082
ett,moment_random-reset,CSS_volatility_bal_acc,0.6227272727272727,0.6227272727272727,0.6227272727272727,0.6227272727272727
ett,moment_random-reset,CSS_volatility_margin,0.6689188903351536,0.6689188903351536,0.6689188903351536,0.6689188903351536
ett,moment_random-reset,CSS_volatility_pvalue,0.18032786885245902,0.18032786885245902,0.18032786885245902,0.18032786885245902
ett,neurips2023-one-fits-all_random-reset,CSS_seasonality_bal_acc,0.7545454545454545,0.7545454545454545,0.7545454545454545,0.7545454545454545
ett,neurips2023-one-fits-all_random-reset,CSS_seasonality_margin,0.8308817002127303,0.8308817002127303,0.8308817002127303,0.8308817002127303
ett,neurips2023-one-fits-all_random-reset,CSS_seasonality_pvalue,0.01639344262295082,0.01639344262295082,0.01639344262295082,0.01639344262295082
ett,neurips2023-one-fits-all_random-reset,CSS_trend_bal_acc,0.7181818181818183,0.7181818181818183,0.7181818181818183,0.7181818181818183
ett,neurips2023-one-fits-all_random-reset,CSS_trend_margin,0.871422348560217,0.871422348560217,0.871422348560217,0.871422348560217
ett,neurips2023-one-fits-all_random-reset,CSS_trend_pvalue,0.01639344262295082,0.01639344262295082,0.01639344262295082,0.01639344262295082
ett,neurips2023-one-fits-all_random-reset,CSS_volatility_bal_acc,0.4727272727272727,0.4727272727272727,0.4727272727272727,0.4727272727272727
ett,neurips2023-one-fits-all_random-reset,CSS_volatility_margin,0.8738641110734378,0.8738641110734378,0.8738641110734378,0.8738641110734378
ett,neurips2023-one-fits-all_random-reset,CSS_volatility_pvalue,0.6065573770491803,0.6065573770491803,0.6065573770491803,0.6065573770491803
ett,sundial_random-reset,CSS_seasonality_bal_acc,0.6636363636363636,0.6636363636363636,0.6636363636363636,0.6636363636363636
ett,sundial_random-reset,CSS_seasonality_margin,0.8364844152346859,0.8364844152346859,0.8364844152346859,0.8364844152346859
ett,sundial_random-reset,CSS_seasonality_pvalue,0.06557377049180328,0.06557377049180328,0.06557377049180328,0.06557377049180328
ett,sundial_random-reset,CSS_trend_bal_acc,0.759090909090909,0.759090909090909,0.759090909090909,0.759090909090909
ett,sundial_random-reset,CSS_trend_margin,0.9055796589450358,0.9055796589450358,0.9055796589450358,0.9055796589450358
ett,sundial_random-reset,CSS_trend_pvalue,0.04918032786885246,0.04918032786885246,0.04918032786885246,0.04918032786885246
ett,sundial_random-reset,CSS_volatility_bal_acc,0.38181818181818183,0.38181818181818183,0.38181818181818183,0.38181818181818183
ett,sundial_random-reset,CSS_volatility_margin,0.8562529440009554,0.8562529440009554,0.8562529440009554,0.8562529440009554
ett,sundial_random-reset,CSS_volatility_pvalue,0.8688524590163934,0.8688524590163934,0.8688524590163934,0.8688524590163934
ett,time-moe_random-reset,CSS_seasonality_bal_acc,0.6090909090909091,0.6090909090909091,0.6090909090909091,0.6090909090909091
ett,time-moe_random-reset,CSS_seasonality_margin,0.5933560563209856,0.5933560563209856,0.5933560563209856,0.5933560563209856
ett,time-moe_random-reset,CSS_seasonality_pvalue,0.26229508196721313,0.26229508196721313,0.26229508196721313,0.26229508196721313
ett,time-moe_random-reset,CSS_trend_bal_acc,0.6181818181818182,0.6181818181818182,0.6181818181818182,0.6181818181818182
ett,time-moe_random-reset,CSS_trend_margin,0.6243514092009778,0.6243514092009778,0.6243514092009778,0.6243514092009778
ett,time-moe_random-reset,CSS_trend_pvalue,0.11475409836065574,0.11475409836065574,0.11475409836065574,0.11475409836065574
ett,time-moe_random-reset,CSS_volatility_bal_acc,0.7181818181818183,0.7181818181818183,0.7181818181818183,0.7181818181818183
ett,time-moe_random-reset,CSS_volatility_margin,0.5937462702111489,0.5937462702111489,0.5937462702111489,0.5937462702111489
ett,time-moe_random-reset,CSS_volatility_pvalue,0.11475409836065574,0.11475409836065574,0.11475409836065574,0.11475409836065574
ett,tirex_random-reset,CSS_seasonality_bal_acc,0.7181818181818183,0.7181818181818183,0.7181818181818183,0.7181818181818183
ett,tirex_random-reset,CSS_seasonality_margin,0.5105319567722024,0.5105319567722024,0.5105319567722024,0.5105319567722024
ett,tirex_random-reset,CSS_seasonality_pvalue,0.06557377049180328,0.06557377049180328,0.06557377049180328,0.06557377049180328
ett,tirex_random-reset,CSS_trend_bal_acc,0.5772727272727273,0.5772727272727273,0.5772727272727273,0.5772727272727273
ett,tirex_random-reset,CSS_trend_margin,0.5236899402618702,0.5236899402618702,0.5236899402618702,0.5236899402618702
ett,tirex_random-reset,CSS_trend_pvalue,0.16393442622950818,0.16393442622950818,0.16393442622950818,0.16393442622950818
ett,tirex_random-reset,CSS_volatility_bal_acc,0.6227272727272727,0.6227272727272727,0.6227272727272727,0.6227272727272727
ett,tirex_random-reset,CSS_volatility_margin,0.5258963248659551,0.5258963248659551,0.5258963248659551,0.5258963248659551
ett,tirex_random-reset,CSS_volatility_pvalue,0.14754098360655737,0.14754098360655737,0.14754098360655737,0.14754098360655737
ett,uni2ts_random-reset,CSS_seasonality_bal_acc,0.5227272727272727,0.5227272727272727,0.5227272727272727,0.5227272727272727
ett,uni2ts_random-reset,CSS_seasonality_margin,0.7236562440329715,0.7236562440329715,0.7236562440329715,0.7236562440329715
ett,uni2ts_random-reset,CSS_seasonality_pvalue,0.4098360655737705,0.4098360655737705,0.4098360655737705,0.4098360655737705
ett,uni2ts_random-reset,CSS_trend_bal_acc,0.759090909090909,0.759090909090909,0.759090909090909,0.759090909090909
ett,uni2ts_random-reset,CSS_trend_margin,0.7226322617294793,0.7226322617294793,0.7226322617294793,0.7226322617294793
ett,uni2ts_random-reset,CSS_trend_pvalue,0.03278688524590164,0.03278688524590164,0.03278688524590164,0.03278688524590164
ett,uni2ts_random-reset,CSS_volatility_bal_acc,0.38636363636363635,0.38636363636363635,0.38636363636363635,0.38636363636363635
ett,uni2ts_random-reset,CSS_volatility_margin,0.7356327447621063,0.7356327447621063,0.7356327447621063,0.7356327447621063
ett,uni2ts_random-reset,CSS_volatility_pvalue,0.7704918032786885,0.7704918032786885,0.7704918032786885,0.7704918032786885
ett,unitime_random-reset,CSS_seasonality_bal_acc,0.5227272727272727,0.5227272727272727,0.5227272727272727,0.5227272727272727
ett,unitime_random-reset,CSS_seasonality_margin,0.6447685675053917,0.6447685675053917,0.6447685675053917,0.6447685675053917
ett,unitime_random-reset,CSS_seasonality_pvalue,0.39344262295081966,0.39344262295081966,0.39344262295081966,0.39344262295081966
ett,unitime_random-reset,CSS_trend_bal_acc,0.7136363636363636,0.7136363636363636,0.7136363636363636,0.7136363636363636
ett,unitime_random-reset,CSS_trend_margin,0.7302782954769748,0.7302782954769748,0.7302782954769748,0.7302782954769748
ett,unitime_random-reset,CSS_trend_pvalue,0.08196721311475409,0.08196721311475409,0.08196721311475409,0.08196721311475409
ett,unitime_random-reset,CSS_volatility_bal_acc,0.6181818181818182,0.6181818181818182,0.6181818181818182,0.6181818181818182
ett,unitime_random-reset,CSS_volatility_margin,0.6667662396479695,0.6667662396479695,0.6667662396479695,0.6667662396479695
ett,unitime_random-reset,CSS_volatility_pvalue,0.14754098360655737,0.14754098360655737,0.14754098360655737,0.14754098360655737
ett,visionts_random-reset,CSS_seasonality_bal_acc,0.4818181818181818,0.4818181818181818,0.4818181818181818,0.4818181818181818
ett,visionts_random-reset,CSS_seasonality_margin,0.567444174075594,0.567444174075594,0.567444174075594,0.567444174075594
ett,visionts_random-reset,CSS_seasonality_pvalue,0.5081967213114754,0.5081967213114754,0.5081967213114754,0.5081967213114754
ett,visionts_random-reset,CSS_trend_bal_acc,0.6590909090909092,0.6590909090909092,0.6590909090909092,0.6590909090909092
ett,visionts_random-reset,CSS_trend_margin,0.571891576510676,0.571891576510676,0.571891576510676,0.571891576510676
ett,visionts_random-reset,CSS_trend_pvalue,0.11475409836065574,0.11475409836065574,0.11475409836065574,0.11475409836065574
ett,visionts_random-reset,CSS_volatility_bal_acc,0.5727272727272728,0.5727272727272728,0.5727272727272728,0.5727272727272728
ett,visionts_random-reset,CSS_volatility_margin,0.5818204098729876,0.5818204098729876,0.5818204098729876,0.5818204098729876
ett,visionts_random-reset,CSS_volatility_pvalue,0.16393442622950818,0.16393442622950818,0.16393442622950818,0.16393442622950818
traffic,chronos-forecasting_random-reset,CSS_seasonality_bal_acc,0.6727272727272727,0.6727272727272727,0.6727272727272727,0.6727272727272727
traffic,chronos-forecasting_random-reset,CSS_seasonality_margin,0.5118974681941646,0.5118974681941646,0.5118974681941646,0.5118974681941646
traffic,chronos-forecasting_random-reset,CSS_seasonality_pvalue,0.06557377049180328,0.06557377049180328,0.06557377049180328,0.06557377049180328
traffic,chronos-forecasting_random-reset,CSS_trend_bal_acc,0.4318181818181818,0.4318181818181818,0.4318181818181818,0.4318181818181818
traffic,chronos-forecasting_random-reset,CSS_trend_margin,0.5081020366109686,0.5081020366109686,0.5081020366109686,0.5081020366109686
traffic,chronos-forecasting_random-reset,CSS_trend_pvalue,0.7704918032786885,0.7704918032786885,0.7704918032786885,0.7704918032786885
traffic,chronos-forecasting_random-reset,CSS_volatility_bal_acc,0.7636363636363637,0.7636363636363637,0.7636363636363637,0.7636363636363637
traffic,chronos-forecasting_random-reset,CSS_volatility_margin,0.5118428497100391,0.5118428497100391,0.5118428497100391,0.5118428497100391
traffic,chronos-forecasting_random-reset,CSS_volatility_pvalue,0.01639344262295082,0.01639344262295082,0.01639344262295082,0.01639344262295082
traffic,lightgts_random-reset,CSS_seasonality_bal_acc,0.5727272727272728,0.5727272727272728,0.5727272727272728,0.5727272727272728
traffic,lightgts_random-reset,CSS_seasonality_margin,0.8192244883857676,0.8192244883857676,0.8192244883857676,0.8192244883857676
traffic,lightgts_random-reset,CSS_seasonality_pvalue,0.36065573770491804,0.36065573770491804,0.36065573770491804,0.36065573770491804
traffic,lightgts_random-reset,CSS_trend_bal_acc,0.759090909090909,0.759090909090909,0.759090909090909,0.759090909090909
traffic,lightgts_random-reset,CSS_trend_margin,0.8157354244702011,0.8157354244702011,0.8157354244702011,0.8157354244702011
traffic,lightgts_random-reset,CSS_trend_pvalue,0.01639344262295082,0.01639344262295082,0.01639344262295082,0.01639344262295082
traffic,lightgts_random-reset,CSS_volatility_bal_acc,0.48636363636363633,0.48636363636363633,0.48636363636363633,0.48636363636363633
traffic,lightgts_random-reset,CSS_volatility_margin,0.7694383018215183,0.7694383018215183,0.7694383018215183,0.7694383018215183
traffic,lightgts_random-reset,CSS_volatility_pvalue,0.5245901639344263,0.5245901639344263,0.5245901639344263,0.5245901639344263
traffic,moment_random-reset,CSS_seasonality_bal_acc,0.7181818181818183,0.7181818181818183,0.7181818181818183,0.7181818181818183
traffic,moment_random-reset,CSS_seasonality_margin,0.6939559935380075,0.6939559935380075,0.6939559935380075,0.6939559935380075
traffic,moment_random-reset,CSS_seasonality_pvalue,0.06557377049180328,0.06557377049180328,0.06557377049180328,0.06557377049180328
traffic,moment_random-reset,CSS_trend_bal_acc,0.759090909090909,0.759090909090909,0.759090909090909,0.759090909090909
traffic,moment_random-reset,CSS_trend_margin,0.711696243279719,0.711696243279719,0.711696243279719,0.711696243279719
traffic,moment_random-reset,CSS_trend_pvalue,0.01639344262295082,0.01639344262295082,0.01639344262295082,0.01639344262295082
traffic,moment_random-reset,CSS_volatility_bal_acc,0.6681818181818182,0.6681818181818182,0.6681818181818182,0.6681818181818182
traffic,moment_random-reset,CSS_volatility_margin,0.6666492866864675,0.6666492866864675,0.6666492866864675,0.6666492866864675
traffic,moment_random-reset,CSS_volatility_pvalue,0.13114754098360656,0.13114754098360656,0.13114754098360656,0.13114754098360656
traffic,neurips2023-one-fits-all_random-reset,CSS_seasonality_bal_acc,0.8590909090909091,0.8590909090909091,0.8590909090909091,0.8590909090909091
traffic,neurips2023-one-fits-all_random-reset,CSS_seasonality_margin,0.8417661125030579,0.8417661125030579,0.8417661125030579,0.8417661125030579
traffic,neurips2023-one-fits-all_random-reset,CSS_seasonality_pvalue,0.01639344262295082,0.01639344262295082,0.01639344262295082,0.01639344262295082
traffic,neurips2023-one-fits-all_random-reset,CSS_trend_bal_acc,0.6227272727272727,0.6227272727272727,0.6227272727272727,0.6227272727272727
traffic,neurips2023-one-fits-all_random-reset,CSS_trend_margin,0.7808767032493281,0.7808767032493281,0.7808767032493281,0.7808767032493281
traffic,neurips2023-one-fits-all_random-reset,CSS_trend_pvalue,0.14754098360655737,0.14754098360655737,0.14754098360655737,0.14754098360655737
traffic,neurips2023-one-fits-all_random-reset,CSS_volatility_bal_acc,0.5272727272727272,0.5272727272727272,0.5272727272727272,0.5272727272727272
traffic,neurips2023-one-fits-all_random-reset,CSS_volatility_margin,0.7666676916189995,0.7666676916189995,0.7666676916189995,0.7666676916189995
traffic,neurips2023-one-fits-all_random-reset,CSS_volatility_pvalue,0.4098360655737705,0.4098360655737705,0.4098360655737705,0.4098360655737705
traffic,sundial_random-reset,CSS_seasonality_bal_acc,0.7090909090909091,0.7090909090909091,0.7090909090909091,0.7090909090909091
traffic,sundial_random-reset,CSS_seasonality_margin,0.8224900740900024,0.8224900740900024,0.8224900740900024,0.8224900740900024
traffic,sundial_random-reset,CSS_seasonality_pvalue,0.03278688524590164,0.03278688524590164,0.03278688524590164,0.03278688524590164
traffic,sundial_random-reset,CSS_trend_bal_acc,0.6681818181818182,0.6681818181818182,0.6681818181818182,0.6681818181818182
traffic,sundial_random-reset,CSS_trend_margin,0.8377074349882753,0.8377074349882753,0.8377074349882753,0.8377074349882753
traffic,sundial_random-reset,CSS_trend_pvalue,0.06557377049180328,0.06557377049180328,0.06557377049180328,0.06557377049180328
traffic,sundial_random-reset,CSS_volatility_bal_acc,0.6681818181818182,0.6681818181818182,0.6681818181818182,0.6681818181818182
traffic,sundial_random-reset,CSS_volatility_margin,0.8472748669778637,0.8472748669778637,0.8472748669778637,0.8472748669778637
traffic,sundial_random-reset,CSS_volatility_pvalue,0.09836065573770492,0.09836065573770492,0.09836065573770492,0.09836065573770492
traffic,time-moe_random-reset,CSS_seasonality_bal_acc,0.5136363636363637,0.5136363636363637,0.5136363636363637,0.5136363636363637
traffic,time-moe_random-reset,CSS_seasonality_margin,0.6746319799930384,0.6746319799930384,0.6746319799930384,0.6746319799930384
traffic,time-moe_random-reset,CSS_seasonality_pvalue,0.45901639344262296,0.45901639344262296,0.45901639344262296,0.45901639344262296
traffic,time-moe_random-reset,CSS_trend_bal_acc,0.43636363636363634,0.43636363636363634,0.43636363636363634,0.43636363636363634
traffic,time-moe_random-reset,CSS_trend_margin,0.6443747282143388,0.6443747282143388,0.6443747282143388,0.6443747282143388
traffic,time-moe_random-reset,CSS_trend_pvalue,0.6557377049180327,0.6557377049180327,0.6557377049180327,0.6557377049180327
traffic,time-moe_random-reset,CSS_volatility_bal_acc,0.7181818181818183,0.7181818181818183,0.7181818181818183,0.7181818181818183
traffic,time-moe_random-reset,CSS_volatility_margin,0.5980011571194325,0.5980011571194325,0.5980011571194325,0.5980011571194325
traffic,time-moe_random-reset,CSS_volatility_pvalue,0.03278688524590164,0.03278688524590164,0.03278688524590164,0.03278688524590164
traffic,tirex_random-reset,CSS_seasonality_bal_acc,0.5545454545454546,0.5545454545454546,0.5545454545454546,0.5545454545454546
traffic,tirex_random-reset,CSS_seasonality_margin,0.512164083414393,0.512164083414393,0.512164083414393,0.512164083414393
traffic,tirex_random-reset,CSS_seasonality_pvalue,0.26229508196721313,0.26229508196721313,0.26229508196721313,0.26229508196721313
traffic,tirex_random-reset,CSS_trend_bal_acc,0.6045454545454545,0.6045454545454545,0.6045454545454545,0.6045454545454545
traffic,tirex_random-reset,CSS_trend_margin,0.5219734554574552,0.5219734554574552,0.5219734554574552,0.5219734554574552
traffic,tirex_random-reset,CSS_trend_pvalue,0.21311475409836064,0.21311475409836064,0.21311475409836064,0.21311475409836064
traffic,tirex_random-reset,CSS_volatility_bal_acc,0.37727272727272726,0.37727272727272726,0.37727272727272726,0.37727272727272726
traffic,tirex_random-reset,CSS_volatility_margin,0.5269912651329941,0.5269912651329941,0.5269912651329941,0.5269912651329941
traffic,tirex_random-reset,CSS_volatility_pvalue,0.8852459016393442,0.8852459016393442,0.8852459016393442,0.8852459016393442
traffic,uni2ts_random-reset,CSS_seasonality_bal_acc,0.8136363636363637,0.8136363636363637,0.8136363636363637,0.8136363636363637
traffic,uni2ts_random-reset,CSS_seasonality_margin,0.6835389904706682,0.6835389904706682,0.6835389904706682,0.6835389904706682
traffic,uni2ts_random-reset,CSS_seasonality_pvalue,0.01639344262295082,0.01639344262295082,0.01639344262295082,0.01639344262295082
traffic,uni2ts_random-reset,CSS_trend_bal_acc,0.6136363636363636,0.6136363636363636,0.6136363636363636,0.6136363636363636
traffic,uni2ts_random-reset,CSS_trend_margin,0.6866085606818094,0.6866085606818094,0.6866085606818094,0.6866085606818094
traffic,uni2ts_random-reset,CSS_trend_pvalue,0.16393442622950818,0.16393442622950818,0.16393442622950818,0.16393442622950818
traffic,uni2ts_random-reset,CSS_volatility_bal_acc,0.5227272727272727,0.5227272727272727,0.5227272727272727,0.5227272727272727
traffic,uni2ts_random-reset,CSS_volatility_margin,0.7541568189204262,0.7541568189204262,0.7541568189204262,0.7541568189204262
traffic,uni2ts_random-reset,CSS_volatility_pvalue,0.47540983606557374,0.47540983606557374,0.47540983606557374,0.47540983606557374
traffic,unitime_random-reset,CSS_seasonality_bal_acc,0.46818181818181814,0.46818181818181814,0.46818181818181814,0.46818181818181814
traffic,unitime_random-reset,CSS_seasonality_margin,0.7322527944076793,0.7322527944076793,0.7322527944076793,0.7322527944076793
traffic,unitime_random-reset,CSS_seasonality_pvalue,0.6721311475409836,0.6721311475409836,0.6721311475409836,0.6721311475409836
traffic,unitime_random-reset,CSS_trend_bal_acc,0.46818181818181814,0.46818181818181814,0.46818181818181814,0.46818181818181814
traffic,unitime_random-reset,CSS_trend_margin,0.7382333570699778,0.7382333570699778,0.7382333570699778,0.7382333570699778
traffic,unitime_random-reset,CSS_trend_pvalue,0.639344262295082,0.639344262295082,0.639344262295082,0.639344262295082
traffic,unitime_random-reset,CSS_volatility_bal_acc,0.6590909090909092,0.6590909090909092,0.6590909090909092,0.6590909090909092
traffic,unitime_random-reset,CSS_volatility_margin,0.6707220955462186,0.6707220955462186,0.6707220955462186,0.6707220955462186
traffic,unitime_random-reset,CSS_volatility_pvalue,0.16393442622950818,0.16393442622950818,0.16393442622950818,0.16393442622950818
traffic,visionts_random-reset,CSS_seasonality_bal_acc,0.46818181818181814,0.46818181818181814,0.46818181818181814,0.46818181818181814
traffic,visionts_random-reset,CSS_seasonality_margin,0.5913530853452263,0.5913530853452263,0.5913530853452263,0.5913530853452263
traffic,visionts_random-reset,CSS_seasonality_pvalue,0.6229508196721312,0.6229508196721312,0.6229508196721312,0.6229508196721312
traffic,visionts_random-reset,CSS_trend_bal_acc,0.4727272727272727,0.4727272727272727,0.4727272727272727,0.4727272727272727
traffic,visionts_random-reset,CSS_trend_margin,0.5443396395717072,0.5443396395717072,0.5443396395717072,0.5443396395717072
traffic,visionts_random-reset,CSS_trend_pvalue,0.7377049180327869,0.7377049180327869,0.7377049180327869,0.7377049180327869
traffic,visionts_random-reset,CSS_volatility_bal_acc,0.5772727272727273,0.5772727272727273,0.5772727272727273,0.5772727272727273
traffic,visionts_random-reset,CSS_volatility_margin,0.5748428149865493,0.5748428149865493,0.5748428149865493,0.5748428149865493
traffic,visionts_random-reset,CSS_volatility_pvalue,0.2459016393442623,0.2459016393442623,0.2459016393442623,0.2459016393442623
weather,chronos-forecasting_random-reset,CSS_seasonality_bal_acc,0.4318181818181818,0.4318181818181818,0.4318181818181818,0.4318181818181818
weather,chronos-forecasting_random-reset,CSS_seasonality_margin,0.5160827963640875,0.5160827963640875,0.5160827963640875,0.5160827963640875
weather,chronos-forecasting_random-reset,CSS_seasonality_pvalue,0.7704918032786885,0.7704918032786885,0.7704918032786885,0.7704918032786885
weather,chronos-forecasting_random-reset,CSS_trend_bal_acc,0.46818181818181814,0.46818181818181814,0.46818181818181814,0.46818181818181814
weather,chronos-forecasting_random-reset,CSS_trend_margin,0.5107070666215615,0.5107070666215615,0.5107070666215615,0.5107070666215615
weather,chronos-forecasting_random-reset,CSS_trend_pvalue,0.7049180327868853,0.7049180327868853,0.7049180327868853,0.7049180327868853
weather,chronos-forecasting_random-reset,CSS_volatility_bal_acc,0.5363636363636364,0.5363636363636364,0.5363636363636364,0.5363636363636364
weather,chronos-forecasting_random-reset,CSS_volatility_margin,0.5100257319006977,0.5100257319006977,0.5100257319006977,0.5100257319006977
weather,chronos-forecasting_random-reset,CSS_volatility_pvalue,0.39344262295081966,0.39344262295081966,0.39344262295081966,0.39344262295081966
weather,lightgts_random-reset,CSS_seasonality_bal_acc,0.46818181818181814,0.46818181818181814,0.46818181818181814,0.46818181818181814
weather,lightgts_random-reset,CSS_seasonality_margin,0.7644253389860729,0.7644253389860729,0.7644253389860729,0.7644253389860729
weather,lightgts_random-reset,CSS_seasonality_pvalue,0.639344262295082,0.639344262295082,0.639344262295082,0.639344262295082
weather,lightgts_random-reset,CSS_trend_bal_acc,0.6727272727272727,0.6727272727272727,0.6727272727272727,0.6727272727272727
weather,lightgts_random-reset,CSS_trend_margin,0.8963837903879557,0.8963837903879557,0.8963837903879557,0.8963837903879557
weather,lightgts_random-reset,CSS_trend_pvalue,0.04918032786885246,0.04918032786885246,0.04918032786885246,0.04918032786885246
weather,lightgts_random-reset,CSS_volatility_bal_acc,0.5272727272727272,0.5272727272727272,0.5272727272727272,0.5272727272727272
weather,lightgts_random-reset,CSS_volatility_margin,0.817649243573449,0.817649243573449,0.817649243573449,0.817649243573449
weather,lightgts_random-reset,CSS_volatility_pvalue,0.36065573770491804,0.36065573770491804,0.36065573770491804,0.36065573770491804
weather,moment_random-reset,CSS_seasonality_bal_acc,0.6590909090909092,0.6590909090909092,0.6590909090909092,0.6590909090909092
weather,moment_random-reset,CSS_seasonality_margin,0.7120758370647817,0.7120758370647817,0.7120758370647817,0.7120758370647817
weather,moment_random-reset,CSS_seasonality_pvalue,0.11475409836065574,0.11475409836065574,0.11475409836065574,0.11475409836065574
weather,moment_random-reset,CSS_trend_bal_acc,0.759090909090909,0.759090909090909,0.759090909090909,0.759090909090909
weather,moment_random-reset,CSS_trend_margin,0.7526394387772319,0.7526394387772319,0.7526394387772319,0.7526394387772319
weather,moment_random-reset,CSS_trend_pvalue,0.01639344262295082,0.01639344262295082,0.01639344262295082,0.01639344262295082
weather,moment_random-reset,CSS_volatility_bal_acc,0.6636363636363636,0.6636363636363636,0.6636363636363636,0.6636363636363636
weather,moment_random-reset,CSS_volatility_margin,0.7515138031257126,0.7515138031257126,0.7515138031257126,0.7515138031257126
weather,moment_random-reset,CSS_volatility_pvalue,0.13114754098360656,0.13114754098360656,0.13114754098360656,0.13114754098360656
weather,neurips2023-one-fits-all_random-reset,CSS_seasonality_bal_acc,0.6681818181818182,0.6681818181818182,0.6681818181818182,0.6681818181818182
weather,neurips2023-one-fits-all_random-reset,CSS_seasonality_margin,0.8504732488361649,0.8504732488361649,0.8504732488361649,0.8504732488361649
weather,neurips2023-one-fits-all_random-reset,CSS_seasonality_pvalue,0.04918032786885246,0.04918032786885246,0.04918032786885246,0.04918032786885246
weather,neurips2023-one-fits-all_random-reset,CSS_trend_bal_acc,0.8590909090909091,0.8590909090909091,0.8590909090909091,0.8590909090909091
weather,neurips2023-one-fits-all_random-reset,CSS_trend_margin,0.8149418418376758,0.8149418418376758,0.8149418418376758,0.8149418418376758
weather,neurips2023-one-fits-all_random-reset,CSS_trend_pvalue,0.01639344262295082,0.01639344262295082,0.01639344262295082,0.01639344262295082
weather,neurips2023-one-fits-all_random-reset,CSS_volatility_bal_acc,0.6681818181818182,0.6681818181818182,0.6681818181818182,0.6681818181818182
weather,neurips2023-one-fits-all_random-reset,CSS_volatility_margin,0.8787323664678698,0.8787323664678698,0.8787323664678698,0.8787323664678698
weather,neurips2023-one-fits-all_random-reset,CSS_volatility_pvalue,0.03278688524590164,0.03278688524590164,0.03278688524590164,0.03278688524590164
weather,sundial_random-reset,CSS_seasonality_bal_acc,0.5727272727272728,0.5727272727272728,0.5727272727272728,0.5727272727272728
weather,sundial_random-reset,CSS_seasonality_margin,0.8217207683788568,0.8217207683788568,0.8217207683788568,0.8217207683788568
weather,sundial_random-reset,CSS_seasonality_pvalue,0.36065573770491804,0.36065573770491804,0.36065573770491804,0.36065573770491804
weather,sundial_random-reset,CSS_trend_bal_acc,1.0,1.0,1.0,1.0
weather,sundial_random-reset,CSS_trend_margin,0.870520519283511,0.870520519283511,0.870520519283511,0.870520519283511
weather,sundial_random-reset,CSS_trend_pvalue,0.01639344262295082,0.01639344262295082,0.01639344262295082,0.01639344262295082
weather,sundial_random-reset,CSS_volatility_bal_acc,0.7681818181818182,0.7681818181818182,0.7681818181818182,0.7681818181818182
weather,sundial_random-reset,CSS_volatility_margin,0.8991076915703062,0.8991076915703062,0.8991076915703062,0.8991076915703062
weather,sundial_random-reset,CSS_volatility_pvalue,0.01639344262295082,0.01639344262295082,0.01639344262295082,0.01639344262295082
weather,time-moe_random-reset,CSS_seasonality_bal_acc,0.5636363636363637,0.5636363636363637,0.5636363636363637,0.5636363636363637
weather,time-moe_random-reset,CSS_seasonality_margin,0.6488049090986594,0.6488049090986594,0.6488049090986594,0.6488049090986594
weather,time-moe_random-reset,CSS_seasonality_pvalue,0.29508196721311475,0.29508196721311475,0.29508196721311475,0.29508196721311475
weather,time-moe_random-reset,CSS_trend_bal_acc,0.5772727272727273,0.5772727272727273,0.5772727272727273,0.5772727272727273
weather,time-moe_random-reset,CSS_trend_margin,0.6824120153905581,0.6824120153905581,0.6824120153905581,0.6824120153905581
weather,time-moe_random-reset,CSS_trend_pvalue,0.29508196721311475,0.29508196721311475,0.29508196721311475,0.29508196721311475
weather,time-moe_random-reset,CSS_volatility_bal_acc,0.8136363636363637,0.8136363636363637,0.8136363636363637,0.8136363636363637
weather,time-moe_random-reset,CSS_volatility_margin,0.7319745667522332,0.7319745667522332,0.7319745667522332,0.7319745667522332
weather,time-moe_random-reset,CSS_volatility_pvalue,0.01639344262295082,0.01639344262295082,0.01639344262295082,0.01639344262295082
weather,tirex_random-reset,CSS_seasonality_bal_acc,0.4818181818181818,0.4818181818181818,0.4818181818181818,0.4818181818181818
weather,tirex_random-reset,CSS_seasonality_margin,0.5147473041864957,0.5147473041864957,0.5147473041864957,0.5147473041864957
weather,tirex_random-reset,CSS_seasonality_pvalue,0.4918032786885246,0.4918032786885246,0.4918032786885246,0.4918032786885246
weather,tirex_random-reset,CSS_trend_bal_acc,0.48636363636363633,0.48636363636363633,0.48636363636363633,0.48636363636363633
weather,tirex_random-reset,CSS_trend_margin,0.5108874840414044,0.5108874840414044,0.5108874840414044,0.5108874840414044
weather,tirex_random-reset,CSS_trend_pvalue,0.47540983606557374,0.47540983606557374,0.47540983606557374,0.47540983606557374
weather,tirex_random-reset,CSS_volatility_bal_acc,0.6636363636363636,0.6636363636363636,0.6636363636363636,0.6636363636363636
weather,tirex_random-reset,CSS_volatility_margin,0.5325137145179115,0.5325137145179115,0.5325137145179115,0.5325137145179115
weather,tirex_random-reset,CSS_volatility_pvalue,0.11475409836065574,0.11475409836065574,0.11475409836065574,0.11475409836065574
weather,uni2ts_random-reset,CSS_seasonality_bal_acc,0.6681818181818182,0.6681818181818182,0.6681818181818182,0.6681818181818182
weather,uni2ts_random-reset,CSS_seasonality_margin,0.677309681802359,0.677309681802359,0.677309681802359,0.677309681802359
weather,uni2ts_random-reset,CSS_seasonality_pvalue,0.08196721311475409,0.08196721311475409,0.08196721311475409,0.08196721311475409
weather,uni2ts_random-reset,CSS_trend_bal_acc,0.7636363636363637,0.7636363636363637,0.7636363636363637,0.7636363636363637
weather,uni2ts_random-reset,CSS_trend_margin,0.7318659219897692,0.7318659219897692,0.7318659219897692,0.7318659219897692
weather,uni2ts_random-reset,CSS_trend_pvalue,0.01639344262295082,0.01639344262295082,0.01639344262295082,0.01639344262295082
weather,uni2ts_random-reset,CSS_volatility_bal_acc,0.5681818181818181,0.5681818181818181,0.5681818181818181,0.5681818181818181
weather,uni2ts_random-reset,CSS_volatility_margin,0.7586633666956023,0.7586633666956023,0.7586633666956023,0.7586633666956023
weather,uni2ts_random-reset,CSS_volatility_pvalue,0.36065573770491804,0.36065573770491804,0.36065573770491804,0.36065573770491804
weather,unitime_random-reset,CSS_seasonality_bal_acc,0.6681818181818182,0.6681818181818182,0.6681818181818182,0.6681818181818182
weather,unitime_random-reset,CSS_seasonality_margin,0.6711588020648723,0.6711588020648723,0.6711588020648723,0.6711588020648723
weather,unitime_random-reset,CSS_seasonality_pvalue,0.06557377049180328,0.06557377049180328,0.06557377049180328,0.06557377049180328
weather,unitime_random-reset,CSS_trend_bal_acc,0.4727272727272727,0.4727272727272727,0.4727272727272727,0.4727272727272727
weather,unitime_random-reset,CSS_trend_margin,0.7441930693090738,0.7441930693090738,0.7441930693090738,0.7441930693090738
weather,unitime_random-reset,CSS_trend_pvalue,0.7213114754098361,0.7213114754098361,0.7213114754098361,0.7213114754098361
weather,unitime_random-reset,CSS_volatility_bal_acc,0.6136363636363636,0.6136363636363636,0.6136363636363636,0.6136363636363636
weather,unitime_random-reset,CSS_volatility_margin,0.7802861057257299,0.7802861057257299,0.7802861057257299,0.7802861057257299
weather,unitime_random-reset,CSS_volatility_pvalue,0.19672131147540983,0.19672131147540983,0.19672131147540983,0.19672131147540983
weather,visionts_random-reset,CSS_seasonality_bal_acc,0.33636363636363636,0.33636363636363636,0.33636363636363636,0.33636363636363636
weather,visionts_random-reset,CSS_seasonality_margin,0.591344041449875,0.591344041449875,0.591344041449875,0.591344041449875
weather,visionts_random-reset,CSS_seasonality_pvalue,0.9016393442622951,0.9016393442622951,0.9016393442622951,0.9016393442622951
weather,visionts_random-reset,CSS_trend_bal_acc,0.42272727272727273,0.42272727272727273,0.42272727272727273,0.42272727272727273
weather,visionts_random-reset,CSS_trend_margin,0.5863792270029242,0.5863792270029242,0.5863792270029242,0.5863792270029242
weather,visionts_random-reset,CSS_trend_pvalue,0.7868852459016393,0.7868852459016393,0.7868852459016393,0.7868852459016393
weather,visionts_random-reset,CSS_volatility_bal_acc,0.7181818181818183,0.7181818181818183,0.7181818181818183,0.7181818181818183
weather,visionts_random-reset,CSS_volatility_margin,0.5796675640022811,0.5796675640022811,0.5796675640022811,0.5796675640022811
weather,visionts_random-reset,CSS_volatility_pvalue,0.03278688524590164,0.03278688524590164,0.03278688524590164,0.03278688524590164
