dataset,weight_mode,label_mode,metric,best,median,mean,worst
ett,pretrained,na,CSS_seasonality_bal_acc,0.8142911010558069,0.8142911010558069,0.8142911010558069,0.8142911010558069
ett,pretrained,na,CSS_seasonality_margin,0.6635943253042116,0.6635943253042116,0.6635943253042116,0.6635943253042116
ett,pretrained,na,CSS_seasonality_pvalue,0.009900990099009901,0.009900990099009901,0.009900990099009901,0.009900990099009901
ett,pretrained,na,CSS_trend_bal_acc,0.7275641025641025,0.7275641025641025,0.7275641025641025,0.7275641025641025
ett,pretrained,na,CSS_trend_margin,0.5638792309169446,0.5638792309169446,0.5638792309169446,0.5638792309169446
ett,pretrained,na,CSS_trend_pvalue,0.009900990099009901,0.009900990099009901,0.009900990099009901,0.009900990099009901
ett,pretrained,na,CSS_volatility_bal_acc,0.7386877828054299,0.7386877828054299,0.7386877828054299,0.7386877828054299
ett,pretrained,na,CSS_volatility_margin,0.6138900686984506,0.6138900686984506,0.6138900686984506,0.6138900686984506
ett,pretrained,na,CSS_volatility_pvalue,0.009900990099009901,0.009900990099009901,0.009900990099009901,0.009900990099009901
ett,pretrained,na,FSS_pearson_h192_ci_high,0.000603379747190047,0.000603379747190047,0.000603379747190047,0.000603379747190047
ett,pretrained,na,FSS_pearson_h192_ci_low,-0.026475117681547988,-0.026475117681547988,-0.026475117681547988,-0.026475117681547988
ett,pretrained,na,FSS_pearson_h192_pvalue,0.07271800190210342,0.07271800190210342,0.07271800190210342,0.07271800190210342
ett,pretrained,na,FSS_pearson_h192_raw_corr,0.012698937207460403,0.012698937207460403,0.012698937207460403,0.012698937207460403
ett,pretrained,na,FSS_pearson_h192_score,-0.012698937207460403,-0.012698937207460403,-0.012698937207460403,-0.012698937207460403
ett,pretrained,na,FSS_pearson_h336_ci_high,0.014914349559694529,0.014914349559694529,0.014914349559694529,0.014914349559694529
ett,pretrained,na,FSS_pearson_h336_ci_low,-0.011232906393706792,-0.011232906393706792,-0.011232906393706792,-0.011232906393706792
ett,pretrained,na,FSS_pearson_h336_pvalue,0.7923098802566528,0.7923098802566528,0.7923098802566528,0.7923098802566528
ett,pretrained,na,FSS_pearson_h336_raw_corr,-0.0018636093009263277,-0.0018636093009263277,-0.0018636093009263277,-0.0018636093009263277
ett,pretrained,na,FSS_pearson_h336_score,0.0018636093009263277,0.0018636093009263277,0.0018636093009263277,0.0018636093009263277
ett,pretrained,na,FSS_pearson_h720_ci_high,0.027778484951704742,0.027778484951704742,0.027778484951704742,0.027778484951704742
ett,pretrained,na,FSS_pearson_h720_ci_low,4.258066910552789e-05,4.258066910552789e-05,4.258066910552789e-05,4.258066910552789e-05
ett,pretrained,na,FSS_pearson_h720_pvalue,0.05328401178121567,0.05328401178121567,0.05328401178121567,0.05328401178121567
ett,pretrained,na,FSS_pearson_h720_raw_corr,-0.01367743220180273,-0.01367743220180273,-0.01367743220180273,-0.01367743220180273
ett,pretrained,na,FSS_pearson_h720_score,0.01367743220180273,0.01367743220180273,0.01367743220180273,0.01367743220180273
ett,pretrained,na,FSS_pearson_h96_ci_high,-0.014829391660168768,-0.014829391660168768,-0.014829391660168768,-0.014829391660168768
ett,pretrained,na,FSS_pearson_h96_ci_low,-0.04067882755771277,-0.04067882755771277,-0.04067882755771277,-0.04067882755771277
ett,pretrained,na,FSS_pearson_h96_pvalue,7.864907820476219e-05,7.864907820476219e-05,7.864907820476219e-05,7.864907820476219e-05
ett,pretrained,na,FSS_pearson_h96_raw_corr,0.027944959700107574,0.027944959700107574,0.027944959700107574,0.027944959700107574
ett,pretrained,na,FSS_pearson_h96_score,-0.027944959700107574,-0.027944959700107574,-0.027944959700107574,-0.027944959700107574
ett,pretrained,na,FSS_pearson_havg_ci_high,0.027684639580547808,0.027684639580547808,0.027684639580547808,0.027684639580547808
ett,pretrained,na,FSS_pearson_havg_ci_low,0.0009662929413025281,0.0009662929413025281,0.0009662929413025281,0.0009662929413025281
ett,pretrained,na,FSS_pearson_havg_pvalue,0.038152944296598434,0.038152944296598434,0.038152944296598434,0.038152944296598434
ett,pretrained,na,FSS_pearson_havg_raw_corr,-0.014672383666038513,-0.014672383666038513,-0.014672383666038513,-0.014672383666038513
ett,pretrained,na,FSS_pearson_havg_score,0.014672383666038513,0.014672383666038513,0.014672383666038513,0.014672383666038513
ett,pretrained,na,FSS_spearman_h192_ci_high,0.006485895681606274,0.006485895681606274,0.006485895681606274,0.006485895681606274
ett,pretrained,na,FSS_spearman_h192_ci_low,-0.022550649202302556,-0.022550649202302556,-0.022550649202302556,-0.022550649202302556
ett,pretrained,na,FSS_spearman_h192_pvalue,0.22580433820453458,0.22580433820453458,0.22580433820453458,0.22580433820453458
ett,pretrained,na,FSS_spearman_h192_raw_corr,0.008571124207042643,0.008571124207042643,0.008571124207042643,0.008571124207042643
ett,pretrained,na,FSS_spearman_h192_score,-0.008571124207042643,-0.008571124207042643,-0.008571124207042643,-0.008571124207042643
ett,pretrained,na,FSS_spearman_h336_ci_high,0.015472204634809656,0.015472204634809656,0.015472204634809656,0.015472204634809656
ett,pretrained,na,FSS_spearman_h336_ci_low,-0.013757171282843737,-0.013757171282843737,-0.013757171282843737,-0.013757171282843737
ett,pretrained,na,FSS_spearman_h336_pvalue,0.8437215092241177,0.8437215092241177,0.8437215092241177,0.8437215092241177
ett,pretrained,na,FSS_spearman_h336_raw_corr,-0.0013952314884447393,-0.0013952314884447393,-0.0013952314884447393,-0.0013952314884447393
ett,pretrained,na,FSS_spearman_h336_score,0.0013952314884447393,0.0013952314884447393,0.0013952314884447393,0.0013952314884447393
ett,pretrained,na,FSS_spearman_h720_ci_high,0.027609682104795027,0.027609682104795027,0.027609682104795027,0.027609682104795027
ett,pretrained,na,FSS_spearman_h720_ci_low,-0.0016652774452895912,-0.0016652774452895912,-0.0016652774452895912,-0.0016652774452895912
ett,pretrained,na,FSS_spearman_h720_pvalue,0.07737825078623788,0.07737825078623788,0.07737825078623788,0.07737825078623788
ett,pretrained,na,FSS_spearman_h720_raw_corr,-0.012499170461576484,-0.012499170461576484,-0.012499170461576484,-0.012499170461576484
ett,pretrained,na,FSS_spearman_h720_score,0.012499170461576484,0.012499170461576484,0.012499170461576484,0.012499170461576484
ett,pretrained,na,FSS_spearman_h96_ci_high,-0.0051788228153195085,-0.0051788228153195085,-0.0051788228153195085,-0.0051788228153195085
ett,pretrained,na,FSS_spearman_h96_ci_low,-0.032108056553875,-0.032108056553875,-0.032108056553875,-0.032108056553875
ett,pretrained,na,FSS_spearman_h96_pvalue,0.008511069547377756,0.008511069547377756,0.008511069547377756,0.008511069547377756
ett,pretrained,na,FSS_spearman_h96_raw_corr,0.018623288870403484,0.018623288870403484,0.018623288870403484,0.018623288870403484
ett,pretrained,na,FSS_spearman_h96_score,-0.018623288870403484,-0.018623288870403484,-0.018623288870403484,-0.018623288870403484
ett,pretrained,na,FSS_spearman_havg_ci_high,0.023613617117420504,0.023613617117420504,0.023613617117420504,0.023613617117420504
ett,pretrained,na,FSS_spearman_havg_ci_low,-0.005845811641244917,-0.005845811641244917,-0.005845811641244917,-0.005845811641244917
ett,pretrained,na,FSS_spearman_havg_pvalue,0.1977145557258051,0.1977145557258051,0.1977145557258051,0.1977145557258051
ett,pretrained,na,FSS_spearman_havg_raw_corr,-0.009116306550630074,-0.009116306550630074,-0.009116306550630074,-0.009116306550630074
ett,pretrained,na,FSS_spearman_havg_score,0.009116306550630074,0.009116306550630074,0.009116306550630074,0.009116306550630074
ett,pretrained,na,LLS_avgk,0.17785536991626336,0.17785536991626336,0.17785536991626336,0.17785536991626336
ett,pretrained,na,LLS_k10,0.2304002702003345,0.2304002702003345,0.2304002702003345,0.2304002702003345
ett,pretrained,na,LLS_k20,0.169518603826873,0.169518603826873,0.169518603826873,0.169518603826873
ett,pretrained,na,LLS_k50,0.13364723572158255,0.13364723572158255,0.13364723572158255,0.13364723572158255
ett,pretrained,na,LTC_dir,-0.4538513720035553,-0.4538513720035553,-0.4538513720035553,-0.4538513720035553
ett,pretrained,na,LTC_step,0.939167320728302,0.939167320728302,0.939167320728302,0.939167320728302
ett,pretrained,na,MCS_k10,0.941747572815534,0.941747572815534,0.941747572815534,0.941747572815534
ett,pretrained,na,MCS_k20,0.970873786407767,0.970873786407767,0.970873786407767,0.970873786407767
ett,pretrained,na,MCS_k50,0.9805825242718447,0.9805825242718447,0.9805825242718447,0.9805825242718447
ett,pretrained,na,PDS_pearson_mae_h192_ci_high,-0.025213000282579407,-0.02570175253221449,-0.025719644833975163,-0.026244181687131597
ett,pretrained,na,PDS_pearson_mae_h192_ci_low,-0.16898467940919995,-0.1692051331305729,-0.1692996637363926,-0.16970917866940502
ett,pretrained,na,PDS_pearson_mae_h192_pvalue,0.03160469623537933,0.030055317195301162,0.030316753876748315,0.029290248199564446
ett,pretrained,na,PDS_pearson_mae_h192_raw_corr,0.09633509201403098,0.09588646157408262,0.0957428856167331,0.09500710326208564
ett,pretrained,na,PDS_pearson_mae_h192_score,-0.09500710326208564,-0.09588646157408262,-0.0957428856167331,-0.09633509201403098
ett,pretrained,na,PDS_pearson_mae_h336_ci_high,0.060608751688437094,0.05744841147391209,0.05848531023555625,0.05739876754431955
ett,pretrained,na,PDS_pearson_mae_h336_ci_low,-0.11799504803819402,-0.12981023121761218,-0.12744413676352637,-0.13452713103477287
ett,pretrained,na,PDS_pearson_mae_h336_pvalue,0.5507413169326946,0.5006219103978025,0.5088886111362162,0.4753026060781515
ett,pretrained,na,PDS_pearson_mae_h336_raw_corr,0.03161864155635249,0.02983157396096323,0.02929288095058365,0.02642842733443524
ett,pretrained,na,PDS_pearson_mae_h336_score,-0.02642842733443524,-0.02983157396096323,-0.02929288095058365,-0.03161864155635249
ett,pretrained,na,PDS_pearson_mae_h720_ci_high,0.13070661810767406,0.12896816206458017,0.12520678784662218,0.1159455833676123
ett,pretrained,na,PDS_pearson_mae_h720_ci_low,-0.051328304717626595,-0.052343115331446734,-0.05427687637868078,-0.05915920908696902
ett,pretrained,na,PDS_pearson_mae_h720_pvalue,0.5394754966871502,0.4406496527621305,0.4525336522303089,0.37747580724164587
ett,pretrained,na,PDS_pearson_mae_h720_raw_corr,-0.027179245292722955,-0.034151508911178526,-0.03347174810578397,-0.03908449011345043
ett,pretrained,na,PDS_pearson_mae_h720_score,0.03908449011345043,0.034151508911178526,0.03347174810578397,0.027179245292722955
ett,pretrained,na,PDS_pearson_mae_h96_ci_high,-0.038113422206084095,-0.04786148406236734,-0.049606248384546796,-0.06284383888518895
ett,pretrained,na,PDS_pearson_mae_h96_ci_low,-0.23358776033709375,-0.2389437087301246,-0.23949071967103333,-0.2459406899458816
ett,pretrained,na,PDS_pearson_mae_h96_pvalue,0.001031009147986555,0.000627367283707277,0.0007164637706708546,0.0004910148803187321
ett,pretrained,na,PDS_pearson_mae_h96_raw_corr,0.15350494949171561,0.15062699169475885,0.1495880341947404,0.14463216139774673
ett,pretrained,na,PDS_pearson_mae_h96_score,-0.14463216139774673,-0.15062699169475885,-0.1495880341947404,-0.15350494949171561
ett,pretrained,na,PDS_pearson_mae_havg_ci_high,0.09242345549935993,0.07956214741533728,0.0825408223760883,0.0756368642135677
ett,pretrained,na,PDS_pearson_mae_havg_ci_low,-0.07310626670249444,-0.0772743587650763,-0.07890662274620149,-0.0863392427710337
ett,pretrained,na,PDS_pearson_mae_havg_pvalue,0.9907926996502721,0.9036303680046329,0.9148128540321164,0.8500154944414441
ett,pretrained,na,PDS_pearson_mae_havg_raw_corr,-0.0005112456912810485,-0.005363951870724439,-0.004750861809173052,-0.008377387865513668
ett,pretrained,na,PDS_pearson_mae_havg_score,0.008377387865513668,0.005363951870724439,0.004750861809173052,0.0005112456912810485
ett,pretrained,na,PDS_pearson_mse_h192_ci_high,-0.01200216527817376,-0.012859157060698224,-0.014129517649415413,-0.017527230609374257
ett,pretrained,na,PDS_pearson_mse_h192_ci_low,-0.1507844623991823,-0.15397906253951066,-0.15394906483889423,-0.15708366957798967
ett,pretrained,na,PDS_pearson_mse_h192_pvalue,0.07429613287530222,0.06792405498516406,0.06903986912078591,0.06489941950189147
ett,pretrained,na,PDS_pearson_mse_h192_raw_corr,0.08164356434005676,0.08074250481429833,0.08044433221005144,0.07894692747579922
ett,pretrained,na,PDS_pearson_mse_h192_score,-0.07894692747579922,-0.08074250481429833,-0.08044433221005144,-0.08164356434005676
ett,pretrained,na,PDS_pearson_mse_h336_ci_high,0.04451475561592891,0.040417747806306074,0.04058972267027123,0.0368366645885787
ett,pretrained,na,PDS_pearson_mse_h336_ci_low,-0.12805237574805095,-0.14604607346058981,-0.14068092319924366,-0.14794432038909028
ett,pretrained,na,PDS_pearson_mse_h336_pvalue,0.3674303024011865,0.29005049571790625,0.30665659313080895,0.26248898127333414
ett,pretrained,na,PDS_pearson_mse_h336_raw_corr,0.04961155316622848,0.04684674149030754,0.04545735420490227,0.03991376795817077
ett,pretrained,na,PDS_pearson_mse_h336_score,-0.03991376795817077,-0.04684674149030754,-0.04545735420490227,-0.04961155316622848
ett,pretrained,na,PDS_pearson_mse_h720_ci_high,0.13673964680420045,0.12967378232480087,0.12862673057387328,0.11946676259261846
ett,pretrained,na,PDS_pearson_mse_h720_ci_low,-0.03746348811835357,-0.039790195918772905,-0.04328067790678871,-0.05258834968323964
ett,pretrained,na,PDS_pearson_mse_h720_pvalue,0.37394988149577635,0.2957319399659549,0.3047898908992905,0.24468785123614012
ett,pretrained,na,PDS_pearson_mse_h720_raw_corr,-0.0393739929359709,-0.046299127645603455,-0.04572604489871254,-0.05150501411456326
ett,pretrained,na,PDS_pearson_mse_h720_score,0.05150501411456326,0.046299127645603455,0.04572604489871254,0.0393739929359709
ett,pretrained,na,PDS_pearson_mse_h96_ci_high,-0.03254778994514229,-0.037461418298973384,-0.039636800167954754,-0.048901192259748594
ett,pretrained,na,PDS_pearson_mse_h96_ci_low,-0.22619319766536544,-0.23255034988063514,-0.23051030724992785,-0.232787374203783
ett,pretrained,na,PDS_pearson_mse_h96_pvalue,0.002032191428704744,0.0015382479785739649,0.0016838686609364107,0.0014811665755305235
ett,pretrained,na,PDS_pearson_mse_h96_raw_corr,0.14011344538235215,0.1396342079118964,0.1386020429571512,0.13605847557720505
ett,pretrained,na,PDS_pearson_mse_h96_score,-0.13605847557720505,-0.1396342079118964,-0.1386020429571512,-0.14011344538235215
ett,pretrained,na,PDS_pearson_mse_havg_ci_high,0.07629924454657247,0.06427949820174737,0.06737142517544126,0.061535532778003936
ett,pretrained,na,PDS_pearson_mse_havg_ci_low,-0.09297399566673677,-0.0941736935351525,-0.09677206454416092,-0.10316850443059346
ett,pretrained,na,PDS_pearson_mse_havg_pvalue,0.8599501402962652,0.8030700849736023,0.7988987611906512,0.7336760583020859
ett,pretrained,na,PDS_pearson_mse_havg_raw_corr,0.015072595920767802,0.01104762421479697,0.011312240410668037,0.007816501096439344
ett,pretrained,na,PDS_pearson_mse_havg_score,-0.007816501096439344,-0.01104762421479697,-0.011312240410668037,-0.015072595920767802
ett,pretrained,na,PDS_spearman_mae_h192_ci_high,-0.003200364920482882,-0.006674704750567358,-0.005735229217958586,-0.007330617982825515
ett,pretrained,na,PDS_spearman_mae_h192_ci_low,-0.1653493717576705,-0.17015829313645223,-0.17181761257622,-0.17994517283453723
ett,pretrained,na,PDS_spearman_mae_h192_pvalue,0.04675978964130004,0.04419173178060528,0.04424102506318348,0.04177155376764513
ett,pretrained,na,PDS_spearman_mae_h192_raw_corr,0.09000732067039746,0.088971537004612,0.08896742426843364,0.08792341513029148
ett,pretrained,na,PDS_spearman_mae_h192_score,-0.08792341513029148,-0.088971537004612,-0.08896742426843364,-0.09000732067039746
ett,pretrained,na,PDS_spearman_mae_h336_ci_high,0.07107822799117826,0.06930905004569832,0.06948336733733008,0.06806282397511369
ett,pretrained,na,PDS_spearman_mae_h336_ci_low,-0.09228188539501617,-0.10770408727327745,-0.10292214312139149,-0.10878045669588086
ett,pretrained,na,PDS_spearman_mae_h336_pvalue,0.6558729980783808,0.6115405195235446,0.616319454573088,0.5815448461173388
ett,pretrained,na,PDS_spearman_mae_h336_raw_corr,0.02441275491811721,0.02249729274670695,0.02221670281106114,0.019740060768359255
ett,pretrained,na,PDS_spearman_mae_h336_score,-0.019740060768359255,-0.02249729274670695,-0.02221670281106114,-0.02441275491811721
ett,pretrained,na,PDS_spearman_mae_h720_ci_high,0.14467365298174245,0.13869559277069343,0.1374588985849632,0.12900745000245378
ett,pretrained,na,PDS_spearman_mae_h720_ci_low,-0.037995313955471136,-0.04392359006546367,-0.04485010481932893,-0.05263141043705199
ett,pretrained,na,PDS_spearman_mae_h720_pvalue,0.3426029181813519,0.27394047150850176,0.28629967222532016,0.24235562698610674
ett,pretrained,na,PDS_spearman_mae_h720_raw_corr,-0.04202599463842254,-0.04843989611586043,-0.047408672222794435,-0.05176012591410032
ett,pretrained,na,PDS_spearman_mae_h720_score,0.05176012591410032,0.04843989611586043,0.047408672222794435,0.04202599463842254
ett,pretrained,na,PDS_spearman_mae_h96_ci_high,0.00851884161615746,8.680907820823283e-05,-0.0021760297685217388,-0.015133739999930909
ett,pretrained,na,PDS_spearman_mae_h96_ci_low,-0.17985679647153271,-0.18530879022895036,-0.18991918000973337,-0.20459195332871702
ett,pretrained,na,PDS_spearman_mae_h96_pvalue,0.04628098038201827,0.030698407065498364,0.03224592741763766,0.019758394805396363
ett,pretrained,na,PDS_spearman_mae_h96_raw_corr,0.102990066490427,0.09551686722514047,0.09554067937156437,0.08811510439912566
ett,pretrained,na,PDS_spearman_mae_h96_score,-0.08811510439912566,-0.09551686722514047,-0.09554067937156437,-0.102990066490427
ett,pretrained,na,PDS_spearman_mae_havg_ci_high,0.10846367249123376,0.09650369563185114,0.09566575353680869,0.0820298924873412
ett,pretrained,na,PDS_spearman_mae_havg_ci_low,-0.07243915811269146,-0.07792090587867816,-0.07774149251908492,-0.08286441356588516
ett,pretrained,na,PDS_spearman_mae_havg_pvalue,0.9040676625232779,0.6889238723985023,0.7537972990354046,0.6684003621844335
ett,pretrained,na,PDS_spearman_mae_havg_raw_corr,-0.005339493854499261,-0.017733581957176045,-0.014016026081184697,-0.018975002431878784
ett,pretrained,na,PDS_spearman_mae_havg_score,0.018975002431878784,0.017733581957176045,0.014016026081184697,0.005339493854499261
ett,pretrained,na,PDS_spearman_mse_h192_ci_high,-0.003200364920482882,-0.006674704750567358,-0.005735229217958586,-0.007330617982825515
ett,pretrained,na,PDS_spearman_mse_h192_ci_low,-0.1653493717576705,-0.17015829313645223,-0.17181761257622,-0.17994517283453723
ett,pretrained,na,PDS_spearman_mse_h192_pvalue,0.04675978964130004,0.04419173178060528,0.04424102506318348,0.04177155376764513
ett,pretrained,na,PDS_spearman_mse_h192_raw_corr,0.09000732067039746,0.088971537004612,0.08896742426843364,0.08792341513029148
ett,pretrained,na,PDS_spearman_mse_h192_score,-0.08792341513029148,-0.088971537004612,-0.08896742426843364,-0.09000732067039746
ett,pretrained,na,PDS_spearman_mse_h336_ci_high,0.07107822799117826,0.06930905004569832,0.06948336733733008,0.06806282397511369
ett,pretrained,na,PDS_spearman_mse_h336_ci_low,-0.09228188539501617,-0.10770408727327745,-0.10292214312139149,-0.10878045669588086
ett,pretrained,na,PDS_spearman_mse_h336_pvalue,0.6558729980783808,0.6115405195235446,0.616319454573088,0.5815448461173388
ett,pretrained,na,PDS_spearman_mse_h336_raw_corr,0.02441275491811721,0.02249729274670695,0.02221670281106114,0.019740060768359255
ett,pretrained,na,PDS_spearman_mse_h336_score,-0.019740060768359255,-0.02249729274670695,-0.02221670281106114,-0.02441275491811721
ett,pretrained,na,PDS_spearman_mse_h720_ci_high,0.14467365298174245,0.13869559277069343,0.1374588985849632,0.12900745000245378
ett,pretrained,na,PDS_spearman_mse_h720_ci_low,-0.037995313955471136,-0.04392359006546367,-0.04485010481932893,-0.05263141043705199
ett,pretrained,na,PDS_spearman_mse_h720_pvalue,0.3426029181813519,0.27394047150850176,0.28629967222532016,0.24235562698610674
ett,pretrained,na,PDS_spearman_mse_h720_raw_corr,-0.04202599463842254,-0.04843989611586043,-0.047408672222794435,-0.05176012591410032
ett,pretrained,na,PDS_spearman_mse_h720_score,0.05176012591410032,0.04843989611586043,0.047408672222794435,0.04202599463842254
ett,pretrained,na,PDS_spearman_mse_h96_ci_high,0.00851884161615746,8.680907820823283e-05,-0.0021760297685217388,-0.015133739999930909
ett,pretrained,na,PDS_spearman_mse_h96_ci_low,-0.17985679647153271,-0.18530879022895036,-0.18991918000973337,-0.20459195332871702
ett,pretrained,na,PDS_spearman_mse_h96_pvalue,0.04628098038201827,0.030698407065498364,0.03224592741763766,0.019758394805396363
ett,pretrained,na,PDS_spearman_mse_h96_raw_corr,0.102990066490427,0.09551686722514047,0.09554067937156437,0.08811510439912566
ett,pretrained,na,PDS_spearman_mse_h96_score,-0.08811510439912566,-0.09551686722514047,-0.09554067937156437,-0.102990066490427
ett,pretrained,na,PDS_spearman_mse_havg_ci_high,0.12193629609590523,0.10436162809089942,0.10628329994327679,0.09255197564302571
ett,pretrained,na,PDS_spearman_mse_havg_ci_low,-0.05911232137117669,-0.06729156377797058,-0.06577653033549387,-0.07092570585733435
ett,pretrained,na,PDS_spearman_mse_havg_pvalue,0.7155533949349128,0.493238213610025,0.5560590792895198,0.45938562932362154
ett,pretrained,na,PDS_spearman_mse_havg_raw_corr,-0.016143115351163296,-0.03034761203808608,-0.026419829778021917,-0.03276876194481638
ett,pretrained,na,PDS_spearman_mse_havg_score,0.03276876194481638,0.03034761203808608,0.026419829778021917,0.016143115351163296
ett,pretrained,na,TCS_avg,0.9997919599215189,0.9997919599215189,0.9997919599215189,0.9997919599215189
ett,pretrained,na,TCS_resample,0.9993758797645569,0.9993758797645569,0.9993758797645569,0.9993758797645569
ett,pretrained,na,TCS_scale,1.0,1.0,1.0,1.0
ett,pretrained,na,TCS_shift,1.0,1.0,1.0,1.0
ett,pretrained,phase8,GSP_mask,-0.003667224198579788,-0.003667224198579788,-0.003667224198579788,-0.003667224198579788
ett,pretrained,phase8,GSP_noise,-0.0036576949059963226,-0.0036576949059963226,-0.0036576949059963226,-0.0036576949059963226
ett,pretrained,phase8,GSP_warp,0.001171894371509552,0.001171894371509552,0.001171894371509552,0.001171894371509552
ett,pretrained,phase8,LCS_clean,-0.03436918556690216,-0.03436918556690216,-0.03436918556690216,-0.03436918556690216
ett,pretrained,phase8,LCS_mask,-0.030701961368322372,-0.030701961368322372,-0.030701961368322372,-0.030701961368322372
ett,pretrained,phase8,LCS_noise,-0.030711490660905838,-0.030711490660905838,-0.030711490660905838,-0.030711490660905838
ett,pretrained,phase8,LCS_warp,-0.03554107993841171,-0.03554107993841171,-0.03554107993841171,-0.03554107993841171
ett,pretrained,phase8,TSI_mask,0.9999353289604187,0.9999353289604187,0.9999353289604187,0.9999353289604187
ett,pretrained,phase8,TSI_noise,0.9998620748519897,0.9998620748519897,0.9998620748519897,0.9998620748519897
ett,pretrained,phase8,TSI_warp,0.9991785287857056,0.9991785287857056,0.9991785287857056,0.9991785287857056
ett,pretrained,stl,GSP_mask,-0.0035494770854711533,-0.0035494770854711533,-0.0035494770854711533,-0.0035494770854711533
ett,pretrained,stl,GSP_noise,0.002603542059659958,0.002603542059659958,0.002603542059659958,0.002603542059659958
ett,pretrained,stl,GSP_warp,0.009750165045261383,0.009750165045261383,0.009750165045261383,0.009750165045261383
ett,pretrained,stl,LCS_clean,-0.018809054046869278,-0.018809054046869278,-0.018809054046869278,-0.018809054046869278
ett,pretrained,stl,LCS_mask,-0.015259576961398125,-0.015259576961398125,-0.015259576961398125,-0.015259576961398125
ett,pretrained,stl,LCS_noise,-0.021412596106529236,-0.021412596106529236,-0.021412596106529236,-0.021412596106529236
ett,pretrained,stl,LCS_warp,-0.02855921909213066,-0.02855921909213066,-0.02855921909213066,-0.02855921909213066
ett,pretrained,stl,TSI_mask,0.9999353289604187,0.9999353289604187,0.9999353289604187,0.9999353289604187
ett,pretrained,stl,TSI_noise,0.9998620748519897,0.9998620748519897,0.9998620748519897,0.9998620748519897
ett,pretrained,stl,TSI_warp,0.9991785287857056,0.9991785287857056,0.9991785287857056,0.9991785287857056
