dataset,weight_mode,label_mode,stl_setting,perturb_setting,noise_scale,mask_p,warp_ratio,metric,value
csi300,pretrained,stl,p24_k8,n0.02_m0.05_w2,0.02,0.05,2.0,LCS_clean,-0.03716973215341568
csi300,pretrained,stl,p24_k8,n0.02_m0.05_w2,0.02,0.05,2.0,LCS_noise,-0.03705105558037758
csi300,pretrained,stl,p24_k8,n0.02_m0.05_w2,0.02,0.05,2.0,LCS_mask,-0.03643619269132614
csi300,pretrained,stl,p24_k8,n0.02_m0.05_w2,0.02,0.05,2.0,LCS_warp,-0.046048521995544434
csi300,pretrained,stl,p24_k8,n0.02_m0.05_w2,0.02,0.05,2.0,TSI_noise,0.9999207258224487
csi300,pretrained,stl,p24_k8,n0.02_m0.05_w2,0.02,0.05,2.0,TSI_mask,0.9997900128364563
csi300,pretrained,stl,p24_k8,n0.02_m0.05_w2,0.02,0.05,2.0,TSI_warp,0.9964345693588257
csi300,pretrained,stl,p24_k8,n0.02_m0.05_w2,0.02,0.05,2.0,GSP_noise,-0.0001186765730381012
csi300,pretrained,stl,p24_k8,n0.02_m0.05_w2,0.02,0.05,2.0,GSP_mask,-0.0007335394620895386
csi300,pretrained,stl,p24_k8,n0.02_m0.05_w2,0.02,0.05,2.0,GSP_warp,0.008878789842128754
csi300,pretrained,na,na,clean,0.0,0.0,0.0,LTC_step,4.239425182342529
csi300,pretrained,na,na,clean,0.0,0.0,0.0,LTC_dir,-0.4718620777130127
csi300,pretrained,na,na,clean,0.0,0.0,0.0,FSS_spearman_h96_score,-0.0487158667032152
csi300,pretrained,na,na,clean,0.0,0.0,0.0,FSS_spearman_h96_raw_corr,0.0487158667032152
csi300,pretrained,na,na,clean,0.0,0.0,0.0,FSS_spearman_h96_ci_low,-0.06297313139077369
csi300,pretrained,na,na,clean,0.0,0.0,0.0,FSS_spearman_h96_ci_high,-0.03526399605178055
csi300,pretrained,na,na,clean,0.0,0.0,0.0,FSS_spearman_h96_pvalue,5.736042745283458e-12
csi300,pretrained,na,na,clean_k10,0.0,0.0,0.0,PDS_spearman_mae_h96_score,-0.007229206721140752
csi300,pretrained,na,na,clean_k10,0.0,0.0,0.0,PDS_spearman_mae_h96_raw_corr,0.007229206721140752
csi300,pretrained,na,na,clean_k10,0.0,0.0,0.0,PDS_spearman_mae_h96_ci_low,-0.08470675311338553
csi300,pretrained,na,na,clean_k10,0.0,0.0,0.0,PDS_spearman_mae_h96_ci_high,0.0742664839627644
csi300,pretrained,na,na,clean_k10,0.0,0.0,0.0,PDS_spearman_mae_h96_pvalue,0.8703762427797241
csi300,pretrained,na,na,clean_k10,0.0,0.0,0.0,PDS_spearman_mse_h96_score,-0.007229206721140752
csi300,pretrained,na,na,clean_k10,0.0,0.0,0.0,PDS_spearman_mse_h96_raw_corr,0.007229206721140752
csi300,pretrained,na,na,clean_k10,0.0,0.0,0.0,PDS_spearman_mse_h96_ci_low,-0.08470675311338553
csi300,pretrained,na,na,clean_k10,0.0,0.0,0.0,PDS_spearman_mse_h96_ci_high,0.0742664839627644
csi300,pretrained,na,na,clean_k10,0.0,0.0,0.0,PDS_spearman_mse_h96_pvalue,0.8703762427797241
csi300,pretrained,na,na,clean_k20,0.0,0.0,0.0,PDS_spearman_mae_h96_score,-0.01454558556780078
csi300,pretrained,na,na,clean_k20,0.0,0.0,0.0,PDS_spearman_mae_h96_raw_corr,0.01454558556780078
csi300,pretrained,na,na,clean_k20,0.0,0.0,0.0,PDS_spearman_mae_h96_ci_low,-0.09701850096886934
csi300,pretrained,na,na,clean_k20,0.0,0.0,0.0,PDS_spearman_mae_h96_ci_high,0.07422165262185419
csi300,pretrained,na,na,clean_k20,0.0,0.0,0.0,PDS_spearman_mae_h96_pvalue,0.742653122153047
csi300,pretrained,na,na,clean_k20,0.0,0.0,0.0,PDS_spearman_mse_h96_score,-0.01454558556780078
csi300,pretrained,na,na,clean_k20,0.0,0.0,0.0,PDS_spearman_mse_h96_raw_corr,0.01454558556780078
csi300,pretrained,na,na,clean_k20,0.0,0.0,0.0,PDS_spearman_mse_h96_ci_low,-0.09701850096886934
csi300,pretrained,na,na,clean_k20,0.0,0.0,0.0,PDS_spearman_mse_h96_ci_high,0.07422165262185419
csi300,pretrained,na,na,clean_k20,0.0,0.0,0.0,PDS_spearman_mse_h96_pvalue,0.742653122153047
csi300,pretrained,na,na,clean_k50,0.0,0.0,0.0,PDS_spearman_mae_h96_score,-0.011306179976196198
csi300,pretrained,na,na,clean_k50,0.0,0.0,0.0,PDS_spearman_mae_h96_raw_corr,0.011306179976196198
csi300,pretrained,na,na,clean_k50,0.0,0.0,0.0,PDS_spearman_mae_h96_ci_low,-0.09152800034228448
csi300,pretrained,na,na,clean_k50,0.0,0.0,0.0,PDS_spearman_mae_h96_ci_high,0.07493623499620626
csi300,pretrained,na,na,clean_k50,0.0,0.0,0.0,PDS_spearman_mae_h96_pvalue,0.798558961940545
csi300,pretrained,na,na,clean_k50,0.0,0.0,0.0,PDS_spearman_mse_h96_score,-0.011306179976196198
csi300,pretrained,na,na,clean_k50,0.0,0.0,0.0,PDS_spearman_mse_h96_raw_corr,0.011306179976196198
csi300,pretrained,na,na,clean_k50,0.0,0.0,0.0,PDS_spearman_mse_h96_ci_low,-0.09152800034228448
csi300,pretrained,na,na,clean_k50,0.0,0.0,0.0,PDS_spearman_mse_h96_ci_high,0.07493623499620626
csi300,pretrained,na,na,clean_k50,0.0,0.0,0.0,PDS_spearman_mse_h96_pvalue,0.798558961940545
csi300,pretrained,na,na,clean,0.0,0.0,0.0,FSS_pearson_h96_score,-0.08699205483466323
csi300,pretrained,na,na,clean,0.0,0.0,0.0,FSS_pearson_h96_raw_corr,0.08699205483466323
csi300,pretrained,na,na,clean,0.0,0.0,0.0,FSS_pearson_h96_ci_low,-0.10194040389187026
csi300,pretrained,na,na,clean,0.0,0.0,0.0,FSS_pearson_h96_ci_high,-0.07112326310728447
csi300,pretrained,na,na,clean,0.0,0.0,0.0,FSS_pearson_h96_pvalue,7.758807818611959e-35
csi300,pretrained,na,na,clean_k10,0.0,0.0,0.0,PDS_pearson_mae_h96_score,0.013014204779059287
csi300,pretrained,na,na,clean_k10,0.0,0.0,0.0,PDS_pearson_mae_h96_raw_corr,-0.013014204779059287
csi300,pretrained,na,na,clean_k10,0.0,0.0,0.0,PDS_pearson_mae_h96_ci_low,-0.06586925444995063
csi300,pretrained,na,na,clean_k10,0.0,0.0,0.0,PDS_pearson_mae_h96_ci_high,0.0849810024874551
csi300,pretrained,na,na,clean_k10,0.0,0.0,0.0,PDS_pearson_mae_h96_pvalue,0.7689332548680168
csi300,pretrained,na,na,clean_k10,0.0,0.0,0.0,PDS_pearson_mse_h96_score,0.01026907661766511
csi300,pretrained,na,na,clean_k10,0.0,0.0,0.0,PDS_pearson_mse_h96_raw_corr,-0.01026907661766511
csi300,pretrained,na,na,clean_k10,0.0,0.0,0.0,PDS_pearson_mse_h96_ci_low,-0.06437121163278113
csi300,pretrained,na,na,clean_k10,0.0,0.0,0.0,PDS_pearson_mse_h96_ci_high,0.0797180280918995
csi300,pretrained,na,na,clean_k10,0.0,0.0,0.0,PDS_pearson_mse_h96_pvalue,0.8166926882884713
csi300,pretrained,na,na,clean_k20,0.0,0.0,0.0,PDS_pearson_mae_h96_score,0.014807648679620079
csi300,pretrained,na,na,clean_k20,0.0,0.0,0.0,PDS_pearson_mae_h96_raw_corr,-0.014807648679620079
csi300,pretrained,na,na,clean_k20,0.0,0.0,0.0,PDS_pearson_mae_h96_ci_low,-0.06373038112274348
csi300,pretrained,na,na,clean_k20,0.0,0.0,0.0,PDS_pearson_mae_h96_ci_high,0.09104138156760468
csi300,pretrained,na,na,clean_k20,0.0,0.0,0.0,PDS_pearson_mae_h96_pvalue,0.7381847046436765
csi300,pretrained,na,na,clean_k20,0.0,0.0,0.0,PDS_pearson_mse_h96_score,0.016403252000839114
csi300,pretrained,na,na,clean_k20,0.0,0.0,0.0,PDS_pearson_mse_h96_raw_corr,-0.016403252000839114
csi300,pretrained,na,na,clean_k20,0.0,0.0,0.0,PDS_pearson_mse_h96_ci_low,-0.05960342764681017
csi300,pretrained,na,na,clean_k20,0.0,0.0,0.0,PDS_pearson_mse_h96_ci_high,0.08809762938432288
csi300,pretrained,na,na,clean_k20,0.0,0.0,0.0,PDS_pearson_mse_h96_pvalue,0.7111731613063902
csi300,pretrained,na,na,clean_k50,0.0,0.0,0.0,PDS_pearson_mae_h96_score,0.02747404316657628
csi300,pretrained,na,na,clean_k50,0.0,0.0,0.0,PDS_pearson_mae_h96_raw_corr,-0.02747404316657628
csi300,pretrained,na,na,clean_k50,0.0,0.0,0.0,PDS_pearson_mae_h96_ci_low,-0.043922005983893224
csi300,pretrained,na,na,clean_k50,0.0,0.0,0.0,PDS_pearson_mae_h96_ci_high,0.1028426765983992
csi300,pretrained,na,na,clean_k50,0.0,0.0,0.0,PDS_pearson_mae_h96_pvalue,0.5350838110231151
csi300,pretrained,na,na,clean_k50,0.0,0.0,0.0,PDS_pearson_mse_h96_score,0.03340870786405041
csi300,pretrained,na,na,clean_k50,0.0,0.0,0.0,PDS_pearson_mse_h96_raw_corr,-0.03340870786405041
csi300,pretrained,na,na,clean_k50,0.0,0.0,0.0,PDS_pearson_mse_h96_ci_low,-0.036667052722805335
csi300,pretrained,na,na,clean_k50,0.0,0.0,0.0,PDS_pearson_mse_h96_ci_high,0.09900911053393888
csi300,pretrained,na,na,clean_k50,0.0,0.0,0.0,PDS_pearson_mse_h96_pvalue,0.4506596872142553
csi300,pretrained,na,na,clean,0.0,0.0,0.0,FSS_spearman_h192_score,-0.05649538542245727
csi300,pretrained,na,na,clean,0.0,0.0,0.0,FSS_spearman_h192_raw_corr,0.05649538542245727
csi300,pretrained,na,na,clean,0.0,0.0,0.0,FSS_spearman_h192_ci_low,-0.0717319215762514
csi300,pretrained,na,na,clean,0.0,0.0,0.0,FSS_spearman_h192_ci_high,-0.044711244953233774
csi300,pretrained,na,na,clean,0.0,0.0,0.0,FSS_spearman_h192_pvalue,1.3500335241384889e-15
csi300,pretrained,na,na,clean_k10,0.0,0.0,0.0,PDS_spearman_mae_h192_score,-0.09662596488367035
csi300,pretrained,na,na,clean_k10,0.0,0.0,0.0,PDS_spearman_mae_h192_raw_corr,0.09662596488367035
csi300,pretrained,na,na,clean_k10,0.0,0.0,0.0,PDS_spearman_mae_h192_ci_low,-0.18126624554451054
csi300,pretrained,na,na,clean_k10,0.0,0.0,0.0,PDS_spearman_mae_h192_ci_high,-0.009818509359144629
csi300,pretrained,na,na,clean_k10,0.0,0.0,0.0,PDS_spearman_mae_h192_pvalue,0.0288031884679958
csi300,pretrained,na,na,clean_k10,0.0,0.0,0.0,PDS_spearman_mse_h192_score,-0.09662596488367035
csi300,pretrained,na,na,clean_k10,0.0,0.0,0.0,PDS_spearman_mse_h192_raw_corr,0.09662596488367035
csi300,pretrained,na,na,clean_k10,0.0,0.0,0.0,PDS_spearman_mse_h192_ci_low,-0.18126624554451054
csi300,pretrained,na,na,clean_k10,0.0,0.0,0.0,PDS_spearman_mse_h192_ci_high,-0.009818509359144629
csi300,pretrained,na,na,clean_k10,0.0,0.0,0.0,PDS_spearman_mse_h192_pvalue,0.0288031884679958
csi300,pretrained,na,na,clean_k20,0.0,0.0,0.0,PDS_spearman_mae_h192_score,-0.0940444182659846
csi300,pretrained,na,na,clean_k20,0.0,0.0,0.0,PDS_spearman_mae_h192_raw_corr,0.0940444182659846
csi300,pretrained,na,na,clean_k20,0.0,0.0,0.0,PDS_spearman_mae_h192_ci_low,-0.17346507054243537
csi300,pretrained,na,na,clean_k20,0.0,0.0,0.0,PDS_spearman_mae_h192_ci_high,-0.00846716518676804
csi300,pretrained,na,na,clean_k20,0.0,0.0,0.0,PDS_spearman_mae_h192_pvalue,0.0333787104996671
csi300,pretrained,na,na,clean_k20,0.0,0.0,0.0,PDS_spearman_mse_h192_score,-0.0940444182659846
csi300,pretrained,na,na,clean_k20,0.0,0.0,0.0,PDS_spearman_mse_h192_raw_corr,0.0940444182659846
csi300,pretrained,na,na,clean_k20,0.0,0.0,0.0,PDS_spearman_mse_h192_ci_low,-0.17346507054243537
csi300,pretrained,na,na,clean_k20,0.0,0.0,0.0,PDS_spearman_mse_h192_ci_high,-0.00846716518676804
csi300,pretrained,na,na,clean_k20,0.0,0.0,0.0,PDS_spearman_mse_h192_pvalue,0.0333787104996671
csi300,pretrained,na,na,clean_k50,0.0,0.0,0.0,PDS_spearman_mae_h192_score,-0.08600044274499033
csi300,pretrained,na,na,clean_k50,0.0,0.0,0.0,PDS_spearman_mae_h192_raw_corr,0.08600044274499033
csi300,pretrained,na,na,clean_k50,0.0,0.0,0.0,PDS_spearman_mae_h192_ci_low,-0.1655076655532895
csi300,pretrained,na,na,clean_k50,0.0,0.0,0.0,PDS_spearman_mae_h192_ci_high,0.0003089785189234414
csi300,pretrained,na,na,clean_k50,0.0,0.0,0.0,PDS_spearman_mae_h192_pvalue,0.05179712593540642
csi300,pretrained,na,na,clean_k50,0.0,0.0,0.0,PDS_spearman_mse_h192_score,-0.08600044274499033
csi300,pretrained,na,na,clean_k50,0.0,0.0,0.0,PDS_spearman_mse_h192_raw_corr,0.08600044274499033
csi300,pretrained,na,na,clean_k50,0.0,0.0,0.0,PDS_spearman_mse_h192_ci_low,-0.1655076655532895
csi300,pretrained,na,na,clean_k50,0.0,0.0,0.0,PDS_spearman_mse_h192_ci_high,0.0003089785189234414
csi300,pretrained,na,na,clean_k50,0.0,0.0,0.0,PDS_spearman_mse_h192_pvalue,0.05179712593540642
csi300,pretrained,na,na,clean,0.0,0.0,0.0,FSS_pearson_h192_score,-0.06562221098819715
csi300,pretrained,na,na,clean,0.0,0.0,0.0,FSS_pearson_h192_raw_corr,0.06562221098819715
csi300,pretrained,na,na,clean,0.0,0.0,0.0,FSS_pearson_h192_ci_low,-0.08392935398635427
csi300,pretrained,na,na,clean,0.0,0.0,0.0,FSS_pearson_h192_ci_high,-0.04952480238502675
csi300,pretrained,na,na,clean,0.0,0.0,0.0,FSS_pearson_h192_pvalue,1.6429391444118324e-20
csi300,pretrained,na,na,clean_k10,0.0,0.0,0.0,PDS_pearson_mae_h192_score,-0.07329287068628573
csi300,pretrained,na,na,clean_k10,0.0,0.0,0.0,PDS_pearson_mae_h192_raw_corr,0.07329287068628573
csi300,pretrained,na,na,clean_k10,0.0,0.0,0.0,PDS_pearson_mae_h192_ci_low,-0.1552077329661002
csi300,pretrained,na,na,clean_k10,0.0,0.0,0.0,PDS_pearson_mae_h192_ci_high,0.006414342136797198
csi300,pretrained,na,na,clean_k10,0.0,0.0,0.0,PDS_pearson_mae_h192_pvalue,0.097599662500461
csi300,pretrained,na,na,clean_k10,0.0,0.0,0.0,PDS_pearson_mse_h192_score,-0.03793660192695648
csi300,pretrained,na,na,clean_k10,0.0,0.0,0.0,PDS_pearson_mse_h192_raw_corr,0.03793660192695648
csi300,pretrained,na,na,clean_k10,0.0,0.0,0.0,PDS_pearson_mse_h192_ci_low,-0.1250267309424971
csi300,pretrained,na,na,clean_k10,0.0,0.0,0.0,PDS_pearson_mse_h192_ci_high,0.040716327438954286
csi300,pretrained,na,na,clean_k10,0.0,0.0,0.0,PDS_pearson_mse_h192_pvalue,0.39165624471613286
csi300,pretrained,na,na,clean_k20,0.0,0.0,0.0,PDS_pearson_mae_h192_score,-0.0708101920591381
csi300,pretrained,na,na,clean_k20,0.0,0.0,0.0,PDS_pearson_mae_h192_raw_corr,0.0708101920591381
csi300,pretrained,na,na,clean_k20,0.0,0.0,0.0,PDS_pearson_mae_h192_ci_low,-0.15305943511676537
csi300,pretrained,na,na,clean_k20,0.0,0.0,0.0,PDS_pearson_mae_h192_ci_high,0.014759546117807287
csi300,pretrained,na,na,clean_k20,0.0,0.0,0.0,PDS_pearson_mae_h192_pvalue,0.10952208468044024
csi300,pretrained,na,na,clean_k20,0.0,0.0,0.0,PDS_pearson_mse_h192_score,-0.03459124845748728
csi300,pretrained,na,na,clean_k20,0.0,0.0,0.0,PDS_pearson_mse_h192_raw_corr,0.03459124845748728
csi300,pretrained,na,na,clean_k20,0.0,0.0,0.0,PDS_pearson_mse_h192_ci_low,-0.13060385217452533
csi300,pretrained,na,na,clean_k20,0.0,0.0,0.0,PDS_pearson_mse_h192_ci_high,0.049874981087857345
csi300,pretrained,na,na,clean_k20,0.0,0.0,0.0,PDS_pearson_mse_h192_pvalue,0.4347840888578842
csi300,pretrained,na,na,clean_k50,0.0,0.0,0.0,PDS_pearson_mae_h192_score,-0.0653974296887293
csi300,pretrained,na,na,clean_k50,0.0,0.0,0.0,PDS_pearson_mae_h192_raw_corr,0.0653974296887293
csi300,pretrained,na,na,clean_k50,0.0,0.0,0.0,PDS_pearson_mae_h192_ci_low,-0.1542475268975348
csi300,pretrained,na,na,clean_k50,0.0,0.0,0.0,PDS_pearson_mae_h192_ci_high,0.018329165245752246
csi300,pretrained,na,na,clean_k50,0.0,0.0,0.0,PDS_pearson_mae_h192_pvalue,0.13947728768771517
csi300,pretrained,na,na,clean_k50,0.0,0.0,0.0,PDS_pearson_mse_h192_score,-0.02893095595858598
csi300,pretrained,na,na,clean_k50,0.0,0.0,0.0,PDS_pearson_mse_h192_raw_corr,0.02893095595858598
csi300,pretrained,na,na,clean_k50,0.0,0.0,0.0,PDS_pearson_mse_h192_ci_low,-0.12547308667668938
csi300,pretrained,na,na,clean_k50,0.0,0.0,0.0,PDS_pearson_mse_h192_ci_high,0.05325100778361849
csi300,pretrained,na,na,clean_k50,0.0,0.0,0.0,PDS_pearson_mse_h192_pvalue,0.513647002345514
csi300,pretrained,na,na,clean,0.0,0.0,0.0,FSS_spearman_h336_score,-0.061559857214577955
csi300,pretrained,na,na,clean,0.0,0.0,0.0,FSS_spearman_h336_raw_corr,0.061559857214577955
csi300,pretrained,na,na,clean,0.0,0.0,0.0,FSS_spearman_h336_ci_low,-0.07534791709591414
csi300,pretrained,na,na,clean,0.0,0.0,0.0,FSS_spearman_h336_ci_high,-0.04799447174559673
csi300,pretrained,na,na,clean,0.0,0.0,0.0,FSS_spearman_h336_pvalue,3.1426485624373834e-18
csi300,pretrained,na,na,clean_k10,0.0,0.0,0.0,PDS_spearman_mae_h336_score,-0.07381619359471739
csi300,pretrained,na,na,clean_k10,0.0,0.0,0.0,PDS_spearman_mae_h336_raw_corr,0.07381619359471739
csi300,pretrained,na,na,clean_k10,0.0,0.0,0.0,PDS_spearman_mae_h336_ci_low,-0.15943132838031907
csi300,pretrained,na,na,clean_k10,0.0,0.0,0.0,PDS_spearman_mae_h336_ci_high,0.010841612585963965
csi300,pretrained,na,na,clean_k10,0.0,0.0,0.0,PDS_spearman_mae_h336_pvalue,0.09522361550394116
csi300,pretrained,na,na,clean_k10,0.0,0.0,0.0,PDS_spearman_mse_h336_score,-0.07381619359471739
csi300,pretrained,na,na,clean_k10,0.0,0.0,0.0,PDS_spearman_mse_h336_raw_corr,0.07381619359471739
csi300,pretrained,na,na,clean_k10,0.0,0.0,0.0,PDS_spearman_mse_h336_ci_low,-0.15943132838031907
csi300,pretrained,na,na,clean_k10,0.0,0.0,0.0,PDS_spearman_mse_h336_ci_high,0.010841612585963965
csi300,pretrained,na,na,clean_k10,0.0,0.0,0.0,PDS_spearman_mse_h336_pvalue,0.09522361550394116
csi300,pretrained,na,na,clean_k20,0.0,0.0,0.0,PDS_spearman_mae_h336_score,-0.07229716342797633
csi300,pretrained,na,na,clean_k20,0.0,0.0,0.0,PDS_spearman_mae_h336_raw_corr,0.07229716342797633
csi300,pretrained,na,na,clean_k20,0.0,0.0,0.0,PDS_spearman_mae_h336_ci_low,-0.15416789893723912
csi300,pretrained,na,na,clean_k20,0.0,0.0,0.0,PDS_spearman_mae_h336_ci_high,0.008769759389440338
csi300,pretrained,na,na,clean_k20,0.0,0.0,0.0,PDS_spearman_mae_h336_pvalue,0.10225076194836208
csi300,pretrained,na,na,clean_k20,0.0,0.0,0.0,PDS_spearman_mse_h336_score,-0.07229716342797633
csi300,pretrained,na,na,clean_k20,0.0,0.0,0.0,PDS_spearman_mse_h336_raw_corr,0.07229716342797633
csi300,pretrained,na,na,clean_k20,0.0,0.0,0.0,PDS_spearman_mse_h336_ci_low,-0.15416789893723912
csi300,pretrained,na,na,clean_k20,0.0,0.0,0.0,PDS_spearman_mse_h336_ci_high,0.008769759389440338
csi300,pretrained,na,na,clean_k20,0.0,0.0,0.0,PDS_spearman_mse_h336_pvalue,0.10225076194836208
csi300,pretrained,na,na,clean_k50,0.0,0.0,0.0,PDS_spearman_mae_h336_score,-0.06674568484567583
csi300,pretrained,na,na,clean_k50,0.0,0.0,0.0,PDS_spearman_mae_h336_raw_corr,0.06674568484567583
csi300,pretrained,na,na,clean_k50,0.0,0.0,0.0,PDS_spearman_mae_h336_ci_low,-0.15994062881834736
csi300,pretrained,na,na,clean_k50,0.0,0.0,0.0,PDS_spearman_mae_h336_ci_high,0.020032278860425672
csi300,pretrained,na,na,clean_k50,0.0,0.0,0.0,PDS_spearman_mae_h336_pvalue,0.13148457361634977
csi300,pretrained,na,na,clean_k50,0.0,0.0,0.0,PDS_spearman_mse_h336_score,-0.06674568484567583
csi300,pretrained,na,na,clean_k50,0.0,0.0,0.0,PDS_spearman_mse_h336_raw_corr,0.06674568484567583
csi300,pretrained,na,na,clean_k50,0.0,0.0,0.0,PDS_spearman_mse_h336_ci_low,-0.15994062881834736
csi300,pretrained,na,na,clean_k50,0.0,0.0,0.0,PDS_spearman_mse_h336_ci_high,0.020032278860425672
csi300,pretrained,na,na,clean_k50,0.0,0.0,0.0,PDS_spearman_mse_h336_pvalue,0.13148457361634977
csi300,pretrained,na,na,clean,0.0,0.0,0.0,FSS_pearson_h336_score,-0.07887828799147509
csi300,pretrained,na,na,clean,0.0,0.0,0.0,FSS_pearson_h336_raw_corr,0.07887828799147509
csi300,pretrained,na,na,clean,0.0,0.0,0.0,FSS_pearson_h336_ci_low,-0.0935019335268043
csi300,pretrained,na,na,clean,0.0,0.0,0.0,FSS_pearson_h336_ci_high,-0.06632387678202532
csi300,pretrained,na,na,clean,0.0,0.0,0.0,FSS_pearson_h336_pvalue,6.236776453132975e-29
csi300,pretrained,na,na,clean_k10,0.0,0.0,0.0,PDS_pearson_mae_h336_score,-0.054660431040541885
csi300,pretrained,na,na,clean_k10,0.0,0.0,0.0,PDS_pearson_mae_h336_raw_corr,0.054660431040541885
csi300,pretrained,na,na,clean_k10,0.0,0.0,0.0,PDS_pearson_mae_h336_ci_low,-0.13338375067925567
csi300,pretrained,na,na,clean_k10,0.0,0.0,0.0,PDS_pearson_mae_h336_ci_high,0.020583252032938436
csi300,pretrained,na,na,clean_k10,0.0,0.0,0.0,PDS_pearson_mae_h336_pvalue,0.21693301737883272
csi300,pretrained,na,na,clean_k10,0.0,0.0,0.0,PDS_pearson_mse_h336_score,-0.023415737587564232
csi300,pretrained,na,na,clean_k10,0.0,0.0,0.0,PDS_pearson_mse_h336_raw_corr,0.023415737587564232
csi300,pretrained,na,na,clean_k10,0.0,0.0,0.0,PDS_pearson_mse_h336_ci_low,-0.11168965199108476
csi300,pretrained,na,na,clean_k10,0.0,0.0,0.0,PDS_pearson_mse_h336_ci_high,0.03234546178182675
csi300,pretrained,na,na,clean_k10,0.0,0.0,0.0,PDS_pearson_mse_h336_pvalue,0.5970724575281836
csi300,pretrained,na,na,clean_k20,0.0,0.0,0.0,PDS_pearson_mae_h336_score,-0.051376339644163715
csi300,pretrained,na,na,clean_k20,0.0,0.0,0.0,PDS_pearson_mae_h336_raw_corr,0.051376339644163715
csi300,pretrained,na,na,clean_k20,0.0,0.0,0.0,PDS_pearson_mae_h336_ci_low,-0.1298482739234741
csi300,pretrained,na,na,clean_k20,0.0,0.0,0.0,PDS_pearson_mae_h336_ci_high,0.020053942903519948
csi300,pretrained,na,na,clean_k20,0.0,0.0,0.0,PDS_pearson_mae_h336_pvalue,0.24587012933304314
csi300,pretrained,na,na,clean_k20,0.0,0.0,0.0,PDS_pearson_mse_h336_score,-0.024387116990923993
csi300,pretrained,na,na,clean_k20,0.0,0.0,0.0,PDS_pearson_mse_h336_raw_corr,0.024387116990923993
csi300,pretrained,na,na,clean_k20,0.0,0.0,0.0,PDS_pearson_mse_h336_ci_low,-0.11795455040089467
csi300,pretrained,na,na,clean_k20,0.0,0.0,0.0,PDS_pearson_mse_h336_ci_high,0.025358986986279575
csi300,pretrained,na,na,clean_k20,0.0,0.0,0.0,PDS_pearson_mse_h336_pvalue,0.5819417645942162
csi300,pretrained,na,na,clean_k50,0.0,0.0,0.0,PDS_pearson_mae_h336_score,-0.04137089215700295
csi300,pretrained,na,na,clean_k50,0.0,0.0,0.0,PDS_pearson_mae_h336_raw_corr,0.04137089215700295
csi300,pretrained,na,na,clean_k50,0.0,0.0,0.0,PDS_pearson_mae_h336_ci_low,-0.1240017805645906
csi300,pretrained,na,na,clean_k50,0.0,0.0,0.0,PDS_pearson_mae_h336_ci_high,0.03319565439774021
csi300,pretrained,na,na,clean_k50,0.0,0.0,0.0,PDS_pearson_mae_h336_pvalue,0.35018607553246006
csi300,pretrained,na,na,clean_k50,0.0,0.0,0.0,PDS_pearson_mse_h336_score,-0.021946106604813984
csi300,pretrained,na,na,clean_k50,0.0,0.0,0.0,PDS_pearson_mse_h336_raw_corr,0.021946106604813984
csi300,pretrained,na,na,clean_k50,0.0,0.0,0.0,PDS_pearson_mse_h336_ci_low,-0.1102119305753857
csi300,pretrained,na,na,clean_k50,0.0,0.0,0.0,PDS_pearson_mse_h336_ci_high,0.02637946293977466
csi300,pretrained,na,na,clean_k50,0.0,0.0,0.0,PDS_pearson_mse_h336_pvalue,0.6202968691582588
csi300,pretrained,na,na,clean,0.0,0.0,0.0,FSS_spearman_h720_score,-0.062049508787739585
csi300,pretrained,na,na,clean,0.0,0.0,0.0,FSS_spearman_h720_raw_corr,0.062049508787739585
csi300,pretrained,na,na,clean,0.0,0.0,0.0,FSS_spearman_h720_ci_low,-0.07620336957617997
csi300,pretrained,na,na,clean,0.0,0.0,0.0,FSS_spearman_h720_ci_high,-0.049155455853202204
csi300,pretrained,na,na,clean,0.0,0.0,0.0,FSS_spearman_h720_pvalue,1.700387662540269e-18
csi300,pretrained,na,na,clean_k10,0.0,0.0,0.0,PDS_spearman_mae_h720_score,1.0550062370538217e-05
csi300,pretrained,na,na,clean_k10,0.0,0.0,0.0,PDS_spearman_mae_h720_raw_corr,-1.0550062370538217e-05
csi300,pretrained,na,na,clean_k10,0.0,0.0,0.0,PDS_spearman_mae_h720_ci_low,-0.08019167776741384
csi300,pretrained,na,na,clean_k10,0.0,0.0,0.0,PDS_spearman_mae_h720_ci_high,0.08293333859647811
csi300,pretrained,na,na,clean_k10,0.0,0.0,0.0,PDS_spearman_mae_h720_pvalue,0.9998099940140184
csi300,pretrained,na,na,clean_k10,0.0,0.0,0.0,PDS_spearman_mse_h720_score,1.0550062370538217e-05
csi300,pretrained,na,na,clean_k10,0.0,0.0,0.0,PDS_spearman_mse_h720_raw_corr,-1.0550062370538217e-05
csi300,pretrained,na,na,clean_k10,0.0,0.0,0.0,PDS_spearman_mse_h720_ci_low,-0.08019167776741384
csi300,pretrained,na,na,clean_k10,0.0,0.0,0.0,PDS_spearman_mse_h720_ci_high,0.08293333859647811
csi300,pretrained,na,na,clean_k10,0.0,0.0,0.0,PDS_spearman_mse_h720_pvalue,0.9998099940140184
csi300,pretrained,na,na,clean_k20,0.0,0.0,0.0,PDS_spearman_mae_h720_score,-0.004722136391206326
csi300,pretrained,na,na,clean_k20,0.0,0.0,0.0,PDS_spearman_mae_h720_raw_corr,0.004722136391206326
csi300,pretrained,na,na,clean_k20,0.0,0.0,0.0,PDS_spearman_mae_h720_ci_low,-0.08717628951369434
csi300,pretrained,na,na,clean_k20,0.0,0.0,0.0,PDS_spearman_mae_h720_ci_high,0.08060749025767845
csi300,pretrained,na,na,clean_k20,0.0,0.0,0.0,PDS_spearman_mae_h720_pvalue,0.9151148977571428
csi300,pretrained,na,na,clean_k20,0.0,0.0,0.0,PDS_spearman_mse_h720_score,-0.004722136391206326
csi300,pretrained,na,na,clean_k20,0.0,0.0,0.0,PDS_spearman_mse_h720_raw_corr,0.004722136391206326
csi300,pretrained,na,na,clean_k20,0.0,0.0,0.0,PDS_spearman_mse_h720_ci_low,-0.08717628951369434
csi300,pretrained,na,na,clean_k20,0.0,0.0,0.0,PDS_spearman_mse_h720_ci_high,0.08060749025767845
csi300,pretrained,na,na,clean_k20,0.0,0.0,0.0,PDS_spearman_mse_h720_pvalue,0.9151148977571428
csi300,pretrained,na,na,clean_k50,0.0,0.0,0.0,PDS_spearman_mae_h720_score,-0.004860449497030246
csi300,pretrained,na,na,clean_k50,0.0,0.0,0.0,PDS_spearman_mae_h720_raw_corr,0.004860449497030246
csi300,pretrained,na,na,clean_k50,0.0,0.0,0.0,PDS_spearman_mae_h720_ci_low,-0.08283666353315931
csi300,pretrained,na,na,clean_k50,0.0,0.0,0.0,PDS_spearman_mae_h720_ci_high,0.08117293117422886
csi300,pretrained,na,na,clean_k50,0.0,0.0,0.0,PDS_spearman_mae_h720_pvalue,0.9126383708988666
csi300,pretrained,na,na,clean_k50,0.0,0.0,0.0,PDS_spearman_mse_h720_score,-0.004860449497030246
csi300,pretrained,na,na,clean_k50,0.0,0.0,0.0,PDS_spearman_mse_h720_raw_corr,0.004860449497030246
csi300,pretrained,na,na,clean_k50,0.0,0.0,0.0,PDS_spearman_mse_h720_ci_low,-0.08283666353315931
csi300,pretrained,na,na,clean_k50,0.0,0.0,0.0,PDS_spearman_mse_h720_ci_high,0.08117293117422886
csi300,pretrained,na,na,clean_k50,0.0,0.0,0.0,PDS_spearman_mse_h720_pvalue,0.9126383708988666
csi300,pretrained,na,na,clean,0.0,0.0,0.0,FSS_pearson_h720_score,-0.08301228129011695
csi300,pretrained,na,na,clean,0.0,0.0,0.0,FSS_pearson_h720_raw_corr,0.08301228129011695
csi300,pretrained,na,na,clean,0.0,0.0,0.0,FSS_pearson_h720_ci_low,-0.09847164826525047
csi300,pretrained,na,na,clean,0.0,0.0,0.0,FSS_pearson_h720_ci_high,-0.06995521684631045
csi300,pretrained,na,na,clean,0.0,0.0,0.0,FSS_pearson_h720_pvalue,7.122805538661835e-32
csi300,pretrained,na,na,clean_k10,0.0,0.0,0.0,PDS_pearson_mae_h720_score,-0.015070151114000303
csi300,pretrained,na,na,clean_k10,0.0,0.0,0.0,PDS_pearson_mae_h720_raw_corr,0.015070151114000303
csi300,pretrained,na,na,clean_k10,0.0,0.0,0.0,PDS_pearson_mae_h720_ci_low,-0.08985048678160855
csi300,pretrained,na,na,clean_k10,0.0,0.0,0.0,PDS_pearson_mae_h720_ci_high,0.058659569876445446
csi300,pretrained,na,na,clean_k10,0.0,0.0,0.0,PDS_pearson_mae_h720_pvalue,0.7337176203810718
csi300,pretrained,na,na,clean_k10,0.0,0.0,0.0,PDS_pearson_mse_h720_score,0.0020629995373877353
csi300,pretrained,na,na,clean_k10,0.0,0.0,0.0,PDS_pearson_mse_h720_raw_corr,-0.0020629995373877353
csi300,pretrained,na,na,clean_k10,0.0,0.0,0.0,PDS_pearson_mse_h720_ci_low,-0.06755887532434329
csi300,pretrained,na,na,clean_k10,0.0,0.0,0.0,PDS_pearson_mse_h720_ci_high,0.05180204572901019
csi300,pretrained,na,na,clean_k10,0.0,0.0,0.0,PDS_pearson_mse_h720_pvalue,0.9628588864778553
csi300,pretrained,na,na,clean_k20,0.0,0.0,0.0,PDS_pearson_mae_h720_score,-0.020393912033601462
csi300,pretrained,na,na,clean_k20,0.0,0.0,0.0,PDS_pearson_mae_h720_raw_corr,0.020393912033601462
csi300,pretrained,na,na,clean_k20,0.0,0.0,0.0,PDS_pearson_mae_h720_ci_low,-0.0999479881780097
csi300,pretrained,na,na,clean_k20,0.0,0.0,0.0,PDS_pearson_mae_h720_ci_high,0.055315394758956006
csi300,pretrained,na,na,clean_k20,0.0,0.0,0.0,PDS_pearson_mae_h720_pvalue,0.6452423738949061
csi300,pretrained,na,na,clean_k20,0.0,0.0,0.0,PDS_pearson_mse_h720_score,0.0013258454623433277
csi300,pretrained,na,na,clean_k20,0.0,0.0,0.0,PDS_pearson_mse_h720_raw_corr,-0.0013258454623433277
csi300,pretrained,na,na,clean_k20,0.0,0.0,0.0,PDS_pearson_mse_h720_ci_low,-0.07856268806365976
csi300,pretrained,na,na,clean_k20,0.0,0.0,0.0,PDS_pearson_mse_h720_ci_high,0.05330221632130669
csi300,pretrained,na,na,clean_k20,0.0,0.0,0.0,PDS_pearson_mse_h720_pvalue,0.9761251565017741
csi300,pretrained,na,na,clean_k50,0.0,0.0,0.0,PDS_pearson_mae_h720_score,-0.022104593978367483
csi300,pretrained,na,na,clean_k50,0.0,0.0,0.0,PDS_pearson_mae_h720_raw_corr,0.022104593978367483
csi300,pretrained,na,na,clean_k50,0.0,0.0,0.0,PDS_pearson_mae_h720_ci_low,-0.09490325276709675
csi300,pretrained,na,na,clean_k50,0.0,0.0,0.0,PDS_pearson_mae_h720_ci_high,0.05365412158285035
csi300,pretrained,na,na,clean_k50,0.0,0.0,0.0,PDS_pearson_mae_h720_pvalue,0.6177735032540507
csi300,pretrained,na,na,clean_k50,0.0,0.0,0.0,PDS_pearson_mse_h720_score,0.0004039092057829966
csi300,pretrained,na,na,clean_k50,0.0,0.0,0.0,PDS_pearson_mse_h720_raw_corr,-0.0004039092057829966
csi300,pretrained,na,na,clean_k50,0.0,0.0,0.0,PDS_pearson_mse_h720_ci_low,-0.06921996970838702
csi300,pretrained,na,na,clean_k50,0.0,0.0,0.0,PDS_pearson_mse_h720_ci_high,0.059834038945205614
csi300,pretrained,na,na,clean_k50,0.0,0.0,0.0,PDS_pearson_mse_h720_pvalue,0.9927257200126934
csi300,pretrained,na,na,clean,0.0,0.0,0.0,FSS_spearman_havg_score,-0.06535598401455947
csi300,pretrained,na,na,clean,0.0,0.0,0.0,FSS_spearman_havg_raw_corr,0.06535598401455947
csi300,pretrained,na,na,clean,0.0,0.0,0.0,FSS_spearman_havg_ci_low,-0.08006651738816804
csi300,pretrained,na,na,clean,0.0,0.0,0.0,FSS_spearman_havg_ci_high,-0.05141844590062517
csi300,pretrained,na,na,clean,0.0,0.0,0.0,FSS_spearman_havg_pvalue,2.370561171705489e-20
csi300,pretrained,na,na,clean_k10,0.0,0.0,0.0,PDS_spearman_mae_havg_score,-0.1596328149139973
csi300,pretrained,na,na,clean_k10,0.0,0.0,0.0,PDS_spearman_mae_havg_raw_corr,0.1596328149139973
csi300,pretrained,na,na,clean_k10,0.0,0.0,0.0,PDS_spearman_mae_havg_ci_low,-0.24518184295726467
csi300,pretrained,na,na,clean_k10,0.0,0.0,0.0,PDS_spearman_mae_havg_ci_high,-0.06528836304047463
csi300,pretrained,na,na,clean_k10,0.0,0.0,0.0,PDS_spearman_mae_havg_pvalue,0.00028725424777500366
csi300,pretrained,na,na,clean_k10,0.0,0.0,0.0,PDS_spearman_mse_havg_score,-0.1601874978542246
csi300,pretrained,na,na,clean_k10,0.0,0.0,0.0,PDS_spearman_mse_havg_raw_corr,0.1601874978542246
csi300,pretrained,na,na,clean_k10,0.0,0.0,0.0,PDS_spearman_mse_havg_ci_low,-0.24599360113656377
csi300,pretrained,na,na,clean_k10,0.0,0.0,0.0,PDS_spearman_mse_havg_ci_high,-0.06872410722840915
csi300,pretrained,na,na,clean_k10,0.0,0.0,0.0,PDS_spearman_mse_havg_pvalue,0.00027338303539422047
csi300,pretrained,na,na,clean_k20,0.0,0.0,0.0,PDS_spearman_mae_havg_score,-0.1472874537943031
csi300,pretrained,na,na,clean_k20,0.0,0.0,0.0,PDS_spearman_mae_havg_raw_corr,0.1472874537943031
csi300,pretrained,na,na,clean_k20,0.0,0.0,0.0,PDS_spearman_mae_havg_ci_low,-0.22952233280504772
csi300,pretrained,na,na,clean_k20,0.0,0.0,0.0,PDS_spearman_mae_havg_ci_high,-0.06461939895096293
csi300,pretrained,na,na,clean_k20,0.0,0.0,0.0,PDS_spearman_mae_havg_pvalue,0.0008292644397806864
csi300,pretrained,na,na,clean_k20,0.0,0.0,0.0,PDS_spearman_mse_havg_score,-0.14637263821654592
csi300,pretrained,na,na,clean_k20,0.0,0.0,0.0,PDS_spearman_mse_havg_raw_corr,0.14637263821654592
csi300,pretrained,na,na,clean_k20,0.0,0.0,0.0,PDS_spearman_mse_havg_ci_low,-0.22619635466847152
csi300,pretrained,na,na,clean_k20,0.0,0.0,0.0,PDS_spearman_mse_havg_ci_high,-0.0660639432806464
csi300,pretrained,na,na,clean_k20,0.0,0.0,0.0,PDS_spearman_mse_havg_pvalue,0.0008942351849143373
csi300,pretrained,na,na,clean_k50,0.0,0.0,0.0,PDS_spearman_mae_havg_score,-0.1224452755747817
csi300,pretrained,na,na,clean_k50,0.0,0.0,0.0,PDS_spearman_mae_havg_raw_corr,0.1224452755747817
csi300,pretrained,na,na,clean_k50,0.0,0.0,0.0,PDS_spearman_mae_havg_ci_low,-0.20271902783025197
csi300,pretrained,na,na,clean_k50,0.0,0.0,0.0,PDS_spearman_mae_havg_ci_high,-0.03986517080176434
csi300,pretrained,na,na,clean_k50,0.0,0.0,0.0,PDS_spearman_mae_havg_pvalue,0.005532154239180258
csi300,pretrained,na,na,clean_k50,0.0,0.0,0.0,PDS_spearman_mse_havg_score,-0.12225054645746787
csi300,pretrained,na,na,clean_k50,0.0,0.0,0.0,PDS_spearman_mse_havg_raw_corr,0.12225054645746787
csi300,pretrained,na,na,clean_k50,0.0,0.0,0.0,PDS_spearman_mse_havg_ci_low,-0.20322500353435033
csi300,pretrained,na,na,clean_k50,0.0,0.0,0.0,PDS_spearman_mse_havg_ci_high,-0.04329296138583341
csi300,pretrained,na,na,clean_k50,0.0,0.0,0.0,PDS_spearman_mse_havg_pvalue,0.005608225121939817
csi300,pretrained,na,na,clean,0.0,0.0,0.0,FSS_pearson_havg_score,-0.07768167593443129
csi300,pretrained,na,na,clean,0.0,0.0,0.0,FSS_pearson_havg_raw_corr,0.07768167593443129
csi300,pretrained,na,na,clean,0.0,0.0,0.0,FSS_pearson_havg_ci_low,-0.09263606982007896
csi300,pretrained,na,na,clean,0.0,0.0,0.0,FSS_pearson_havg_ci_high,-0.06445220696824597
csi300,pretrained,na,na,clean,0.0,0.0,0.0,FSS_pearson_havg_pvalue,4.155772783615387e-28
csi300,pretrained,na,na,clean_k10,0.0,0.0,0.0,PDS_pearson_mae_havg_score,-0.12649830889269836
csi300,pretrained,na,na,clean_k10,0.0,0.0,0.0,PDS_pearson_mae_havg_raw_corr,0.12649830889269836
csi300,pretrained,na,na,clean_k10,0.0,0.0,0.0,PDS_pearson_mae_havg_ci_low,-0.20938837166770627
csi300,pretrained,na,na,clean_k10,0.0,0.0,0.0,PDS_pearson_mae_havg_ci_high,-0.039743348428865816
csi300,pretrained,na,na,clean_k10,0.0,0.0,0.0,PDS_pearson_mae_havg_pvalue,0.0041456815991113335
csi300,pretrained,na,na,clean_k10,0.0,0.0,0.0,PDS_pearson_mse_havg_score,-0.10671669914564552
csi300,pretrained,na,na,clean_k10,0.0,0.0,0.0,PDS_pearson_mse_havg_raw_corr,0.10671669914564552
csi300,pretrained,na,na,clean_k10,0.0,0.0,0.0,PDS_pearson_mse_havg_ci_low,-0.18429025796973297
csi300,pretrained,na,na,clean_k10,0.0,0.0,0.0,PDS_pearson_mse_havg_ci_high,-0.02404743653110039
csi300,pretrained,na,na,clean_k10,0.0,0.0,0.0,PDS_pearson_mse_havg_pvalue,0.01570399221691427
csi300,pretrained,na,na,clean_k20,0.0,0.0,0.0,PDS_pearson_mae_havg_score,-0.11676420882922511
csi300,pretrained,na,na,clean_k20,0.0,0.0,0.0,PDS_pearson_mae_havg_raw_corr,0.11676420882922511
csi300,pretrained,na,na,clean_k20,0.0,0.0,0.0,PDS_pearson_mae_havg_ci_low,-0.1911717336707312
csi300,pretrained,na,na,clean_k20,0.0,0.0,0.0,PDS_pearson_mae_havg_ci_high,-0.03663749560314918
csi300,pretrained,na,na,clean_k20,0.0,0.0,0.0,PDS_pearson_mae_havg_pvalue,0.008177142508479325
csi300,pretrained,na,na,clean_k20,0.0,0.0,0.0,PDS_pearson_mse_havg_score,-0.09670767055630557
csi300,pretrained,na,na,clean_k20,0.0,0.0,0.0,PDS_pearson_mse_havg_raw_corr,0.09670767055630557
csi300,pretrained,na,na,clean_k20,0.0,0.0,0.0,PDS_pearson_mse_havg_ci_low,-0.17436676631226328
csi300,pretrained,na,na,clean_k20,0.0,0.0,0.0,PDS_pearson_mse_havg_ci_high,-0.01852250463312239
csi300,pretrained,na,na,clean_k20,0.0,0.0,0.0,PDS_pearson_mse_havg_pvalue,0.028667631447215597
csi300,pretrained,na,na,clean_k50,0.0,0.0,0.0,PDS_pearson_mae_havg_score,-0.10063487384808686
csi300,pretrained,na,na,clean_k50,0.0,0.0,0.0,PDS_pearson_mae_havg_raw_corr,0.10063487384808686
csi300,pretrained,na,na,clean_k50,0.0,0.0,0.0,PDS_pearson_mae_havg_ci_low,-0.18795343778309234
csi300,pretrained,na,na,clean_k50,0.0,0.0,0.0,PDS_pearson_mae_havg_ci_high,-0.017098613801872293
csi300,pretrained,na,na,clean_k50,0.0,0.0,0.0,PDS_pearson_mae_havg_pvalue,0.022766791754771608
csi300,pretrained,na,na,clean_k50,0.0,0.0,0.0,PDS_pearson_mse_havg_score,-0.0821928694619426
csi300,pretrained,na,na,clean_k50,0.0,0.0,0.0,PDS_pearson_mse_havg_raw_corr,0.0821928694619426
csi300,pretrained,na,na,clean_k50,0.0,0.0,0.0,PDS_pearson_mse_havg_ci_low,-0.1628996556713162
csi300,pretrained,na,na,clean_k50,0.0,0.0,0.0,PDS_pearson_mse_havg_ci_high,-0.0043158550623422064
csi300,pretrained,na,na,clean_k50,0.0,0.0,0.0,PDS_pearson_mse_havg_pvalue,0.06311051679324606
csi300,pretrained,na,na,clean,0.0,0.0,0.0,LLS_k10,0.28605006386220877
csi300,pretrained,na,na,clean,0.0,0.0,0.0,LLS_k20,0.22092325043953942
csi300,pretrained,na,na,clean,0.0,0.0,0.0,LLS_k50,0.18667413487912737
csi300,pretrained,na,na,clean,0.0,0.0,0.0,LLS_avgk,0.23121581639362518
csi300,pretrained,na,q0.95,clean,0.0,0.0,0.0,MCS_k10,0.9902912621359223
csi300,pretrained,na,q0.95,clean,0.0,0.0,0.0,MCS_k20,0.9902912621359223
csi300,pretrained,na,q0.95,clean,0.0,0.0,0.0,MCS_k50,0.9902912621359223
csi300,pretrained,na,na,clean,0.0,0.0,0.0,CSS_seasonality_bal_acc,0.7479260935143288
csi300,pretrained,na,na,clean,0.0,0.0,0.0,CSS_seasonality_margin,0.6586792853237712
csi300,pretrained,na,na,clean,0.0,0.0,0.0,CSS_seasonality_pvalue,0.047619047619047616
csi300,pretrained,na,na,clean,0.0,0.0,0.0,CSS_trend_bal_acc,0.592948717948718
csi300,pretrained,na,na,clean,0.0,0.0,0.0,CSS_trend_margin,0.6106678078851437
csi300,pretrained,na,na,clean,0.0,0.0,0.0,CSS_trend_pvalue,0.047619047619047616
csi300,pretrained,na,na,clean,0.0,0.0,0.0,CSS_volatility_bal_acc,0.6989064856711915
csi300,pretrained,na,na,clean,0.0,0.0,0.0,CSS_volatility_margin,0.6533604132104289
csi300,pretrained,na,na,clean,0.0,0.0,0.0,CSS_volatility_pvalue,0.047619047619047616
csi300,pretrained,na,na,clean,0.0,0.0,0.0,TCS_scale,1.0
csi300,pretrained,na,na,clean,0.0,0.0,0.0,TCS_shift,1.0
csi300,pretrained,na,na,clean,0.0,0.0,0.0,TCS_resample,0.9968372583389282
csi300,pretrained,na,na,clean,0.0,0.0,0.0,TCS_avg,0.9989457527796427
csi300,random-reset,stl,p24_k8,n0.02_m0.05_w2,0.02,0.05,2.0,LCS_clean,-0.021690331399440765
csi300,random-reset,stl,p24_k8,n0.02_m0.05_w2,0.02,0.05,2.0,LCS_noise,-0.02200179174542427
csi300,random-reset,stl,p24_k8,n0.02_m0.05_w2,0.02,0.05,2.0,LCS_mask,-0.02181299962103367
csi300,random-reset,stl,p24_k8,n0.02_m0.05_w2,0.02,0.05,2.0,LCS_warp,-0.029992081224918365
csi300,random-reset,stl,p24_k8,n0.02_m0.05_w2,0.02,0.05,2.0,TSI_noise,0.9999964833259583
csi300,random-reset,stl,p24_k8,n0.02_m0.05_w2,0.02,0.05,2.0,TSI_mask,0.9999910593032837
csi300,random-reset,stl,p24_k8,n0.02_m0.05_w2,0.02,0.05,2.0,TSI_warp,0.9995349049568176
csi300,random-reset,stl,p24_k8,n0.02_m0.05_w2,0.02,0.05,2.0,GSP_noise,0.00031146034598350525
csi300,random-reset,stl,p24_k8,n0.02_m0.05_w2,0.02,0.05,2.0,GSP_mask,0.00012266822159290314
csi300,random-reset,stl,p24_k8,n0.02_m0.05_w2,0.02,0.05,2.0,GSP_warp,0.0083017498254776
csi300,random-reset,na,na,clean,0.0,0.0,0.0,LTC_step,3.7964606285095215
csi300,random-reset,na,na,clean,0.0,0.0,0.0,LTC_dir,-0.49935048818588257
csi300,random-reset,na,na,clean,0.0,0.0,0.0,FSS_spearman_h96_score,-0.013470781795844256
csi300,random-reset,na,na,clean,0.0,0.0,0.0,FSS_spearman_h96_raw_corr,0.013470781795844256
csi300,random-reset,na,na,clean,0.0,0.0,0.0,FSS_spearman_h96_ci_low,-0.02719484170434673
csi300,random-reset,na,na,clean,0.0,0.0,0.0,FSS_spearman_h96_ci_high,-0.0004331103064264384
csi300,random-reset,na,na,clean,0.0,0.0,0.0,FSS_spearman_h96_pvalue,0.05703145184667548
csi300,random-reset,na,na,clean_k10,0.0,0.0,0.0,PDS_spearman_mae_h96_score,0.08622914663942961
csi300,random-reset,na,na,clean_k10,0.0,0.0,0.0,PDS_spearman_mae_h96_raw_corr,-0.08622914663942961
csi300,random-reset,na,na,clean_k10,0.0,0.0,0.0,PDS_spearman_mae_h96_ci_low,0.004008515283472745
csi300,random-reset,na,na,clean_k10,0.0,0.0,0.0,PDS_spearman_mae_h96_ci_high,0.1717797286910537
csi300,random-reset,na,na,clean_k10,0.0,0.0,0.0,PDS_spearman_mae_h96_pvalue,0.05117525432599006
csi300,random-reset,na,na,clean_k10,0.0,0.0,0.0,PDS_spearman_mse_h96_score,0.08622914663942961
csi300,random-reset,na,na,clean_k10,0.0,0.0,0.0,PDS_spearman_mse_h96_raw_corr,-0.08622914663942961
csi300,random-reset,na,na,clean_k10,0.0,0.0,0.0,PDS_spearman_mse_h96_ci_low,0.004008515283472745
csi300,random-reset,na,na,clean_k10,0.0,0.0,0.0,PDS_spearman_mse_h96_ci_high,0.1717797286910537
csi300,random-reset,na,na,clean_k10,0.0,0.0,0.0,PDS_spearman_mse_h96_pvalue,0.05117525432599006
csi300,random-reset,na,na,clean_k20,0.0,0.0,0.0,PDS_spearman_mae_h96_score,0.08297892276352983
csi300,random-reset,na,na,clean_k20,0.0,0.0,0.0,PDS_spearman_mae_h96_raw_corr,-0.08297892276352983
csi300,random-reset,na,na,clean_k20,0.0,0.0,0.0,PDS_spearman_mae_h96_ci_low,0.0006410853391650201
csi300,random-reset,na,na,clean_k20,0.0,0.0,0.0,PDS_spearman_mae_h96_ci_high,0.16583713786947085
csi300,random-reset,na,na,clean_k20,0.0,0.0,0.0,PDS_spearman_mae_h96_pvalue,0.06062146551076646
csi300,random-reset,na,na,clean_k20,0.0,0.0,0.0,PDS_spearman_mse_h96_score,0.08297892276352983
csi300,random-reset,na,na,clean_k20,0.0,0.0,0.0,PDS_spearman_mse_h96_raw_corr,-0.08297892276352983
csi300,random-reset,na,na,clean_k20,0.0,0.0,0.0,PDS_spearman_mse_h96_ci_low,0.0006410853391650201
csi300,random-reset,na,na,clean_k20,0.0,0.0,0.0,PDS_spearman_mse_h96_ci_high,0.16583713786947085
csi300,random-reset,na,na,clean_k20,0.0,0.0,0.0,PDS_spearman_mse_h96_pvalue,0.06062146551076646
csi300,random-reset,na,na,clean_k50,0.0,0.0,0.0,PDS_spearman_mae_h96_score,0.06690760148087113
csi300,random-reset,na,na,clean_k50,0.0,0.0,0.0,PDS_spearman_mae_h96_raw_corr,-0.06690760148087113
csi300,random-reset,na,na,clean_k50,0.0,0.0,0.0,PDS_spearman_mae_h96_ci_low,-0.014121873205856764
csi300,random-reset,na,na,clean_k50,0.0,0.0,0.0,PDS_spearman_mae_h96_ci_high,0.1474065563768307
csi300,random-reset,na,na,clean_k50,0.0,0.0,0.0,PDS_spearman_mae_h96_pvalue,0.13054900686840032
csi300,random-reset,na,na,clean_k50,0.0,0.0,0.0,PDS_spearman_mse_h96_score,0.06690760148087113
csi300,random-reset,na,na,clean_k50,0.0,0.0,0.0,PDS_spearman_mse_h96_raw_corr,-0.06690760148087113
csi300,random-reset,na,na,clean_k50,0.0,0.0,0.0,PDS_spearman_mse_h96_ci_low,-0.014121873205856764
csi300,random-reset,na,na,clean_k50,0.0,0.0,0.0,PDS_spearman_mse_h96_ci_high,0.1474065563768307
csi300,random-reset,na,na,clean_k50,0.0,0.0,0.0,PDS_spearman_mse_h96_pvalue,0.13054900686840032
csi300,random-reset,na,na,clean,0.0,0.0,0.0,FSS_pearson_h96_score,-0.006997076628629065
csi300,random-reset,na,na,clean,0.0,0.0,0.0,FSS_pearson_h96_raw_corr,0.006997076628629065
csi300,random-reset,na,na,clean,0.0,0.0,0.0,FSS_pearson_h96_ci_low,-0.019684041231364698
csi300,random-reset,na,na,clean,0.0,0.0,0.0,FSS_pearson_h96_ci_high,0.005362825974448312
csi300,random-reset,na,na,clean,0.0,0.0,0.0,FSS_pearson_h96_pvalue,0.32292180549983696
csi300,random-reset,na,na,clean_k10,0.0,0.0,0.0,PDS_pearson_mae_h96_score,0.10032307951443405
csi300,random-reset,na,na,clean_k10,0.0,0.0,0.0,PDS_pearson_mae_h96_raw_corr,-0.10032307951443405
csi300,random-reset,na,na,clean_k10,0.0,0.0,0.0,PDS_pearson_mae_h96_ci_low,0.016401280841626335
csi300,random-reset,na,na,clean_k10,0.0,0.0,0.0,PDS_pearson_mae_h96_ci_high,0.18507563280972947
csi300,random-reset,na,na,clean_k10,0.0,0.0,0.0,PDS_pearson_mae_h96_pvalue,0.023193394435854584
csi300,random-reset,na,na,clean_k10,0.0,0.0,0.0,PDS_pearson_mse_h96_score,0.10262141006426123
csi300,random-reset,na,na,clean_k10,0.0,0.0,0.0,PDS_pearson_mse_h96_raw_corr,-0.10262141006426123
csi300,random-reset,na,na,clean_k10,0.0,0.0,0.0,PDS_pearson_mse_h96_ci_low,0.030805262803542156
csi300,random-reset,na,na,clean_k10,0.0,0.0,0.0,PDS_pearson_mse_h96_ci_high,0.18572604273916618
csi300,random-reset,na,na,clean_k10,0.0,0.0,0.0,PDS_pearson_mse_h96_pvalue,0.02020513781869285
csi300,random-reset,na,na,clean_k20,0.0,0.0,0.0,PDS_pearson_mae_h96_score,0.10013365294599584
csi300,random-reset,na,na,clean_k20,0.0,0.0,0.0,PDS_pearson_mae_h96_raw_corr,-0.10013365294599584
csi300,random-reset,na,na,clean_k20,0.0,0.0,0.0,PDS_pearson_mae_h96_ci_low,0.016480147656947296
csi300,random-reset,na,na,clean_k20,0.0,0.0,0.0,PDS_pearson_mae_h96_ci_high,0.17120016526052584
csi300,random-reset,na,na,clean_k20,0.0,0.0,0.0,PDS_pearson_mae_h96_pvalue,0.02345593649386492
csi300,random-reset,na,na,clean_k20,0.0,0.0,0.0,PDS_pearson_mse_h96_score,0.10382328194145314
csi300,random-reset,na,na,clean_k20,0.0,0.0,0.0,PDS_pearson_mse_h96_raw_corr,-0.10382328194145314
csi300,random-reset,na,na,clean_k20,0.0,0.0,0.0,PDS_pearson_mse_h96_ci_low,0.03703574394289529
csi300,random-reset,na,na,clean_k20,0.0,0.0,0.0,PDS_pearson_mse_h96_ci_high,0.17046065214771347
csi300,random-reset,na,na,clean_k20,0.0,0.0,0.0,PDS_pearson_mse_h96_pvalue,0.018780257340222706
csi300,random-reset,na,na,clean_k50,0.0,0.0,0.0,PDS_pearson_mae_h96_score,0.09010143288895806
csi300,random-reset,na,na,clean_k50,0.0,0.0,0.0,PDS_pearson_mae_h96_raw_corr,-0.09010143288895806
csi300,random-reset,na,na,clean_k50,0.0,0.0,0.0,PDS_pearson_mae_h96_ci_low,0.017175556278139013
csi300,random-reset,na,na,clean_k50,0.0,0.0,0.0,PDS_pearson_mae_h96_ci_high,0.16607563752604165
csi300,random-reset,na,na,clean_k50,0.0,0.0,0.0,PDS_pearson_mae_h96_pvalue,0.04155730723496612
csi300,random-reset,na,na,clean_k50,0.0,0.0,0.0,PDS_pearson_mse_h96_score,0.09548523277378405
csi300,random-reset,na,na,clean_k50,0.0,0.0,0.0,PDS_pearson_mse_h96_raw_corr,-0.09548523277378405
csi300,random-reset,na,na,clean_k50,0.0,0.0,0.0,PDS_pearson_mse_h96_ci_low,0.03273011661639365
csi300,random-reset,na,na,clean_k50,0.0,0.0,0.0,PDS_pearson_mse_h96_ci_high,0.16273059945638346
csi300,random-reset,na,na,clean_k50,0.0,0.0,0.0,PDS_pearson_mse_h96_pvalue,0.030753993953359666
csi300,random-reset,na,na,clean,0.0,0.0,0.0,FSS_spearman_h192_score,-0.009258608005262105
csi300,random-reset,na,na,clean,0.0,0.0,0.0,FSS_spearman_h192_raw_corr,0.009258608005262105
csi300,random-reset,na,na,clean,0.0,0.0,0.0,FSS_spearman_h192_ci_low,-0.022952650269508074
csi300,random-reset,na,na,clean,0.0,0.0,0.0,FSS_spearman_h192_ci_high,0.003902987191264453
csi300,random-reset,na,na,clean,0.0,0.0,0.0,FSS_spearman_h192_pvalue,0.1907396490979365
csi300,random-reset,na,na,clean_k10,0.0,0.0,0.0,PDS_spearman_mae_h192_score,0.08612105320378573
csi300,random-reset,na,na,clean_k10,0.0,0.0,0.0,PDS_spearman_mae_h192_raw_corr,-0.08612105320378573
csi300,random-reset,na,na,clean_k10,0.0,0.0,0.0,PDS_spearman_mae_h192_ci_low,0.007651593357079264
csi300,random-reset,na,na,clean_k10,0.0,0.0,0.0,PDS_spearman_mae_h192_ci_high,0.1767528504408127
csi300,random-reset,na,na,clean_k10,0.0,0.0,0.0,PDS_spearman_mae_h192_pvalue,0.05146839140057393
csi300,random-reset,na,na,clean_k10,0.0,0.0,0.0,PDS_spearman_mse_h192_score,0.08612105320378573
csi300,random-reset,na,na,clean_k10,0.0,0.0,0.0,PDS_spearman_mse_h192_raw_corr,-0.08612105320378573
csi300,random-reset,na,na,clean_k10,0.0,0.0,0.0,PDS_spearman_mse_h192_ci_low,0.007651593357079264
csi300,random-reset,na,na,clean_k10,0.0,0.0,0.0,PDS_spearman_mse_h192_ci_high,0.1767528504408127
csi300,random-reset,na,na,clean_k10,0.0,0.0,0.0,PDS_spearman_mse_h192_pvalue,0.05146839140057393
csi300,random-reset,na,na,clean_k20,0.0,0.0,0.0,PDS_spearman_mae_h192_score,0.10455263801627356
csi300,random-reset,na,na,clean_k20,0.0,0.0,0.0,PDS_spearman_mae_h192_raw_corr,-0.10455263801627356
csi300,random-reset,na,na,clean_k20,0.0,0.0,0.0,PDS_spearman_mae_h192_ci_low,0.006642681557058412
csi300,random-reset,na,na,clean_k20,0.0,0.0,0.0,PDS_spearman_mae_h192_ci_high,0.18715824045306156
csi300,random-reset,na,na,clean_k20,0.0,0.0,0.0,PDS_spearman_mae_h192_pvalue,0.01795898043238755
csi300,random-reset,na,na,clean_k20,0.0,0.0,0.0,PDS_spearman_mse_h192_score,0.10455263801627356
csi300,random-reset,na,na,clean_k20,0.0,0.0,0.0,PDS_spearman_mse_h192_raw_corr,-0.10455263801627356
csi300,random-reset,na,na,clean_k20,0.0,0.0,0.0,PDS_spearman_mse_h192_ci_low,0.006642681557058412
csi300,random-reset,na,na,clean_k20,0.0,0.0,0.0,PDS_spearman_mse_h192_ci_high,0.18715824045306156
csi300,random-reset,na,na,clean_k20,0.0,0.0,0.0,PDS_spearman_mse_h192_pvalue,0.01795898043238755
csi300,random-reset,na,na,clean_k50,0.0,0.0,0.0,PDS_spearman_mae_h192_score,0.10667320055275174
csi300,random-reset,na,na,clean_k50,0.0,0.0,0.0,PDS_spearman_mae_h192_raw_corr,-0.10667320055275174
csi300,random-reset,na,na,clean_k50,0.0,0.0,0.0,PDS_spearman_mae_h192_ci_low,0.0239648896001095
csi300,random-reset,na,na,clean_k50,0.0,0.0,0.0,PDS_spearman_mae_h192_ci_high,0.19266424885664865
csi300,random-reset,na,na,clean_k50,0.0,0.0,0.0,PDS_spearman_mae_h192_pvalue,0.015746751238736482
csi300,random-reset,na,na,clean_k50,0.0,0.0,0.0,PDS_spearman_mse_h192_score,0.10667320055275174
csi300,random-reset,na,na,clean_k50,0.0,0.0,0.0,PDS_spearman_mse_h192_raw_corr,-0.10667320055275174
csi300,random-reset,na,na,clean_k50,0.0,0.0,0.0,PDS_spearman_mse_h192_ci_low,0.0239648896001095
csi300,random-reset,na,na,clean_k50,0.0,0.0,0.0,PDS_spearman_mse_h192_ci_high,0.19266424885664865
csi300,random-reset,na,na,clean_k50,0.0,0.0,0.0,PDS_spearman_mse_h192_pvalue,0.015746751238736482
csi300,random-reset,na,na,clean,0.0,0.0,0.0,FSS_pearson_h192_score,0.0002232816032735458
csi300,random-reset,na,na,clean,0.0,0.0,0.0,FSS_pearson_h192_raw_corr,-0.0002232816032735458
csi300,random-reset,na,na,clean,0.0,0.0,0.0,FSS_pearson_h192_ci_low,-0.01268613323289483
csi300,random-reset,na,na,clean,0.0,0.0,0.0,FSS_pearson_h192_ci_high,0.012671101530148445
csi300,random-reset,na,na,clean,0.0,0.0,0.0,FSS_pearson_h192_pvalue,0.9748287636681117
csi300,random-reset,na,na,clean_k10,0.0,0.0,0.0,PDS_pearson_mae_h192_score,0.08043272164065109
csi300,random-reset,na,na,clean_k10,0.0,0.0,0.0,PDS_pearson_mae_h192_raw_corr,-0.08043272164065109
csi300,random-reset,na,na,clean_k10,0.0,0.0,0.0,PDS_pearson_mae_h192_ci_low,-0.009688275691255011
csi300,random-reset,na,na,clean_k10,0.0,0.0,0.0,PDS_pearson_mae_h192_ci_high,0.18485332135083693
csi300,random-reset,na,na,clean_k10,0.0,0.0,0.0,PDS_pearson_mae_h192_pvalue,0.0689902516620957
csi300,random-reset,na,na,clean_k10,0.0,0.0,0.0,PDS_pearson_mse_h192_score,0.07550142351236765
csi300,random-reset,na,na,clean_k10,0.0,0.0,0.0,PDS_pearson_mse_h192_raw_corr,-0.07550142351236765
csi300,random-reset,na,na,clean_k10,0.0,0.0,0.0,PDS_pearson_mse_h192_ci_low,-0.037634090160460036
csi300,random-reset,na,na,clean_k10,0.0,0.0,0.0,PDS_pearson_mse_h192_ci_high,0.18482321887461414
csi300,random-reset,na,na,clean_k10,0.0,0.0,0.0,PDS_pearson_mse_h192_pvalue,0.08788466262771974
csi300,random-reset,na,na,clean_k20,0.0,0.0,0.0,PDS_pearson_mae_h192_score,0.089003971817175
csi300,random-reset,na,na,clean_k20,0.0,0.0,0.0,PDS_pearson_mae_h192_raw_corr,-0.089003971817175
csi300,random-reset,na,na,clean_k20,0.0,0.0,0.0,PDS_pearson_mae_h192_ci_low,-0.02925482758061538
csi300,random-reset,na,na,clean_k20,0.0,0.0,0.0,PDS_pearson_mae_h192_ci_high,0.19248263923904804
csi300,random-reset,na,na,clean_k20,0.0,0.0,0.0,PDS_pearson_mae_h192_pvalue,0.04411419366532282
csi300,random-reset,na,na,clean_k20,0.0,0.0,0.0,PDS_pearson_mse_h192_score,0.07797087916729065
csi300,random-reset,na,na,clean_k20,0.0,0.0,0.0,PDS_pearson_mse_h192_raw_corr,-0.07797087916729065
csi300,random-reset,na,na,clean_k20,0.0,0.0,0.0,PDS_pearson_mse_h192_ci_low,-0.05918587716076449
csi300,random-reset,na,na,clean_k20,0.0,0.0,0.0,PDS_pearson_mse_h192_ci_high,0.18274137849143518
csi300,random-reset,na,na,clean_k20,0.0,0.0,0.0,PDS_pearson_mse_h192_pvalue,0.07795926472412776
csi300,random-reset,na,na,clean_k50,0.0,0.0,0.0,PDS_pearson_mae_h192_score,0.08552623493568197
csi300,random-reset,na,na,clean_k50,0.0,0.0,0.0,PDS_pearson_mae_h192_raw_corr,-0.08552623493568197
csi300,random-reset,na,na,clean_k50,0.0,0.0,0.0,PDS_pearson_mae_h192_ci_low,-0.014060832978944521
csi300,random-reset,na,na,clean_k50,0.0,0.0,0.0,PDS_pearson_mae_h192_ci_high,0.18465337118428252
csi300,random-reset,na,na,clean_k50,0.0,0.0,0.0,PDS_pearson_mae_h192_pvalue,0.05310664986562295
csi300,random-reset,na,na,clean_k50,0.0,0.0,0.0,PDS_pearson_mse_h192_score,0.07024311919538175
csi300,random-reset,na,na,clean_k50,0.0,0.0,0.0,PDS_pearson_mse_h192_raw_corr,-0.07024311919538175
csi300,random-reset,na,na,clean_k50,0.0,0.0,0.0,PDS_pearson_mse_h192_ci_low,-0.05531265053560664
csi300,random-reset,na,na,clean_k50,0.0,0.0,0.0,PDS_pearson_mse_h192_ci_high,0.17853037762158006
csi300,random-reset,na,na,clean_k50,0.0,0.0,0.0,PDS_pearson_mse_h192_pvalue,0.11240014319482561
csi300,random-reset,na,na,clean,0.0,0.0,0.0,FSS_spearman_h336_score,0.012217693085055032
csi300,random-reset,na,na,clean,0.0,0.0,0.0,FSS_spearman_h336_raw_corr,-0.012217693085055032
csi300,random-reset,na,na,clean,0.0,0.0,0.0,FSS_spearman_h336_ci_low,-0.0013468656800887334
csi300,random-reset,na,na,clean,0.0,0.0,0.0,FSS_spearman_h336_ci_high,0.026804986542300138
csi300,random-reset,na,na,clean,0.0,0.0,0.0,FSS_spearman_h336_pvalue,0.08428810141100579
csi300,random-reset,na,na,clean_k10,0.0,0.0,0.0,PDS_spearman_mae_h336_score,0.1826677138050606
csi300,random-reset,na,na,clean_k10,0.0,0.0,0.0,PDS_spearman_mae_h336_raw_corr,-0.1826677138050606
csi300,random-reset,na,na,clean_k10,0.0,0.0,0.0,PDS_spearman_mae_h336_ci_low,0.10064628875130445
csi300,random-reset,na,na,clean_k10,0.0,0.0,0.0,PDS_spearman_mae_h336_ci_high,0.268225000168673
csi300,random-reset,na,na,clean_k10,0.0,0.0,0.0,PDS_spearman_mae_h336_pvalue,3.207187437688998e-05
csi300,random-reset,na,na,clean_k10,0.0,0.0,0.0,PDS_spearman_mse_h336_score,0.1826677138050606
csi300,random-reset,na,na,clean_k10,0.0,0.0,0.0,PDS_spearman_mse_h336_raw_corr,-0.1826677138050606
csi300,random-reset,na,na,clean_k10,0.0,0.0,0.0,PDS_spearman_mse_h336_ci_low,0.10064628875130445
csi300,random-reset,na,na,clean_k10,0.0,0.0,0.0,PDS_spearman_mse_h336_ci_high,0.268225000168673
csi300,random-reset,na,na,clean_k10,0.0,0.0,0.0,PDS_spearman_mse_h336_pvalue,3.207187437688998e-05
csi300,random-reset,na,na,clean_k20,0.0,0.0,0.0,PDS_spearman_mae_h336_score,0.19654283396848285
csi300,random-reset,na,na,clean_k20,0.0,0.0,0.0,PDS_spearman_mae_h336_raw_corr,-0.19654283396848285
csi300,random-reset,na,na,clean_k20,0.0,0.0,0.0,PDS_spearman_mae_h336_ci_low,0.11247214667656233
csi300,random-reset,na,na,clean_k20,0.0,0.0,0.0,PDS_spearman_mae_h336_ci_high,0.27671075938709333
csi300,random-reset,na,na,clean_k20,0.0,0.0,0.0,PDS_spearman_mae_h336_pvalue,7.458782092353652e-06
csi300,random-reset,na,na,clean_k20,0.0,0.0,0.0,PDS_spearman_mse_h336_score,0.19654283396848285
csi300,random-reset,na,na,clean_k20,0.0,0.0,0.0,PDS_spearman_mse_h336_raw_corr,-0.19654283396848285
csi300,random-reset,na,na,clean_k20,0.0,0.0,0.0,PDS_spearman_mse_h336_ci_low,0.11247214667656233
csi300,random-reset,na,na,clean_k20,0.0,0.0,0.0,PDS_spearman_mse_h336_ci_high,0.27671075938709333
csi300,random-reset,na,na,clean_k20,0.0,0.0,0.0,PDS_spearman_mse_h336_pvalue,7.458782092353652e-06
csi300,random-reset,na,na,clean_k50,0.0,0.0,0.0,PDS_spearman_mae_h336_score,0.19599145909865992
csi300,random-reset,na,na,clean_k50,0.0,0.0,0.0,PDS_spearman_mae_h336_raw_corr,-0.19599145909865992
csi300,random-reset,na,na,clean_k50,0.0,0.0,0.0,PDS_spearman_mae_h336_ci_low,0.1180885973170741
csi300,random-reset,na,na,clean_k50,0.0,0.0,0.0,PDS_spearman_mae_h336_ci_high,0.27739151732166034
csi300,random-reset,na,na,clean_k50,0.0,0.0,0.0,PDS_spearman_mae_h336_pvalue,7.91983312922064e-06
csi300,random-reset,na,na,clean_k50,0.0,0.0,0.0,PDS_spearman_mse_h336_score,0.19599145909865992
csi300,random-reset,na,na,clean_k50,0.0,0.0,0.0,PDS_spearman_mse_h336_raw_corr,-0.19599145909865992
csi300,random-reset,na,na,clean_k50,0.0,0.0,0.0,PDS_spearman_mse_h336_ci_low,0.1180885973170741
csi300,random-reset,na,na,clean_k50,0.0,0.0,0.0,PDS_spearman_mse_h336_ci_high,0.27739151732166034
csi300,random-reset,na,na,clean_k50,0.0,0.0,0.0,PDS_spearman_mse_h336_pvalue,7.91983312922064e-06
csi300,random-reset,na,na,clean,0.0,0.0,0.0,FSS_pearson_h336_score,0.024049830362119485
csi300,random-reset,na,na,clean,0.0,0.0,0.0,FSS_pearson_h336_raw_corr,-0.024049830362119485
csi300,random-reset,na,na,clean,0.0,0.0,0.0,FSS_pearson_h336_ci_low,0.008996801028530598
csi300,random-reset,na,na,clean,0.0,0.0,0.0,FSS_pearson_h336_ci_high,0.03836892715539419
csi300,random-reset,na,na,clean,0.0,0.0,0.0,FSS_pearson_h336_pvalue,0.0006774502937226173
csi300,random-reset,na,na,clean_k10,0.0,0.0,0.0,PDS_pearson_mae_h336_score,0.2110953147461806
csi300,random-reset,na,na,clean_k10,0.0,0.0,0.0,PDS_pearson_mae_h336_raw_corr,-0.2110953147461806
csi300,random-reset,na,na,clean_k10,0.0,0.0,0.0,PDS_pearson_mae_h336_ci_low,0.1448721476002962
csi300,random-reset,na,na,clean_k10,0.0,0.0,0.0,PDS_pearson_mae_h336_ci_high,0.27926096583120685
csi300,random-reset,na,na,clean_k10,0.0,0.0,0.0,PDS_pearson_mae_h336_pvalue,1.4407781113403126e-06
csi300,random-reset,na,na,clean_k10,0.0,0.0,0.0,PDS_pearson_mse_h336_score,0.21566044264966694
csi300,random-reset,na,na,clean_k10,0.0,0.0,0.0,PDS_pearson_mse_h336_raw_corr,-0.21566044264966694
csi300,random-reset,na,na,clean_k10,0.0,0.0,0.0,PDS_pearson_mse_h336_ci_low,0.15982245780855897
csi300,random-reset,na,na,clean_k10,0.0,0.0,0.0,PDS_pearson_mse_h336_ci_high,0.2757486222425717
csi300,random-reset,na,na,clean_k10,0.0,0.0,0.0,PDS_pearson_mse_h336_pvalue,8.393240101260686e-07
csi300,random-reset,na,na,clean_k20,0.0,0.0,0.0,PDS_pearson_mae_h336_score,0.22390445017534796
csi300,random-reset,na,na,clean_k20,0.0,0.0,0.0,PDS_pearson_mae_h336_raw_corr,-0.22390445017534796
csi300,random-reset,na,na,clean_k20,0.0,0.0,0.0,PDS_pearson_mae_h336_ci_low,0.15673182934080812
csi300,random-reset,na,na,clean_k20,0.0,0.0,0.0,PDS_pearson_mae_h336_ci_high,0.29000043953942106
csi300,random-reset,na,na,clean_k20,0.0,0.0,0.0,PDS_pearson_mae_h336_pvalue,3.0694703573193194e-07
csi300,random-reset,na,na,clean_k20,0.0,0.0,0.0,PDS_pearson_mse_h336_score,0.2299831276574543
csi300,random-reset,na,na,clean_k20,0.0,0.0,0.0,PDS_pearson_mse_h336_raw_corr,-0.2299831276574543
csi300,random-reset,na,na,clean_k20,0.0,0.0,0.0,PDS_pearson_mse_h336_ci_low,0.1727245220717262
csi300,random-reset,na,na,clean_k20,0.0,0.0,0.0,PDS_pearson_mse_h336_ci_high,0.28870266897029223
csi300,random-reset,na,na,clean_k20,0.0,0.0,0.0,PDS_pearson_mse_h336_pvalue,1.4257447779659732e-07
csi300,random-reset,na,na,clean_k50,0.0,0.0,0.0,PDS_pearson_mae_h336_score,0.22945692906290616
csi300,random-reset,na,na,clean_k50,0.0,0.0,0.0,PDS_pearson_mae_h336_raw_corr,-0.22945692906290616
csi300,random-reset,na,na,clean_k50,0.0,0.0,0.0,PDS_pearson_mae_h336_ci_low,0.1646350194016424
csi300,random-reset,na,na,clean_k50,0.0,0.0,0.0,PDS_pearson_mae_h336_ci_high,0.2908277433300594
csi300,random-reset,na,na,clean_k50,0.0,0.0,0.0,PDS_pearson_mae_h336_pvalue,1.5248890094421014e-07
csi300,random-reset,na,na,clean_k50,0.0,0.0,0.0,PDS_pearson_mse_h336_score,0.2369208317425192
csi300,random-reset,na,na,clean_k50,0.0,0.0,0.0,PDS_pearson_mse_h336_raw_corr,-0.2369208317425192
csi300,random-reset,na,na,clean_k50,0.0,0.0,0.0,PDS_pearson_mse_h336_ci_low,0.17896903708380263
csi300,random-reset,na,na,clean_k50,0.0,0.0,0.0,PDS_pearson_mse_h336_ci_high,0.2912385432863911
csi300,random-reset,na,na,clean_k50,0.0,0.0,0.0,PDS_pearson_mse_h336_pvalue,5.7878949512945834e-08
csi300,random-reset,na,na,clean,0.0,0.0,0.0,FSS_spearman_h720_score,0.0166700664597583
csi300,random-reset,na,na,clean,0.0,0.0,0.0,FSS_spearman_h720_raw_corr,-0.0166700664597583
csi300,random-reset,na,na,clean,0.0,0.0,0.0,FSS_spearman_h720_ci_low,0.003051407539128622
csi300,random-reset,na,na,clean,0.0,0.0,0.0,FSS_spearman_h720_ci_high,0.029469461003652914
csi300,random-reset,na,na,clean,0.0,0.0,0.0,FSS_spearman_h720_pvalue,0.018497057124178755
csi300,random-reset,na,na,clean_k10,0.0,0.0,0.0,PDS_spearman_mae_h720_score,0.14718937397718038
csi300,random-reset,na,na,clean_k10,0.0,0.0,0.0,PDS_spearman_mae_h720_raw_corr,-0.14718937397718038
csi300,random-reset,na,na,clean_k10,0.0,0.0,0.0,PDS_spearman_mae_h720_ci_low,0.06135409703309891
csi300,random-reset,na,na,clean_k10,0.0,0.0,0.0,PDS_spearman_mae_h720_ci_high,0.22956697589087022
csi300,random-reset,na,na,clean_k10,0.0,0.0,0.0,PDS_spearman_mae_h720_pvalue,0.0008360150858505762
csi300,random-reset,na,na,clean_k10,0.0,0.0,0.0,PDS_spearman_mse_h720_score,0.14718937397718038
csi300,random-reset,na,na,clean_k10,0.0,0.0,0.0,PDS_spearman_mse_h720_raw_corr,-0.14718937397718038
csi300,random-reset,na,na,clean_k10,0.0,0.0,0.0,PDS_spearman_mse_h720_ci_low,0.06135409703309891
csi300,random-reset,na,na,clean_k10,0.0,0.0,0.0,PDS_spearman_mse_h720_ci_high,0.22956697589087022
csi300,random-reset,na,na,clean_k10,0.0,0.0,0.0,PDS_spearman_mse_h720_pvalue,0.0008360150858505762
csi300,random-reset,na,na,clean_k20,0.0,0.0,0.0,PDS_spearman_mae_h720_score,0.15302114447076595
csi300,random-reset,na,na,clean_k20,0.0,0.0,0.0,PDS_spearman_mae_h720_raw_corr,-0.15302114447076595
csi300,random-reset,na,na,clean_k20,0.0,0.0,0.0,PDS_spearman_mae_h720_ci_low,0.07153881752581866
csi300,random-reset,na,na,clean_k20,0.0,0.0,0.0,PDS_spearman_mae_h720_ci_high,0.22851915947511553
csi300,random-reset,na,na,clean_k20,0.0,0.0,0.0,PDS_spearman_mae_h720_pvalue,0.0005118184240151244
csi300,random-reset,na,na,clean_k20,0.0,0.0,0.0,PDS_spearman_mse_h720_score,0.15302114447076595
csi300,random-reset,na,na,clean_k20,0.0,0.0,0.0,PDS_spearman_mse_h720_raw_corr,-0.15302114447076595
csi300,random-reset,na,na,clean_k20,0.0,0.0,0.0,PDS_spearman_mse_h720_ci_low,0.07153881752581866
csi300,random-reset,na,na,clean_k20,0.0,0.0,0.0,PDS_spearman_mse_h720_ci_high,0.22851915947511553
csi300,random-reset,na,na,clean_k20,0.0,0.0,0.0,PDS_spearman_mse_h720_pvalue,0.0005118184240151244
csi300,random-reset,na,na,clean_k50,0.0,0.0,0.0,PDS_spearman_mae_h720_score,0.1541778068172715
csi300,random-reset,na,na,clean_k50,0.0,0.0,0.0,PDS_spearman_mae_h720_raw_corr,-0.1541778068172715
csi300,random-reset,na,na,clean_k50,0.0,0.0,0.0,PDS_spearman_mae_h720_ci_low,0.062402262322192856
csi300,random-reset,na,na,clean_k50,0.0,0.0,0.0,PDS_spearman_mae_h720_ci_high,0.23590080328750154
csi300,random-reset,na,na,clean_k50,0.0,0.0,0.0,PDS_spearman_mae_h720_pvalue,0.00046338696300698035
csi300,random-reset,na,na,clean_k50,0.0,0.0,0.0,PDS_spearman_mse_h720_score,0.1541778068172715
csi300,random-reset,na,na,clean_k50,0.0,0.0,0.0,PDS_spearman_mse_h720_raw_corr,-0.1541778068172715
csi300,random-reset,na,na,clean_k50,0.0,0.0,0.0,PDS_spearman_mse_h720_ci_low,0.062402262322192856
csi300,random-reset,na,na,clean_k50,0.0,0.0,0.0,PDS_spearman_mse_h720_ci_high,0.23590080328750154
csi300,random-reset,na,na,clean_k50,0.0,0.0,0.0,PDS_spearman_mse_h720_pvalue,0.00046338696300698035
csi300,random-reset,na,na,clean,0.0,0.0,0.0,FSS_pearson_h720_score,0.023990781221996504
csi300,random-reset,na,na,clean,0.0,0.0,0.0,FSS_pearson_h720_raw_corr,-0.023990781221996504
csi300,random-reset,na,na,clean,0.0,0.0,0.0,FSS_pearson_h720_ci_low,0.010620602723348747
csi300,random-reset,na,na,clean,0.0,0.0,0.0,FSS_pearson_h720_ci_high,0.0372208201312392
csi300,random-reset,na,na,clean,0.0,0.0,0.0,FSS_pearson_h720_pvalue,0.0006984181214878894
csi300,random-reset,na,na,clean_k10,0.0,0.0,0.0,PDS_pearson_mae_h720_score,0.13752074429764383
csi300,random-reset,na,na,clean_k10,0.0,0.0,0.0,PDS_pearson_mae_h720_raw_corr,-0.13752074429764383
csi300,random-reset,na,na,clean_k10,0.0,0.0,0.0,PDS_pearson_mae_h720_ci_low,0.06090815267457242
csi300,random-reset,na,na,clean_k10,0.0,0.0,0.0,PDS_pearson_mae_h720_ci_high,0.21167577935445583
csi300,random-reset,na,na,clean_k10,0.0,0.0,0.0,PDS_pearson_mae_h720_pvalue,0.001814877108077372
csi300,random-reset,na,na,clean_k10,0.0,0.0,0.0,PDS_pearson_mse_h720_score,0.10796798229399658
csi300,random-reset,na,na,clean_k10,0.0,0.0,0.0,PDS_pearson_mse_h720_raw_corr,-0.10796798229399658
csi300,random-reset,na,na,clean_k10,0.0,0.0,0.0,PDS_pearson_mse_h720_ci_low,0.05103386119717524
csi300,random-reset,na,na,clean_k10,0.0,0.0,0.0,PDS_pearson_mse_h720_ci_high,0.18254745989760549
csi300,random-reset,na,na,clean_k10,0.0,0.0,0.0,PDS_pearson_mse_h720_pvalue,0.014516811085230431
csi300,random-reset,na,na,clean_k20,0.0,0.0,0.0,PDS_pearson_mae_h720_score,0.1432391012820879
csi300,random-reset,na,na,clean_k20,0.0,0.0,0.0,PDS_pearson_mae_h720_raw_corr,-0.1432391012820879
csi300,random-reset,na,na,clean_k20,0.0,0.0,0.0,PDS_pearson_mae_h720_ci_low,0.06937131838520731
csi300,random-reset,na,na,clean_k20,0.0,0.0,0.0,PDS_pearson_mae_h720_ci_high,0.21645908123342547
csi300,random-reset,na,na,clean_k20,0.0,0.0,0.0,PDS_pearson_mae_h720_pvalue,0.0011541190824724732
csi300,random-reset,na,na,clean_k20,0.0,0.0,0.0,PDS_pearson_mse_h720_score,0.11141297653040652
csi300,random-reset,na,na,clean_k20,0.0,0.0,0.0,PDS_pearson_mse_h720_raw_corr,-0.11141297653040652
csi300,random-reset,na,na,clean_k20,0.0,0.0,0.0,PDS_pearson_mse_h720_ci_low,0.05716972914113084
csi300,random-reset,na,na,clean_k20,0.0,0.0,0.0,PDS_pearson_mse_h720_ci_high,0.18783192301659937
csi300,random-reset,na,na,clean_k20,0.0,0.0,0.0,PDS_pearson_mse_h720_pvalue,0.011646285787761525
csi300,random-reset,na,na,clean_k50,0.0,0.0,0.0,PDS_pearson_mae_h720_score,0.14699905327160556
csi300,random-reset,na,na,clean_k50,0.0,0.0,0.0,PDS_pearson_mae_h720_raw_corr,-0.14699905327160556
csi300,random-reset,na,na,clean_k50,0.0,0.0,0.0,PDS_pearson_mae_h720_ci_low,0.06835920451738711
csi300,random-reset,na,na,clean_k50,0.0,0.0,0.0,PDS_pearson_mae_h720_ci_high,0.22725681577309903
csi300,random-reset,na,na,clean_k50,0.0,0.0,0.0,PDS_pearson_mae_h720_pvalue,0.0008492597156691768
csi300,random-reset,na,na,clean_k50,0.0,0.0,0.0,PDS_pearson_mse_h720_score,0.11375537697245774
csi300,random-reset,na,na,clean_k50,0.0,0.0,0.0,PDS_pearson_mse_h720_raw_corr,-0.11375537697245774
csi300,random-reset,na,na,clean_k50,0.0,0.0,0.0,PDS_pearson_mse_h720_ci_low,0.05862497943964331
csi300,random-reset,na,na,clean_k50,0.0,0.0,0.0,PDS_pearson_mse_h720_ci_high,0.19665638051145562
csi300,random-reset,na,na,clean_k50,0.0,0.0,0.0,PDS_pearson_mse_h720_pvalue,0.009993159226354355
csi300,random-reset,na,na,clean,0.0,0.0,0.0,FSS_spearman_havg_score,-0.012316344749220508
csi300,random-reset,na,na,clean,0.0,0.0,0.0,FSS_spearman_havg_raw_corr,0.012316344749220508
csi300,random-reset,na,na,clean,0.0,0.0,0.0,FSS_spearman_havg_ci_low,-0.025438756948469945
csi300,random-reset,na,na,clean,0.0,0.0,0.0,FSS_spearman_havg_ci_high,0.0017050431855801303
csi300,random-reset,na,na,clean,0.0,0.0,0.0,FSS_spearman_havg_pvalue,0.08181160777261925
csi300,random-reset,na,na,clean_k10,0.0,0.0,0.0,PDS_spearman_mae_havg_score,0.370265257178334
csi300,random-reset,na,na,clean_k10,0.0,0.0,0.0,PDS_spearman_mae_havg_raw_corr,-0.370265257178334
csi300,random-reset,na,na,clean_k10,0.0,0.0,0.0,PDS_spearman_mae_havg_ci_low,0.29515991208599746
csi300,random-reset,na,na,clean_k10,0.0,0.0,0.0,PDS_spearman_mae_havg_ci_high,0.44158334296724294
csi300,random-reset,na,na,clean_k10,0.0,0.0,0.0,PDS_spearman_mae_havg_pvalue,4.411955894496936e-18
csi300,random-reset,na,na,clean_k10,0.0,0.0,0.0,PDS_spearman_mse_havg_score,0.3736145443517469
csi300,random-reset,na,na,clean_k10,0.0,0.0,0.0,PDS_spearman_mse_havg_raw_corr,-0.3736145443517469
csi300,random-reset,na,na,clean_k10,0.0,0.0,0.0,PDS_spearman_mse_havg_ci_low,0.2976130090586238
csi300,random-reset,na,na,clean_k10,0.0,0.0,0.0,PDS_spearman_mse_havg_ci_high,0.44410420692440805
csi300,random-reset,na,na,clean_k10,0.0,0.0,0.0,PDS_spearman_mse_havg_pvalue,2.0922189338577135e-18
csi300,random-reset,na,na,clean_k20,0.0,0.0,0.0,PDS_spearman_mae_havg_score,0.372763029148213
csi300,random-reset,na,na,clean_k20,0.0,0.0,0.0,PDS_spearman_mae_havg_raw_corr,-0.372763029148213
csi300,random-reset,na,na,clean_k20,0.0,0.0,0.0,PDS_spearman_mae_havg_ci_low,0.29307940905910257
csi300,random-reset,na,na,clean_k20,0.0,0.0,0.0,PDS_spearman_mae_havg_ci_high,0.45081679719348244
csi300,random-reset,na,na,clean_k20,0.0,0.0,0.0,PDS_spearman_mae_havg_pvalue,2.5313054805707883e-18
csi300,random-reset,na,na,clean_k20,0.0,0.0,0.0,PDS_spearman_mse_havg_score,0.3762318538927226
csi300,random-reset,na,na,clean_k20,0.0,0.0,0.0,PDS_spearman_mse_havg_raw_corr,-0.3762318538927226
csi300,random-reset,na,na,clean_k20,0.0,0.0,0.0,PDS_spearman_mse_havg_ci_low,0.2949081256698466
csi300,random-reset,na,na,clean_k20,0.0,0.0,0.0,PDS_spearman_mse_havg_ci_high,0.45433587591792
csi300,random-reset,na,na,clean_k20,0.0,0.0,0.0,PDS_spearman_mse_havg_pvalue,1.160805528241586e-18
csi300,random-reset,na,na,clean_k50,0.0,0.0,0.0,PDS_spearman_mae_havg_score,0.363047494592646
csi300,random-reset,na,na,clean_k50,0.0,0.0,0.0,PDS_spearman_mae_havg_raw_corr,-0.363047494592646
csi300,random-reset,na,na,clean_k50,0.0,0.0,0.0,PDS_spearman_mae_havg_ci_low,0.2839614743170635
csi300,random-reset,na,na,clean_k50,0.0,0.0,0.0,PDS_spearman_mae_havg_ci_high,0.44039792930126076
csi300,random-reset,na,na,clean_k50,0.0,0.0,0.0,PDS_spearman_mae_havg_pvalue,2.1387488302868182e-17
csi300,random-reset,na,na,clean_k50,0.0,0.0,0.0,PDS_spearman_mse_havg_score,0.3669854394834117
csi300,random-reset,na,na,clean_k50,0.0,0.0,0.0,PDS_spearman_mse_havg_raw_corr,-0.3669854394834117
csi300,random-reset,na,na,clean_k50,0.0,0.0,0.0,PDS_spearman_mse_havg_ci_low,0.2896466845957689
csi300,random-reset,na,na,clean_k50,0.0,0.0,0.0,PDS_spearman_mse_havg_ci_high,0.4447774455586549
csi300,random-reset,na,na,clean_k50,0.0,0.0,0.0,PDS_spearman_mse_havg_pvalue,9.084246057837977e-18
csi300,random-reset,na,na,clean,0.0,0.0,0.0,FSS_pearson_havg_score,-0.012263135666503078
csi300,random-reset,na,na,clean,0.0,0.0,0.0,FSS_pearson_havg_raw_corr,0.012263135666503078
csi300,random-reset,na,na,clean,0.0,0.0,0.0,FSS_pearson_havg_ci_low,-0.025056351546308666
csi300,random-reset,na,na,clean,0.0,0.0,0.0,FSS_pearson_havg_ci_high,0.002363214267425914
csi300,random-reset,na,na,clean,0.0,0.0,0.0,FSS_pearson_havg_pvalue,0.08313990306213934
csi300,random-reset,na,na,clean_k10,0.0,0.0,0.0,PDS_pearson_mae_havg_score,0.3608047219454331
csi300,random-reset,na,na,clean_k10,0.0,0.0,0.0,PDS_pearson_mae_havg_raw_corr,-0.3608047219454331
csi300,random-reset,na,na,clean_k10,0.0,0.0,0.0,PDS_pearson_mae_havg_ci_low,0.2995346713735488
csi300,random-reset,na,na,clean_k10,0.0,0.0,0.0,PDS_pearson_mae_havg_ci_high,0.4184449743652105
csi300,random-reset,na,na,clean_k10,0.0,0.0,0.0,PDS_pearson_mae_havg_pvalue,3.4646851494248136e-17
csi300,random-reset,na,na,clean_k10,0.0,0.0,0.0,PDS_pearson_mse_havg_score,0.3371871162531845
csi300,random-reset,na,na,clean_k10,0.0,0.0,0.0,PDS_pearson_mse_havg_raw_corr,-0.3371871162531845
csi300,random-reset,na,na,clean_k10,0.0,0.0,0.0,PDS_pearson_mse_havg_ci_low,0.2763539113499099
csi300,random-reset,na,na,clean_k10,0.0,0.0,0.0,PDS_pearson_mse_havg_ci_high,0.3851074295769583
csi300,random-reset,na,na,clean_k10,0.0,0.0,0.0,PDS_pearson_mse_havg_pvalue,4.440064843525317e-15
csi300,random-reset,na,na,clean_k20,0.0,0.0,0.0,PDS_pearson_mae_havg_score,0.36863137661013184
csi300,random-reset,na,na,clean_k20,0.0,0.0,0.0,PDS_pearson_mae_havg_raw_corr,-0.36863137661013184
csi300,random-reset,na,na,clean_k20,0.0,0.0,0.0,PDS_pearson_mae_havg_ci_low,0.3032388295696565
csi300,random-reset,na,na,clean_k20,0.0,0.0,0.0,PDS_pearson_mae_havg_ci_high,0.42489791540662747
csi300,random-reset,na,na,clean_k20,0.0,0.0,0.0,PDS_pearson_mae_havg_pvalue,6.328963902038131e-18
csi300,random-reset,na,na,clean_k20,0.0,0.0,0.0,PDS_pearson_mse_havg_score,0.34624551871082276
csi300,random-reset,na,na,clean_k20,0.0,0.0,0.0,PDS_pearson_mse_havg_raw_corr,-0.34624551871082276
csi300,random-reset,na,na,clean_k20,0.0,0.0,0.0,PDS_pearson_mse_havg_ci_low,0.28694062075933313
csi300,random-reset,na,na,clean_k20,0.0,0.0,0.0,PDS_pearson_mse_havg_ci_high,0.39963718245870067
csi300,random-reset,na,na,clean_k20,0.0,0.0,0.0,PDS_pearson_mse_havg_pvalue,7.243875064232631e-16
csi300,random-reset,na,na,clean_k50,0.0,0.0,0.0,PDS_pearson_mae_havg_score,0.3665420883145838
csi300,random-reset,na,na,clean_k50,0.0,0.0,0.0,PDS_pearson_mae_havg_raw_corr,-0.3665420883145838
csi300,random-reset,na,na,clean_k50,0.0,0.0,0.0,PDS_pearson_mae_havg_ci_low,0.30344992678875216
csi300,random-reset,na,na,clean_k50,0.0,0.0,0.0,PDS_pearson_mae_havg_ci_high,0.42857053555911895
csi300,random-reset,na,na,clean_k50,0.0,0.0,0.0,PDS_pearson_mae_havg_pvalue,1.0009503951674267e-17
csi300,random-reset,na,na,clean_k50,0.0,0.0,0.0,PDS_pearson_mse_havg_score,0.3449038362521048
csi300,random-reset,na,na,clean_k50,0.0,0.0,0.0,PDS_pearson_mse_havg_raw_corr,-0.3449038362521048
csi300,random-reset,na,na,clean_k50,0.0,0.0,0.0,PDS_pearson_mse_havg_ci_low,0.2863228345708639
csi300,random-reset,na,na,clean_k50,0.0,0.0,0.0,PDS_pearson_mse_havg_ci_high,0.400879745477371
csi300,random-reset,na,na,clean_k50,0.0,0.0,0.0,PDS_pearson_mse_havg_pvalue,9.511017613505446e-16
csi300,random-reset,na,na,clean,0.0,0.0,0.0,LLS_k10,0.27292862121758066
csi300,random-reset,na,na,clean,0.0,0.0,0.0,LLS_k20,0.20674280329749745
csi300,random-reset,na,na,clean,0.0,0.0,0.0,LLS_k50,0.16592975109534144
csi300,random-reset,na,na,clean,0.0,0.0,0.0,LLS_avgk,0.21520039187013984
csi300,random-reset,na,q0.95,clean,0.0,0.0,0.0,MCS_k10,1.0
csi300,random-reset,na,q0.95,clean,0.0,0.0,0.0,MCS_k20,1.0
csi300,random-reset,na,q0.95,clean,0.0,0.0,0.0,MCS_k50,1.0
csi300,random-reset,na,na,clean,0.0,0.0,0.0,CSS_seasonality_bal_acc,0.5631598793363499
csi300,random-reset,na,na,clean,0.0,0.0,0.0,CSS_seasonality_margin,0.6495316650151761
csi300,random-reset,na,na,clean,0.0,0.0,0.0,CSS_seasonality_pvalue,0.09523809523809523
csi300,random-reset,na,na,clean,0.0,0.0,0.0,CSS_trend_bal_acc,0.5641025641025641
csi300,random-reset,na,na,clean,0.0,0.0,0.0,CSS_trend_margin,0.6236357057240912
csi300,random-reset,na,na,clean,0.0,0.0,0.0,CSS_trend_pvalue,0.14285714285714285
csi300,random-reset,na,na,clean,0.0,0.0,0.0,CSS_volatility_bal_acc,0.5049019607843137
csi300,random-reset,na,na,clean,0.0,0.0,0.0,CSS_volatility_margin,0.5889013508204753
csi300,random-reset,na,na,clean,0.0,0.0,0.0,CSS_volatility_pvalue,0.3333333333333333
csi300,random-reset,na,na,clean,0.0,0.0,0.0,TCS_scale,1.0
csi300,random-reset,na,na,clean,0.0,0.0,0.0,TCS_shift,1.0
csi300,random-reset,na,na,clean,0.0,0.0,0.0,TCS_resample,0.9994615316390991
csi300,random-reset,na,na,clean,0.0,0.0,0.0,TCS_avg,0.9998205105463663
