dataset,weight_mode,label_mode,metric,best,median,mean,worst,delta_pretrained_minus_random
weather,pretrained,na,CSS_seasonality_bal_acc,0.7177601809954751,0.7177601809954751,0.7177601809954751,0.7177601809954751,0.0590120663650075
weather,random-reset,na,CSS_seasonality_bal_acc,0.6587481146304676,0.6587481146304676,0.6587481146304676,0.6587481146304676,0.0590120663650075
weather,pretrained,na,CSS_seasonality_margin,0.7364069110608482,0.7364069110608482,0.7364069110608482,0.7364069110608482,0.0642796163708036
weather,random-reset,na,CSS_seasonality_margin,0.6721272946900446,0.6721272946900446,0.6721272946900446,0.6721272946900446,0.0642796163708036
weather,pretrained,na,CSS_seasonality_pvalue,0.0163934426229508,0.0163934426229508,0.0163934426229508,0.0163934426229508,0.0
weather,random-reset,na,CSS_seasonality_pvalue,0.0163934426229508,0.0163934426229508,0.0163934426229508,0.0163934426229508,0.0
weather,pretrained,na,CSS_trend_bal_acc,0.8065610859728507,0.8065610859728507,0.8065610859728507,0.8065610859728507,-0.028657616892911
weather,random-reset,na,CSS_trend_bal_acc,0.8352187028657617,0.8352187028657617,0.8352187028657617,0.8352187028657617,-0.028657616892911
weather,pretrained,na,CSS_trend_margin,0.761419196540909,0.761419196540909,0.761419196540909,0.761419196540909,0.0200054265691612
weather,random-reset,na,CSS_trend_margin,0.7414137699717477,0.7414137699717477,0.7414137699717477,0.7414137699717477,0.0200054265691612
weather,pretrained,na,CSS_trend_pvalue,0.0163934426229508,0.0163934426229508,0.0163934426229508,0.0163934426229508,0.0
weather,random-reset,na,CSS_trend_pvalue,0.0163934426229508,0.0163934426229508,0.0163934426229508,0.0163934426229508,0.0
weather,pretrained,na,CSS_volatility_bal_acc,0.7083333333333333,0.7083333333333333,0.7083333333333333,0.7083333333333333,0.1072775263951734
weather,random-reset,na,CSS_volatility_bal_acc,0.6010558069381599,0.6010558069381599,0.6010558069381599,0.6010558069381599,0.1072775263951734
weather,pretrained,na,CSS_volatility_margin,0.7081080107804223,0.7081080107804223,0.7081080107804223,0.7081080107804223,0.0616913425410933
weather,random-reset,na,CSS_volatility_margin,0.646416668239329,0.646416668239329,0.646416668239329,0.646416668239329,0.0616913425410933
weather,pretrained,na,CSS_volatility_pvalue,0.0163934426229508,0.0163934426229508,0.0163934426229508,0.0163934426229508,-0.0163934426229508
weather,random-reset,na,CSS_volatility_pvalue,0.0327868852459016,0.0327868852459016,0.0327868852459016,0.0327868852459016,-0.0163934426229508
weather,pretrained,na,FSS_pearson_h192_score,-0.0317711193244556,-0.0317711193244556,-0.0317711193244556,-0.0317711193244556,-0.01843742244107
weather,random-reset,na,FSS_pearson_h192_score,-0.0133336968833856,-0.0133336968833856,-0.0133336968833856,-0.0133336968833856,-0.01843742244107
weather,pretrained,na,FSS_pearson_h336_score,-0.0163576177443071,-0.0163576177443071,-0.0163576177443071,-0.0163576177443071,-0.0235998443137959
weather,random-reset,na,FSS_pearson_h336_score,0.0072422265694888,0.0072422265694888,0.0072422265694888,0.0072422265694888,-0.0235998443137959
weather,pretrained,na,FSS_pearson_h720_score,-0.0812824456936256,-0.0812824456936256,-0.0812824456936256,-0.0812824456936256,-0.0851550902678922
weather,random-reset,na,FSS_pearson_h720_score,0.0038726445742666,0.0038726445742666,0.0038726445742666,0.0038726445742666,-0.0851550902678922
weather,pretrained,na,FSS_pearson_h96_score,-0.0272286245419578,-0.0272286245419578,-0.0272286245419578,-0.0272286245419578,0.0239246415556373
weather,random-reset,na,FSS_pearson_h96_score,-0.0511532660975952,-0.0511532660975952,-0.0511532660975952,-0.0511532660975952,0.0239246415556373
weather,pretrained,na,FSS_pearson_havg_score,-0.031139884796251,-0.031139884796251,-0.031139884796251,-0.031139884796251,-0.0258965410830852
weather,random-reset,na,FSS_pearson_havg_score,-0.0052433437131657,-0.0052433437131657,-0.0052433437131657,-0.0052433437131657,-0.0258965410830852
weather,pretrained,na,FSS_spearman_h192_score,-0.0662120992107405,-0.0662120992107405,-0.0662120992107405,-0.0662120992107405,0.0285397788376003
weather,random-reset,na,FSS_spearman_h192_score,-0.0947518780483409,-0.0947518780483409,-0.0947518780483409,-0.0947518780483409,0.0285397788376003
weather,pretrained,na,FSS_spearman_h336_score,-0.0603602686363586,-0.0603602686363586,-0.0603602686363586,-0.0603602686363586,0.0171607650387995
weather,random-reset,na,FSS_spearman_h336_score,-0.0775210336751582,-0.0775210336751582,-0.0775210336751582,-0.0775210336751582,0.0171607650387995
weather,pretrained,na,FSS_spearman_h720_score,-0.1303715729481545,-0.1303715729481545,-0.1303715729481545,-0.1303715729481545,-0.0426123418888124
weather,random-reset,na,FSS_spearman_h720_score,-0.0877592310593421,-0.0877592310593421,-0.0877592310593421,-0.0877592310593421,-0.0426123418888124
weather,pretrained,na,FSS_spearman_h96_score,-0.0833408130366866,-0.0833408130366866,-0.0833408130366866,-0.0833408130366866,-0.0038450836665376
weather,random-reset,na,FSS_spearman_h96_score,-0.0794957293701489,-0.0794957293701489,-0.0794957293701489,-0.0794957293701489,-0.0038450836665376
weather,pretrained,na,FSS_spearman_havg_score,-0.0876294589035489,-0.0876294589035489,-0.0876294589035489,-0.0876294589035489,0.0131533312232733
weather,random-reset,na,FSS_spearman_havg_score,-0.1007827901268222,-0.1007827901268222,-0.1007827901268222,-0.1007827901268222,0.0131533312232733
weather,pretrained,na,LLS_avgk,0.2872681795991098,0.2872681795991098,0.2872681795991098,0.2872681795991098,-0.1080461142047085
weather,random-reset,na,LLS_avgk,0.3953142938038183,0.3953142938038183,0.3953142938038183,0.3953142938038183,-0.1080461142047085
weather,pretrained,na,LLS_k10,0.3003325493583396,0.3003325493583396,0.3003325493583396,0.3003325493583396,-0.0956052078489638
weather,random-reset,na,LLS_k10,0.3959377572073034,0.3959377572073034,0.3959377572073034,0.3959377572073034,-0.0956052078489638
weather,pretrained,na,LLS_k20,0.2566018215258431,0.2566018215258431,0.2566018215258431,0.2566018215258431,-0.1054260718833924
weather,random-reset,na,LLS_k20,0.3620278934092355,0.3620278934092355,0.3620278934092355,0.3620278934092355,-0.1054260718833924
weather,pretrained,na,LLS_k50,0.3048701679131466,0.3048701679131466,0.3048701679131466,0.3048701679131466,-0.1231070628817692
weather,random-reset,na,LLS_k50,0.4279772307949158,0.4279772307949158,0.4279772307949158,0.4279772307949158,-0.1231070628817692
weather,pretrained,na,LTC_dir,-0.3918085396289825,-0.3918085396289825,-0.3918085396289825,-0.3918085396289825,-0.0076784789562224
weather,random-reset,na,LTC_dir,-0.38413006067276,-0.38413006067276,-0.38413006067276,-0.38413006067276,-0.0076784789562224
weather,pretrained,na,LTC_step,5.10177755355835,5.10177755355835,5.10177755355835,5.10177755355835,1.5837111473083496
weather,random-reset,na,LTC_step,3.51806640625,3.51806640625,3.51806640625,3.51806640625,1.5837111473083496
weather,pretrained,na,MCS_k10,0.9902912621359224,0.9902912621359224,0.9902912621359224,0.9902912621359224,0.0776699029126214
weather,random-reset,na,MCS_k10,0.912621359223301,0.912621359223301,0.912621359223301,0.912621359223301,0.0776699029126214
weather,pretrained,na,MCS_k20,0.9902912621359224,0.9902912621359224,0.9902912621359224,0.9902912621359224,0.0388349514563108
weather,random-reset,na,MCS_k20,0.9514563106796116,0.9514563106796116,0.9514563106796116,0.9514563106796116,0.0388349514563108
weather,pretrained,na,MCS_k50,0.9902912621359224,0.9902912621359224,0.9902912621359224,0.9902912621359224,0.0097087378640776
weather,random-reset,na,MCS_k50,0.9805825242718448,0.9805825242718448,0.9805825242718448,0.9805825242718448,0.0097087378640776
weather,pretrained,na,PDS_pearson_mae_h192_score,0.008495106857068,0.0049510626251329,0.0055772338456656,0.0032855320547959,0.0335649397569806
weather,random-reset,na,PDS_pearson_mae_h192_score,-0.0270451004109704,-0.0286138771318477,-0.0282248486112272,-0.0290155682908634,0.0335649397569806
weather,pretrained,na,PDS_pearson_mae_h336_score,-0.0653314439421697,-0.0684423195746261,-0.0679300304172075,-0.0700163277348269,-0.059724972167881
weather,random-reset,na,PDS_pearson_mae_h336_score,-0.0056412689906876,-0.0087173474067451,-0.0083206650310748,-0.0106033786957916,-0.059724972167881
weather,pretrained,na,PDS_pearson_mae_h720_score,-0.0949740791397128,-0.096873789320411,-0.0974128741999705,-0.1003907541397875,-0.0335395144497532
weather,random-reset,na,PDS_pearson_mae_h720_score,-0.0593625212600606,-0.0633342748706578,-0.0630062948152043,-0.0663220883148944,-0.0335395144497532
weather,pretrained,na,PDS_pearson_mae_h96_score,-0.0337477285458059,-0.038164173956099,-0.0371022539610544,-0.0393948593812584,0.0477447069535936
weather,random-reset,na,PDS_pearson_mae_h96_score,-0.0818205205457285,-0.0859088809096926,-0.085088343582628,-0.0875356292924631,0.0477447069535936
weather,pretrained,na,PDS_pearson_mae_havg_score,-0.102827204591198,-0.1068907660941684,-0.1071438030329898,-0.111713438413603,-0.0540173929439706
weather,random-reset,na,PDS_pearson_mae_havg_score,-0.052868963366182,-0.0528733731501977,-0.0533081848904413,-0.0541822181549441,-0.0540173929439706
weather,pretrained,na,PDS_pearson_mse_h192_score,0.0282677474794474,0.0277505226971316,0.0278945692389718,0.0276654375403365,0.0329859249584102
weather,random-reset,na,PDS_pearson_mse_h192_score,-0.0044728795246809,-0.0052354022612786,-0.0050594879223838,-0.0054701819811919,0.0329859249584102
weather,pretrained,na,PDS_pearson_mse_h336_score,-0.0073069214489052,-0.0080876726455318,-0.0078346117395073,-0.0081092411240851,-0.0096897232531055
weather,random-reset,na,PDS_pearson_mse_h336_score,0.0028996085286936,0.0016020506075737,0.0018935685635088,0.0011790465542592,-0.0096897232531055
weather,pretrained,na,PDS_pearson_mse_h720_score,-0.0033814821575422,-0.0038398978146321,-0.0044038880364361,-0.005990284137134,0.0104479023540723
weather,random-reset,na,PDS_pearson_mse_h720_score,-0.0126939667860981,-0.0142878001687044,-0.0143003103037998,-0.015919163956597,0.0104479023540723
weather,pretrained,na,PDS_pearson_mse_h96_score,-0.0134675676793001,-0.017473507762853,-0.0169000792647291,-0.0197591623520341,0.0609591286716021
weather,random-reset,na,PDS_pearson_mse_h96_score,-0.0743805874164116,-0.0784326364344552,-0.077823455176716,-0.0806571416792814,0.0609591286716021
weather,pretrained,na,PDS_pearson_mse_havg_score,-0.0055176595750179,-0.0057192637353985,-0.0061190345628305,-0.0071201803780752,0.0785711685269429
weather,random-reset,na,PDS_pearson_mse_havg_score,-0.0799816303449317,-0.0842904322623414,-0.0836584804713484,-0.086703378806772,0.0785711685269429
weather,pretrained,na,PDS_spearman_mae_h192_score,-0.0907257806178935,-0.0942572648767045,-0.0989661789049869,-0.1119154912203627,0.053111313838607
weather,random-reset,na,PDS_spearman_mae_h192_score,-0.1384824411965982,-0.1473685787153116,-0.1497743949124636,-0.163472164825481,0.053111313838607
weather,pretrained,na,PDS_spearman_mae_h336_score,-0.0709167755742507,-0.0742863577705067,-0.0799507490888728,-0.0946491139218609,-0.0174802893626569
weather,random-reset,na,PDS_spearman_mae_h336_score,-0.044309490905334,-0.0568060684078497,-0.057991789292726,-0.0728598085649943,-0.0174802893626569
weather,pretrained,na,PDS_spearman_mae_h720_score,-0.2729567800092003,-0.2789852209620956,-0.2841394913182151,-0.3004764729833495,-0.0219939211498164
weather,random-reset,na,PDS_spearman_mae_h720_score,-0.2411342379672469,-0.2569912998122792,-0.2562045912040414,-0.2704882358325982,-0.0219939211498164
weather,pretrained,na,PDS_spearman_mae_h96_score,-0.19268617001052,-0.2038424276680844,-0.2049665435730675,-0.218371033040598,-0.0292166418665461
weather,random-reset,na,PDS_spearman_mae_h96_score,-0.165796711709713,-0.1746257858015383,-0.1735369426875852,-0.1801883305515043,-0.0292166418665461
weather,pretrained,na,PDS_spearman_mae_havg_score,-0.1084253927023724,-0.1141587571256789,-0.12286070082487,-0.1459979526465588,-0.0123729405384079
weather,random-reset,na,PDS_spearman_mae_havg_score,-0.0914376603937288,-0.1017858165872709,-0.102156438075245,-0.1132458372447351,-0.0123729405384079
weather,pretrained,na,PDS_spearman_mse_h192_score,-0.0907257806178935,-0.0942572648767045,-0.0989661789049869,-0.1119154912203627,0.053111313838607
weather,random-reset,na,PDS_spearman_mse_h192_score,-0.1384824411965982,-0.1473685787153116,-0.1497743949124636,-0.163472164825481,0.053111313838607
weather,pretrained,na,PDS_spearman_mse_h336_score,-0.0709167755742507,-0.0742863577705067,-0.0799507490888728,-0.0946491139218609,-0.0174802893626569
weather,random-reset,na,PDS_spearman_mse_h336_score,-0.044309490905334,-0.0568060684078497,-0.057991789292726,-0.0728598085649943,-0.0174802893626569
weather,pretrained,na,PDS_spearman_mse_h720_score,-0.2729567800092003,-0.2789852209620956,-0.2841394913182151,-0.3004764729833495,-0.0219939211498164
weather,random-reset,na,PDS_spearman_mse_h720_score,-0.2411342379672469,-0.2569912998122792,-0.2562045912040414,-0.2704882358325982,-0.0219939211498164
weather,pretrained,na,PDS_spearman_mse_h96_score,-0.19268617001052,-0.2038424276680844,-0.2049665435730675,-0.218371033040598,-0.0292166418665461
weather,random-reset,na,PDS_spearman_mse_h96_score,-0.165796711709713,-0.1746257858015383,-0.1735369426875852,-0.1801883305515043,-0.0292166418665461
weather,pretrained,na,PDS_spearman_mse_havg_score,0.0376818942344807,0.03393140860572,0.0256757491903981,0.0054139447309936,0.0356890881672918
weather,random-reset,na,PDS_spearman_mse_havg_score,0.0073224574581052,-0.0017576795615719,-0.0013230817453166,-0.0095340231324832,0.0356890881672918
weather,pretrained,na,TCS_avg,0.9990716576576232,0.9990716576576232,0.9990716576576232,0.9990716576576232,-0.0002889235814413
weather,random-reset,na,TCS_avg,0.9993605812390646,0.9993605812390646,0.9993605812390646,0.9993605812390646,-0.0002889235814413
weather,pretrained,na,TCS_resample,0.997215449810028,0.997215449810028,0.997215449810028,0.997215449810028,-0.0008662939071656
weather,random-reset,na,TCS_resample,0.9980817437171936,0.9980817437171936,0.9980817437171936,0.9980817437171936,-0.0008662939071656
weather,pretrained,na,TCS_scale,0.9999995231628418,0.9999995231628418,0.9999995231628418,0.9999995231628418,-4.76837158203125e-07
weather,random-reset,na,TCS_scale,1.0,1.0,1.0,1.0,-4.76837158203125e-07
weather,pretrained,na,TCS_shift,1.0,1.0,1.0,1.0,0.0
weather,random-reset,na,TCS_shift,1.0,1.0,1.0,1.0,0.0
ett,pretrained,na,CSS_seasonality_bal_acc,0.7758295625942685,0.7758295625942685,0.7758295625942685,0.7758295625942685,0.0476998491704374
ett,random-reset,na,CSS_seasonality_bal_acc,0.728129713423831,0.728129713423831,0.728129713423831,0.728129713423831,0.0476998491704374
ett,pretrained,na,CSS_seasonality_margin,0.7167237528720484,0.7167237528720484,0.7167237528720484,0.7167237528720484,0.0455945253648304
ett,random-reset,na,CSS_seasonality_margin,0.6711292275072179,0.6711292275072179,0.6711292275072179,0.6711292275072179,0.0455945253648304
ett,pretrained,na,CSS_seasonality_pvalue,0.0163934426229508,0.0163934426229508,0.0163934426229508,0.0163934426229508,0.0
ett,random-reset,na,CSS_seasonality_pvalue,0.0163934426229508,0.0163934426229508,0.0163934426229508,0.0163934426229508,0.0
ett,pretrained,na,CSS_trend_bal_acc,0.7181372549019608,0.7181372549019608,0.7181372549019608,0.7181372549019608,-0.0292232277526395
ett,random-reset,na,CSS_trend_bal_acc,0.7473604826546003,0.7473604826546003,0.7473604826546003,0.7473604826546003,-0.0292232277526395
ett,pretrained,na,CSS_trend_margin,0.6594670391141431,0.6594670391141431,0.6594670391141431,0.6594670391141431,-0.037137934899884
ett,random-reset,na,CSS_trend_margin,0.6966049740140271,0.6966049740140271,0.6966049740140271,0.6966049740140271,-0.037137934899884
ett,pretrained,na,CSS_trend_pvalue,0.0163934426229508,0.0163934426229508,0.0163934426229508,0.0163934426229508,0.0
ett,random-reset,na,CSS_trend_pvalue,0.0163934426229508,0.0163934426229508,0.0163934426229508,0.0163934426229508,0.0
ett,pretrained,na,CSS_volatility_bal_acc,0.6798642533936652,0.6798642533936652,0.6798642533936652,0.6798642533936652,0.0297888386123681
ett,random-reset,na,CSS_volatility_bal_acc,0.650075414781297,0.650075414781297,0.650075414781297,0.650075414781297,0.0297888386123681
ett,pretrained,na,CSS_volatility_margin,0.7154274615348941,0.7154274615348941,0.7154274615348941,0.7154274615348941,0.0869884504852936
ett,random-reset,na,CSS_volatility_margin,0.6284390110496004,0.6284390110496004,0.6284390110496004,0.6284390110496004,0.0869884504852936
ett,pretrained,na,CSS_volatility_pvalue,0.0163934426229508,0.0163934426229508,0.0163934426229508,0.0163934426229508,0.0
ett,random-reset,na,CSS_volatility_pvalue,0.0163934426229508,0.0163934426229508,0.0163934426229508,0.0163934426229508,0.0
ett,pretrained,na,FSS_pearson_h192_score,0.0136416971576003,0.0136416971576003,0.0136416971576003,0.0136416971576003,0.0113450828693482
ett,random-reset,na,FSS_pearson_h192_score,0.0022966142882521,0.0022966142882521,0.0022966142882521,0.0022966142882521,0.0113450828693482
ett,pretrained,na,FSS_pearson_h336_score,-6.428747967386845e-05,-6.428747967386845e-05,-6.428747967386845e-05,-6.428747967386845e-05,-0.0240709582131128
ett,random-reset,na,FSS_pearson_h336_score,0.024006670733439,0.024006670733439,0.024006670733439,0.024006670733439,-0.0240709582131128
ett,pretrained,na,FSS_pearson_h720_score,0.0178044361903529,0.0178044361903529,0.0178044361903529,0.0178044361903529,0.0051824186933146
ett,random-reset,na,FSS_pearson_h720_score,0.0126220174970383,0.0126220174970383,0.0126220174970383,0.0126220174970383,0.0051824186933146
ett,pretrained,na,FSS_pearson_h96_score,0.0067982378409622,0.0067982378409622,0.0067982378409622,0.0067982378409622,-0.003267569511004
ett,random-reset,na,FSS_pearson_h96_score,0.0100658073519662,0.0100658073519662,0.0100658073519662,0.0100658073519662,-0.003267569511004
ett,pretrained,na,FSS_pearson_havg_score,0.0199095761659323,0.0199095761659323,0.0199095761659323,0.0199095761659323,0.0153388226097116
ett,random-reset,na,FSS_pearson_havg_score,0.0045707535562207,0.0045707535562207,0.0045707535562207,0.0045707535562207,0.0153388226097116
ett,pretrained,na,FSS_spearman_h192_score,0.0101562124544735,0.0101562124544735,0.0101562124544735,0.0101562124544735,0.003600215129113
ett,random-reset,na,FSS_spearman_h192_score,0.0065559973253605,0.0065559973253605,0.0065559973253605,0.0065559973253605,0.003600215129113
ett,pretrained,na,FSS_spearman_h336_score,-0.004653533219598,-0.004653533219598,-0.004653533219598,-0.004653533219598,-0.0303172431948658
ett,random-reset,na,FSS_spearman_h336_score,0.0256637099752678,0.0256637099752678,0.0256637099752678,0.0256637099752678,-0.0303172431948658
ett,pretrained,na,FSS_spearman_h720_score,0.0091254037603518,0.0091254037603518,0.0091254037603518,0.0091254037603518,-0.0081410045893074
ett,random-reset,na,FSS_spearman_h720_score,0.0172664083496593,0.0172664083496593,0.0172664083496593,0.0172664083496593,-0.0081410045893074
ett,pretrained,na,FSS_spearman_h96_score,0.0030203711591463,0.0030203711591463,0.0030203711591463,0.0030203711591463,-0.0102702867805116
ett,random-reset,na,FSS_spearman_h96_score,0.0132906579396579,0.0132906579396579,0.0132906579396579,0.0132906579396579,-0.0102702867805116
ett,pretrained,na,FSS_spearman_havg_score,0.0124734045651682,0.0124734045651682,0.0124734045651682,0.0124734045651682,0.0032707380658269
ett,random-reset,na,FSS_spearman_havg_score,0.0092026664993412,0.0092026664993412,0.0092026664993412,0.0092026664993412,0.0032707380658269
ett,pretrained,na,LLS_avgk,0.2504028918684715,0.2504028918684715,0.2504028918684715,0.2504028918684715,-0.0421661984810415
ett,random-reset,na,LLS_avgk,0.292569090349513,0.292569090349513,0.292569090349513,0.292569090349513,-0.0421661984810415
ett,pretrained,na,LLS_k10,0.2960676288231336,0.2960676288231336,0.2960676288231336,0.2960676288231336,-0.0419982396618069
ett,random-reset,na,LLS_k10,0.3380658684849406,0.3380658684849406,0.3380658684849406,0.3380658684849406,-0.0419982396618069
ett,pretrained,na,LLS_k20,0.2377933789205004,0.2377933789205004,0.2377933789205004,0.2377933789205004,-0.0439575911379306
ett,random-reset,na,LLS_k20,0.2817509700584311,0.2817509700584311,0.2817509700584311,0.2817509700584311,-0.0439575911379306
ett,pretrained,na,LLS_k50,0.2173476678617805,0.2173476678617805,0.2173476678617805,0.2173476678617805,-0.040542764643387
ett,random-reset,na,LLS_k50,0.2578904325051675,0.2578904325051675,0.2578904325051675,0.2578904325051675,-0.040542764643387
ett,pretrained,na,LTC_dir,-0.3356397151947021,-0.3356397151947021,-0.3356397151947021,-0.3356397151947021,0.0920104086399078
ett,random-reset,na,LTC_dir,-0.42765012383461,-0.42765012383461,-0.42765012383461,-0.42765012383461,0.0920104086399078
ett,pretrained,na,LTC_step,5.017080307006836,5.017080307006836,5.017080307006836,5.017080307006836,1.3192920684814449
ett,random-reset,na,LTC_step,3.697788238525391,3.697788238525391,3.697788238525391,3.697788238525391,1.3192920684814449
ett,pretrained,na,MCS_k10,0.9611650485436892,0.9611650485436892,0.9611650485436892,0.9611650485436892,0.0097087378640776
ett,random-reset,na,MCS_k10,0.9514563106796116,0.9514563106796116,0.9514563106796116,0.9514563106796116,0.0097087378640776
ett,pretrained,na,MCS_k20,0.9902912621359224,0.9902912621359224,0.9902912621359224,0.9902912621359224,0.0194174757281554
ett,random-reset,na,MCS_k20,0.970873786407767,0.970873786407767,0.970873786407767,0.970873786407767,0.0194174757281554
ett,pretrained,na,MCS_k50,1.0,1.0,1.0,1.0,0.0097087378640775
ett,random-reset,na,MCS_k50,0.9902912621359224,0.9902912621359224,0.9902912621359224,0.9902912621359224,0.0097087378640775
ett,pretrained,na,PDS_pearson_mae_h192_score,-0.0708850684286824,-0.0822186345576211,-0.0787398781655938,-0.083115931510478,-0.0509688602865196
ett,random-reset,na,PDS_pearson_mae_h192_score,-0.0244133607096439,-0.0312497742711015,-0.0322808246989168,-0.041179339116005,-0.0509688602865196
ett,pretrained,na,PDS_pearson_mae_h336_score,-0.0499410483008809,-0.0573630823918301,-0.0550029277037583,-0.0577046524185638,-0.0915644981170899
ett,random-reset,na,PDS_pearson_mae_h336_score,0.0353684513234209,0.0342014157252598,0.0339445657623861,0.0322638302384774,-0.0915644981170899
ett,pretrained,na,PDS_pearson_mae_h720_score,-0.0294362485675264,-0.0361566690948026,-0.0362434877650133,-0.0431375456327109,-0.0398085608781521
ett,random-reset,na,PDS_pearson_mae_h720_score,0.0041101960811301,0.0036518917833495,0.0032265425132449,0.0019175396752549,-0.0398085608781521
ett,pretrained,na,PDS_pearson_mae_h96_score,-0.103404898044056,-0.1103472539303696,-0.1116578371958717,-0.1212213596131896,-0.1161963148876407
ett,random-reset,na,PDS_pearson_mae_h96_score,0.0074184356143292,0.0058490609572712,0.0038892979038823,-0.0015996028599533,-0.1161963148876407
ett,pretrained,na,PDS_pearson_mae_havg_score,-0.0362266690206578,-0.043499533610121,-0.0436627948501915,-0.0512621819197958,-0.2190413385330509
ett,random-reset,na,PDS_pearson_mae_havg_score,0.1794590720425968,0.1755418049229299,0.1728523525142519,0.1635561805772289,-0.2190413385330509
ett,pretrained,na,PDS_pearson_mse_h192_score,-0.0423018637724972,-0.050896530569666,-0.0489363650783701,-0.0536107008929472,-0.0156680070016594
ett,random-reset,na,PDS_pearson_mse_h192_score,-0.0300251849815252,-0.0352285235680065,-0.0362683582732406,-0.0435513662701902,-0.0156680070016594
ett,pretrained,na,PDS_pearson_mse_h336_score,-0.0685664475906961,-0.0759236598563308,-0.0743041858990041,-0.0784224502499853,-0.0945486083451381
ett,random-reset,na,PDS_pearson_mse_h336_score,0.0199034968551419,0.0186249484888073,0.0189675706718311,0.0183742666715442,-0.0945486083451381
ett,pretrained,na,PDS_pearson_mse_h720_score,-0.0380114510205551,-0.0431082341556956,-0.0429199864745095,-0.0476402742472777,-0.0505227850648542
ett,random-reset,na,PDS_pearson_mse_h720_score,0.0079013401139977,0.0074145509091587,0.006927687042622,0.0054671701047095,-0.0505227850648542
ett,pretrained,na,PDS_pearson_mse_h96_score,-0.0902492544145858,-0.0965072890662968,-0.0980371223206261,-0.1073548234809957,-0.1109388491935564
ett,random-reset,na,PDS_pearson_mse_h96_score,0.0165925502495433,0.0144315601272596,0.014655004479962,0.0129409030630832,-0.1109388491935564
ett,pretrained,na,PDS_pearson_mse_havg_score,-0.0464174995155176,-0.0521442560050288,-0.0529216393878387,-0.0602031626429698,-0.2148481770991626
ett,random-reset,na,PDS_pearson_mse_havg_score,0.1653049515329355,0.1627039210941338,0.1605830491997232,0.1537402749721002,-0.2148481770991626
ett,pretrained,na,PDS_spearman_mae_h192_score,-0.0893525015449582,-0.0991213228562273,-0.097641959731902,-0.1044520547945205,-0.0943707549410055
ett,random-reset,na,PDS_spearman_mae_h192_score,0.0031026124100204,-0.0047505679152218,-0.0065662515306531,-0.0180507990867579,-0.0943707549410055
ett,pretrained,na,PDS_spearman_mae_h336_score,-0.0634145473558325,-0.0704343621611105,-0.0705981861522146,-0.0779456489397008,-0.1032749181744314
ett,random-reset,na,PDS_spearman_mae_h336_score,0.0396104773921104,0.0328405560133209,0.0332825559427488,0.027396634422815,-0.1032749181744314
ett,pretrained,na,PDS_spearman_mae_h720_score,-0.0284786416669527,-0.0412972356690813,-0.0408042437715292,-0.0526368539785536,-0.0473645050125312
ett,random-reset,na,PDS_spearman_mae_h720_score,0.0084566796557604,0.0060672693434499,0.0040680921291051,-0.002319672611895,-0.0473645050125312
ett,pretrained,na,PDS_spearman_mae_h96_score,-0.0521663927226742,-0.053148621410833,-0.0544417491121258,-0.0580102332028701,-0.1045265310822718
ett,random-reset,na,PDS_spearman_mae_h96_score,0.0522308553919044,0.0513779096714388,0.0469695631296658,0.0372999243256543,-0.1045265310822718
ett,pretrained,na,PDS_spearman_mae_havg_score,-0.0226536661287923,-0.038705138989025,-0.0405029411428113,-0.0601500183106167,-0.3106328177750311
ett,random-reset,na,PDS_spearman_mae_havg_score,0.2731991401162724,0.2719276787860061,0.2678974059482801,0.2585653989425618,-0.3106328177750311
ett,pretrained,na,PDS_spearman_mse_h192_score,-0.0893525015449582,-0.0991213228562273,-0.097641959731902,-0.1044520547945205,-0.0943707549410055
ett,random-reset,na,PDS_spearman_mse_h192_score,0.0031026124100204,-0.0047505679152218,-0.0065662515306531,-0.0180507990867579,-0.0943707549410055
ett,pretrained,na,PDS_spearman_mse_h336_score,-0.0634145473558325,-0.0704343621611105,-0.0705981861522146,-0.0779456489397008,-0.1032749181744314
ett,random-reset,na,PDS_spearman_mse_h336_score,0.0396104773921104,0.0328405560133209,0.0332825559427488,0.027396634422815,-0.1032749181744314
ett,pretrained,na,PDS_spearman_mse_h720_score,-0.0284786416669527,-0.0412972356690813,-0.0408042437715292,-0.0526368539785536,-0.0473645050125312
ett,random-reset,na,PDS_spearman_mse_h720_score,0.0084566796557604,0.0060672693434499,0.0040680921291051,-0.002319672611895,-0.0473645050125312
ett,pretrained,na,PDS_spearman_mse_h96_score,-0.0521663927226742,-0.053148621410833,-0.0544417491121258,-0.0580102332028701,-0.1045265310822718
ett,random-reset,na,PDS_spearman_mse_h96_score,0.0522308553919044,0.0513779096714388,0.0469695631296658,0.0372999243256543,-0.1045265310822718
ett,pretrained,na,PDS_spearman_mse_havg_score,-0.0172423782057884,-0.0327889679964752,-0.0339602931415296,-0.0518495332223252,-0.3296884655989288
ett,random-reset,na,PDS_spearman_mse_havg_score,0.2989589949474142,0.2968994976024536,0.2934912016056122,0.2846151122669688,-0.3296884655989288
ett,pretrained,na,TCS_avg,0.9992815852165222,0.9992815852165222,0.9992815852165222,0.9992815852165222,-0.0006279746691385
ett,random-reset,na,TCS_avg,0.9999095598856608,0.9999095598856608,0.9999095598856608,0.9999095598856608,-0.0006279746691385
ett,pretrained,na,TCS_resample,0.9978447556495668,0.9978447556495668,0.9978447556495668,0.9978447556495668,-0.0018839240074156
ett,random-reset,na,TCS_resample,0.9997286796569824,0.9997286796569824,0.9997286796569824,0.9997286796569824,-0.0018839240074156
ett,pretrained,na,TCS_scale,1.0,1.0,1.0,1.0,0.0
ett,random-reset,na,TCS_scale,1.0,1.0,1.0,1.0,0.0
ett,pretrained,na,TCS_shift,1.0,1.0,1.0,1.0,0.0
ett,random-reset,na,TCS_shift,1.0,1.0,1.0,1.0,0.0
traffic,pretrained,na,CSS_seasonality_bal_acc,0.8259803921568627,0.8259803921568627,0.8259803921568627,0.8259803921568627,0.1161387631975867
traffic,random-reset,na,CSS_seasonality_bal_acc,0.7098416289592759,0.7098416289592759,0.7098416289592759,0.7098416289592759,0.1161387631975867
traffic,pretrained,na,CSS_seasonality_margin,0.7309821288055631,0.7309821288055631,0.7309821288055631,0.7309821288055631,0.1081715322468424
traffic,random-reset,na,CSS_seasonality_margin,0.6228105965587207,0.6228105965587207,0.6228105965587207,0.6228105965587207,0.1081715322468424
traffic,pretrained,na,CSS_seasonality_pvalue,0.0163934426229508,0.0163934426229508,0.0163934426229508,0.0163934426229508,0.0
traffic,random-reset,na,CSS_seasonality_pvalue,0.0163934426229508,0.0163934426229508,0.0163934426229508,0.0163934426229508,0.0
traffic,pretrained,na,CSS_trend_bal_acc,0.650075414781297,0.650075414781297,0.650075414781297,0.650075414781297,0.1642156862745097
traffic,random-reset,na,CSS_trend_bal_acc,0.4858597285067873,0.4858597285067873,0.4858597285067873,0.4858597285067873,0.1642156862745097
traffic,pretrained,na,CSS_trend_margin,0.6577367450639379,0.6577367450639379,0.6577367450639379,0.6577367450639379,0.0483941922261176
traffic,random-reset,na,CSS_trend_margin,0.6093425528378202,0.6093425528378202,0.6093425528378202,0.6093425528378202,0.0483941922261176
traffic,pretrained,na,CSS_trend_pvalue,0.0163934426229508,0.0163934426229508,0.0163934426229508,0.0163934426229508,-0.540983606557377
traffic,random-reset,na,CSS_trend_pvalue,0.5573770491803278,0.5573770491803278,0.5573770491803278,0.5573770491803278,-0.540983606557377
traffic,pretrained,na,CSS_volatility_bal_acc,0.6704374057315234,0.6704374057315234,0.6704374057315234,0.6704374057315234,0.0490196078431373
traffic,random-reset,na,CSS_volatility_bal_acc,0.6214177978883861,0.6214177978883861,0.6214177978883861,0.6214177978883861,0.0490196078431373
traffic,pretrained,na,CSS_volatility_margin,0.7640591402300698,0.7640591402300698,0.7640591402300698,0.7640591402300698,0.1152265596106308
traffic,random-reset,na,CSS_volatility_margin,0.6488325806194389,0.6488325806194389,0.6488325806194389,0.6488325806194389,0.1152265596106308
traffic,pretrained,na,CSS_volatility_pvalue,0.0163934426229508,0.0163934426229508,0.0163934426229508,0.0163934426229508,0.0
traffic,random-reset,na,CSS_volatility_pvalue,0.0163934426229508,0.0163934426229508,0.0163934426229508,0.0163934426229508,0.0
traffic,pretrained,na,FSS_pearson_h192_score,-0.0870548930100162,-0.0870548930100162,-0.0870548930100162,-0.0870548930100162,-0.0344776377187853
traffic,random-reset,na,FSS_pearson_h192_score,-0.0525772552912309,-0.0525772552912309,-0.0525772552912309,-0.0525772552912309,-0.0344776377187853
traffic,pretrained,na,FSS_pearson_h336_score,-0.0546447099594331,-0.0546447099594331,-0.0546447099594331,-0.0546447099594331,0.1406239246450836
traffic,random-reset,na,FSS_pearson_h336_score,-0.1952686346045167,-0.1952686346045167,-0.1952686346045167,-0.1952686346045167,0.1406239246450836
traffic,pretrained,na,FSS_pearson_h720_score,-0.1145775461938219,-0.1145775461938219,-0.1145775461938219,-0.1145775461938219,0.158179680883865
traffic,random-reset,na,FSS_pearson_h720_score,-0.2727572270776869,-0.2727572270776869,-0.2727572270776869,-0.2727572270776869,0.158179680883865
traffic,pretrained,na,FSS_pearson_h96_score,-0.108876656104759,-0.108876656104759,-0.108876656104759,-0.108876656104759,0.0608871905206035
traffic,random-reset,na,FSS_pearson_h96_score,-0.1697638466253625,-0.1697638466253625,-0.1697638466253625,-0.1697638466253625,0.0608871905206035
traffic,pretrained,na,FSS_pearson_havg_score,-0.0169612210639554,-0.0169612210639554,-0.0169612210639554,-0.0169612210639554,0.0893694977548865
traffic,random-reset,na,FSS_pearson_havg_score,-0.1063307188188419,-0.1063307188188419,-0.1063307188188419,-0.1063307188188419,0.0893694977548865
traffic,pretrained,na,FSS_spearman_h192_score,-0.1026642910544316,-0.1026642910544316,-0.1026642910544316,-0.1026642910544316,-0.0251212797350851
traffic,random-reset,na,FSS_spearman_h192_score,-0.0775430113193465,-0.0775430113193465,-0.0775430113193465,-0.0775430113193465,-0.0251212797350851
traffic,pretrained,na,FSS_spearman_h336_score,-0.0731298631215666,-0.0731298631215666,-0.0731298631215666,-0.0731298631215666,0.1587613116564242
traffic,random-reset,na,FSS_spearman_h336_score,-0.2318911747779908,-0.2318911747779908,-0.2318911747779908,-0.2318911747779908,0.1587613116564242
traffic,pretrained,na,FSS_spearman_h720_score,-0.1293808323613848,-0.1293808323613848,-0.1293808323613848,-0.1293808323613848,0.1642887218472077
traffic,random-reset,na,FSS_spearman_h720_score,-0.2936695542085926,-0.2936695542085926,-0.2936695542085926,-0.2936695542085926,0.1642887218472077
traffic,pretrained,na,FSS_spearman_h96_score,-0.1297406872577959,-0.1297406872577959,-0.1297406872577959,-0.1297406872577959,0.1194372320752045
traffic,random-reset,na,FSS_spearman_h96_score,-0.2491779193330004,-0.2491779193330004,-0.2491779193330004,-0.2491779193330004,0.1194372320752045
traffic,pretrained,na,FSS_spearman_havg_score,-0.0452040574185488,-0.0452040574185488,-0.0452040574185488,-0.0452040574185488,0.0775372405872897
traffic,random-reset,na,FSS_spearman_havg_score,-0.1227412980058385,-0.1227412980058385,-0.1227412980058385,-0.1227412980058385,0.0775372405872897
traffic,pretrained,na,LLS_avgk,0.303181921587549,0.303181921587549,0.303181921587549,0.303181921587549,-0.0489335559122526
traffic,random-reset,na,LLS_avgk,0.3521154774998016,0.3521154774998016,0.3521154774998016,0.3521154774998016,-0.0489335559122526
traffic,pretrained,na,LLS_k10,0.3641347865038409,0.3641347865038409,0.3641347865038409,0.3641347865038409,-0.0353376305387092
traffic,random-reset,na,LLS_k10,0.3994724170425501,0.3994724170425501,0.3994724170425501,0.3994724170425501,-0.0353376305387092
traffic,pretrained,na,LLS_k20,0.2965857229433272,0.2965857229433272,0.2965857229433272,0.2965857229433272,-0.0439972446880423
traffic,random-reset,na,LLS_k20,0.3405829676313695,0.3405829676313695,0.3405829676313695,0.3405829676313695,-0.0439972446880423
traffic,pretrained,na,LLS_k50,0.248825255315479,0.248825255315479,0.248825255315479,0.248825255315479,-0.0674657925100064
traffic,random-reset,na,LLS_k50,0.3162910478254854,0.3162910478254854,0.3162910478254854,0.3162910478254854,-0.0674657925100064
traffic,pretrained,na,LTC_dir,-0.4934458434581756,-0.4934458434581756,-0.4934458434581756,-0.4934458434581756,-0.0520313680171966
traffic,random-reset,na,LTC_dir,-0.441414475440979,-0.441414475440979,-0.441414475440979,-0.441414475440979,-0.0520313680171966
traffic,pretrained,na,LTC_step,3.765381336212158,3.765381336212158,3.765381336212158,3.765381336212158,1.2134506702423096
traffic,random-reset,na,LTC_step,2.5519306659698486,2.5519306659698486,2.5519306659698486,2.5519306659698486,1.2134506702423096
traffic,pretrained,na,MCS_k10,0.9805825242718448,0.9805825242718448,0.9805825242718448,0.9805825242718448,0.0
traffic,random-reset,na,MCS_k10,0.9805825242718448,0.9805825242718448,0.9805825242718448,0.9805825242718448,0.0
traffic,pretrained,na,MCS_k20,0.9902912621359224,0.9902912621359224,0.9902912621359224,0.9902912621359224,0.0097087378640776
traffic,random-reset,na,MCS_k20,0.9805825242718448,0.9805825242718448,0.9805825242718448,0.9805825242718448,0.0097087378640776
traffic,pretrained,na,MCS_k50,0.9902912621359224,0.9902912621359224,0.9902912621359224,0.9902912621359224,0.0
traffic,random-reset,na,MCS_k50,0.9902912621359224,0.9902912621359224,0.9902912621359224,0.9902912621359224,0.0
traffic,pretrained,na,PDS_pearson_mae_h192_score,-0.149726956806261,-0.1512642965038835,-0.1513223020003801,-0.1529756526909958,-0.0018751910214716
traffic,random-reset,na,PDS_pearson_mae_h192_score,-0.1411100956336535,-0.1493891054824119,-0.1469607239875142,-0.1503829708464773,-0.0018751910214716
traffic,pretrained,na,PDS_pearson_mae_h336_score,-0.2154358354883762,-0.2257752873116046,-0.225010164291656,-0.2338193700749872,-0.2218164103501688
traffic,random-reset,na,PDS_pearson_mae_h336_score,-0.0036538654655487,-0.0039588769614357,-0.006310401361892,-0.0113184616586916,-0.2218164103501688
traffic,pretrained,na,PDS_pearson_mae_h720_score,-0.2448040028762968,-0.2503336018515085,-0.2488584915296946,-0.2514378698612783,-0.2342487377511551
traffic,random-reset,na,PDS_pearson_mae_h720_score,-0.0133451433772007,-0.0160848641003533,-0.0195069393970606,-0.0290908107136279,-0.2342487377511551
traffic,pretrained,na,PDS_pearson_mae_h96_score,-0.2025440393896531,-0.2077879412808938,-0.2074564449341654,-0.2120373541319494,-0.178497424896346
traffic,random-reset,na,PDS_pearson_mae_h96_score,-0.026887046633695,-0.0292905163845478,-0.0296503345397492,-0.0327734406010048,-0.178497424896346
traffic,pretrained,na,PDS_pearson_mae_havg_score,-0.1691146038955119,-0.2052834798518833,-0.2021691152395879,-0.2321092619713683,-0.1390532185811834
traffic,random-reset,na,PDS_pearson_mae_havg_score,-0.0602205230495035,-0.0662302612706999,-0.065190775257874,-0.0691215414534187,-0.1390532185811834
traffic,pretrained,na,PDS_pearson_mse_h192_score,-0.0581229840322138,-0.0617260729501041,-0.0610358854282583,-0.063258599302457,0.0290995145480291
traffic,random-reset,na,PDS_pearson_mse_h192_score,-0.0832322119524236,-0.0908255874981332,-0.0898551587396331,-0.0955076767683427,0.0290995145480291
traffic,pretrained,na,PDS_pearson_mse_h336_score,-0.1210977640671697,-0.1303102006719833,-0.129389869114548,-0.136761642604491,-0.0857745124368719
traffic,random-reset,na,PDS_pearson_mse_h336_score,-0.0427259911603007,-0.0445356882351114,-0.045307822071688,-0.0486617868196519,-0.0857745124368719
traffic,pretrained,na,PDS_pearson_mse_h720_score,-0.1615270855830021,-0.171645739066273,-0.1706283055829482,-0.1787120920995695,-0.0791199312422718
traffic,random-reset,na,PDS_pearson_mse_h720_score,-0.0910020641717666,-0.0925258078240012,-0.0938292581345693,-0.09795990240794,-0.0791199312422718
traffic,pretrained,na,PDS_pearson_mse_h96_score,-0.1302958615228327,-0.1371671883809729,-0.1361325997098513,-0.1409347492257482,-0.0678127239592882
traffic,random-reset,na,PDS_pearson_mse_h96_score,-0.0691878452267614,-0.0693544644216846,-0.0698581043943769,-0.0710320035346845,-0.0678127239592882
traffic,pretrained,na,PDS_pearson_mse_havg_score,-0.0705481960140905,-0.0869379689370749,-0.0862599436565088,-0.101293666018361,-0.0077002962408773
traffic,random-reset,na,PDS_pearson_mse_havg_score,-0.074299189638377,-0.0792376726961976,-0.0787269558976043,-0.0826440053582382,-0.0077002962408773
traffic,pretrained,na,PDS_spearman_mae_h192_score,-0.1665639376695162,-0.1728270090179787,-0.1736911902568445,-0.1816826240830386,0.0160586254448907
traffic,random-reset,na,PDS_spearman_mae_h192_score,-0.1856215524541948,-0.1888856344628695,-0.1899748836989734,-0.195417464179856,0.0160586254448907
traffic,pretrained,na,PDS_spearman_mae_h336_score,-0.2033959935512297,-0.2117800744727114,-0.2106859972419633,-0.2168819237019489,-0.2761789068847918
traffic,random-reset,na,PDS_spearman_mae_h336_score,0.0694675115299664,0.0643988324120804,0.0626450186539407,0.0540687120197754,-0.2761789068847918
traffic,pretrained,na,PDS_spearman_mae_h720_score,-0.1669567933818564,-0.1791665236149735,-0.1758851859958114,-0.1815322409906043,-0.3146215460168686
traffic,random-reset,na,PDS_spearman_mae_h720_score,0.1466760866206612,0.1354550224018951,0.1314402468309281,0.112189631470228,-0.3146215460168686
traffic,pretrained,na,PDS_spearman_mae_h96_score,-0.234767766305032,-0.2393647324647234,-0.2382865101299672,-0.2407270316201462,-0.2139291579405134
traffic,random-reset,na,PDS_spearman_mae_h96_score,-0.0181579984493196,-0.02543557452421,-0.0236819395806868,-0.0274522457685309,-0.2139291579405134
traffic,pretrained,na,PDS_spearman_mae_havg_score,-0.1968932212094162,-0.2501569992332429,-0.2423199420259171,-0.2799096056350923,-0.173258041650931
traffic,random-reset,na,PDS_spearman_mae_havg_score,-0.0446510826152138,-0.0768989575823119,-0.0730614469011188,-0.0976343005058307,-0.173258041650931
traffic,pretrained,na,PDS_spearman_mse_h192_score,-0.1665639376695162,-0.1728270090179787,-0.1736911902568445,-0.1816826240830386,0.0160586254448907
traffic,random-reset,na,PDS_spearman_mse_h192_score,-0.1856215524541948,-0.1888856344628695,-0.1899748836989734,-0.195417464179856,0.0160586254448907
traffic,pretrained,na,PDS_spearman_mse_h336_score,-0.2033959935512297,-0.2117800744727114,-0.2106859972419633,-0.2168819237019489,-0.2761789068847918
traffic,random-reset,na,PDS_spearman_mse_h336_score,0.0694675115299664,0.0643988324120804,0.0626450186539407,0.0540687120197754,-0.2761789068847918
traffic,pretrained,na,PDS_spearman_mse_h720_score,-0.1669567933818564,-0.1791665236149735,-0.1758851859958114,-0.1815322409906043,-0.3146215460168686
traffic,random-reset,na,PDS_spearman_mse_h720_score,0.1466760866206612,0.1354550224018951,0.1314402468309281,0.112189631470228,-0.3146215460168686
traffic,pretrained,na,PDS_spearman_mse_h96_score,-0.234767766305032,-0.2393647324647234,-0.2382865101299672,-0.2407270316201462,-0.2139291579405134
traffic,random-reset,na,PDS_spearman_mse_h96_score,-0.0181579984493196,-0.02543557452421,-0.0236819395806868,-0.0274522457685309,-0.2139291579405134
traffic,pretrained,na,PDS_spearman_mse_havg_score,-0.1502008803401197,-0.2016325238038017,-0.1925911799571226,-0.2259401357274464,-0.1118785834449136
traffic,random-reset,na,PDS_spearman_mse_havg_score,-0.0572391845767386,-0.089753940358888,-0.0860637133167774,-0.1111980150147057,-0.1118785834449136
traffic,pretrained,na,TCS_avg,0.9990969896316528,0.9990969896316528,0.9990969896316528,0.9990969896316528,-0.0007877151171366
traffic,random-reset,na,TCS_avg,0.9998847047487894,0.9998847047487894,0.9998847047487894,0.9998847047487894,-0.0007877151171366
traffic,pretrained,na,TCS_resample,0.9972909688949584,0.9972909688949584,0.9972909688949584,0.9972909688949584,-0.00236314535141
traffic,random-reset,na,TCS_resample,0.9996541142463684,0.9996541142463684,0.9996541142463684,0.9996541142463684,-0.00236314535141
traffic,pretrained,na,TCS_scale,1.0,1.0,1.0,1.0,0.0
traffic,random-reset,na,TCS_scale,1.0,1.0,1.0,1.0,0.0
traffic,pretrained,na,TCS_shift,1.0,1.0,1.0,1.0,0.0
traffic,random-reset,na,TCS_shift,1.0,1.0,1.0,1.0,0.0
